tier,quality_score,ts_code,name,source_batch,tags,market_cap_hkd,turnover_hkd,pb,pe_ttm,cash_to_liab,net_cash_to_mv,shareholder_return_yield,div_paid_years,latest_payout,profit_trend,revenue_trend,cfo_profit_avg4,oneoff_latest,screen_score,hard_flags
A,120.44946419730454,03888.HK,金山软件,原始初筛,,30814463573.388504,5886227.2,1.0101045296167248,9.790243902439023,3.918748699596656,0.6541853293012977,0.035755417172068,4,0.3524801585321804,同比增长,稳定,2.722628831551564,0.13448094879833644,99.72623180524292,无明显硬伤
A,116.45950095017311,01681.HK,康臣药业,补充宽筛,医药,10808047248.317646,615940.0,2.1702352941176466,9.054423529411764,2.482895112625807,0.2157039052880612,0.0619992663433539,4,0.465714097546813,同比增长,同比增长,1.1873865012088667,0.048836482333658296,109.7449655071734,无明显硬伤
A,114.80887785386696,09985.HK,卫龙美味,补充宽筛,消费,17407002338.203854,151424.0,2.149972451790634,11.03586776859504,1.5356655591105213,0.1243916073503225,0.0649074423067253,3,0.7927594926761362,同比增长,同比增长,2.884258387499087,-0.015411127108820913,105.49277376326891,无明显硬伤
A,114.78719764922194,02610.HK,南山铝业国际,原始初筛,,15821097599.999998,154688.84,1.0342535787321063,4.980061349693251,1.1395360145070548,0.0216735915970836,0.1405102697299585,3,0.7743690442379072,稳定,稳定,1.3805219089101588,0.07959297599576914,110.9492324294529,无明显硬伤
A,113.29218806944355,00189.HK,东岳集团,补充宽筛,,33354699012.159622,16573660.0,2.096713615023474,18.346244131455403,2.949883664189079,0.1983879991718011,0.0079466764159188,4,0.16144296667340718,同比增长,稳定,2.018730335613612,0.18359227487678248,90.40185587937292,无明显硬伤
A,111.44064074732344,01530.HK,三生制药,原始初筛,,44340334677.28187,15819589.64,1.477283792440743,4.722831518257527,3.368729789708917,0.3106025044744714,0.0126255700159798,4,0.06599990285497899,同比增长,同比增长,1.2824717732769957,0.0576239742593989,101.18506889856388,无明显硬伤
A,108.36432344385871,02489.HK,集海黄金,原始初筛,,1608000000.0,78150.0,1.0199999999999998,11.92,1.5781924804645184,0.2489427860696517,0.0495883084577114,4,0.7206521640894015,稳定,同比增长,2.2630486660195377,0.16636691460229378,102.87040886430748,无明显硬伤
A,106.9637600748487,00999.HK,小菜园,补充宽筛,消费,7946005416.000001,37792.0,2.9482888540031396,10.036954474097332,1.0957639279726317,0.0163601700721518,0.0785621160971028,4,0.872971589669581,同比增长,稳定,1.6589683205116028,0.08360462709693298,103.55301273556562,无明显硬伤
A,106.89622045445813,02331.HK,李宁,原始初筛,消费,38927295119.79873,8213305.0,1.277240506329114,11.971746835443035,1.7656279122888974,0.1983841409025166,0.0359616560999637,4,0.4768435111656572,稳定,稳定,1.458763266643909,0.0778109664231508,95.97637839342622,无明显硬伤
A,106.31190943058921,01837.HK,五谷磨房,原始初筛,,3370311560.0000005,111340.0,1.7909629629629629,11.453037037037037,3.133468932107367,0.24213013707255,0.0236963255705653,2,0.30059657112746296,同比增长,同比增长,1.2500281857679016,0.08285751924271223,99.42293547419249,无明显硬伤
A,106.17611930696151,00667.HK,中国东方教育,原始初筛,教育,8274131982.416021,60060.0,1.2144186046511634,9.888837209302324,1.291066426840958,0.143199794554646,0.0535792758614603,4,0.5863341846417958,同比增长,稳定,2.4837409215330575,0.15326594285608477,101.20153745574363,无明显硬伤
A,105.70927201230276,01126.HK,德林国际,补充宽筛,,4298092749.999999,38100.0,1.023875968992248,6.202325581395348,1.3395899300407537,0.0957840147167601,0.0924555380150882,4,0.6349537598282012,稳定,稳定,1.1335252377216,0.1654890143511944,101.4511475666788,无明显硬伤
A,104.83434177615312,01579.HK,颐海国际,补充宽筛,,13788110000.0,26600.0,2.611042944785276,14.585122699386504,2.1639888740001627,0.0839796752419294,0.050445274950664,4,0.8144898379791186,同比增长,稳定,1.3087483965508269,0.15921865558735496,100.7670071367664,无明显硬伤
A,104.009024303761,01513.HK,丽珠医药,原始初筛,医药,21487353538.07757,1376497.0,1.305902192242833,9.753456998313665,1.102746170807276,0.0403497962652113,0.0530087576858432,4,0.562964683277148,稳定,稳定,1.5287101187979273,0.09843049564609588,88.04191401485093,无明显硬伤
A,103.28008766117244,00811.HK,新华文轩,原始初筛,,10611032600.0,103090.0,0.6018058690744921,6.076297968397291,1.1308400411755426,0.0960992841441274,0.0744680020180128,4,0.5037981104592638,稳定,稳定,1.262146996144264,0.260547996139937,89.58898773721488,无明显硬伤
A,101.93043854651543,02097.HK,蜜雪集团,补充宽筛,消费,92854758480.0,566020.0,3.4256019656019654,14.243292383292385,2.874528516563104,0.1216285000884749,0.0,3,,同比增长,同比增长,1.2017085690252078,0.05905273986937342,93.44443743863413,无明显硬伤
A,100.0988007333903,02648.HK,安井食品,原始初筛,消费,22480338463.19592,397290.0,1.234712556732224,13.102239031770049,1.0240950719965616,0.0052124134808663,0.0473686850820044,4,0.7834277346907271,稳定,稳定,1.3985517897405395,0.11603239058350946,86.42576586174452,无明显硬伤
A,99.56738025110197,02057.HK,中通快递-W,补充宽筛,,132422919195.8998,14826155.0,1.883284799068142,12.86243447874199,1.0730438457066231,0.0131762765131221,0.0378196843145492,4,0.4135663841722361,稳定,稳定,1.4568406832636684,0.09261230279635238,82.31866553983323,无明显硬伤
A,98.21618896614818,01789.HK,爱康医疗,补充宽筛,医药,5756050706.0,238740.0,1.809520153550864,15.331209213051824,1.9552113006646823,0.1244339281537941,0.0127922778587141,4,0.217146278023203,同比增长,稳定,1.0467735800820694,0.08872171138386406,92.96159369025816,无明显硬伤
A,96.24842449558636,00696.HK,中国民航信息网络,原始初筛,公用/基建,24550898451.559284,473469.45,0.9244071856287428,9.465125748502995,1.174382454431356,0.0608389073201161,0.0303132748969817,4,0.3178298212562149,稳定,稳定,1.1739070568259886,0.09831887539370444,88.01479681756565,无明显硬伤
B+,114.15183928896619,06601.HK,朝云集团,原始初筛,,2720000340.0,427740.0,0.8160000000000001,10.98753488372093,3.4077474766080145,0.7641260074254256,0.0589705808639715,4,0.7170798220712162,稳定,稳定,1.0491760055078323,0.4979413013836422,117.52909104187827,一次性偏高
B+,112.45175029116659,00934.HK,中石化冠德,原始初筛,公用/基建,8950175999.999998,101420.0,0.5439560439560439,8.703296703296703,10.69493497979941,0.3387899487406729,0.0627236111111111,4,0.6044574286100514,稳定,稳定,0.28767528990071956,0.07327711544053504,108.05705870142717,现金流覆盖弱
B+,108.95418779145342,02219.HK,朝聚眼科,补充宽筛,,1699485005.0,12050.0,0.6413709677419356,8.366975806451613,2.4231736020657664,0.513045421074486,0.0473437539979942,4,0.4141895390989125,稳定,稳定,1.6876206305921655,0.4024312464226335,108.2302074639696,一次性偏高
B+,108.81983701880014,02367.HK,巨子生物,补充宽筛,,29218094080.0,7087908.0,2.6856867469879515,13.782104417670682,9.044459257045046,0.2523726900122295,0.0494563743974364,2,0.6678765178845604,稳定,稳定,0.9960492787662719,0.11567204711003971,105.7448905281702,回购多于现金分红
B+,104.055148133423,02517.HK,锅圈,原始初筛,,4751502656.0,111236.0,1.4399999999999995,9.91,0.844696358949354,-0.0673012356619842,0.1229038563753251,3,0.9241671017311717,同比增长,同比增长,1.9334005390729858,0.21651889874008398,103.1004488316771,非严格净现金
B+,101.45397096830531,09898.HK,微博-SW,原始初筛,,13991052975.600174,221613.0,0.4604042179261862,4.764182776801407,0.7799526725543297,-0.3408852104782636,0.0982872804211514,3,0.43571333125473255,同比增长,稳定,2.9603932285110752,,95.32650715695212,非严格净现金
B+,99.82870333620636,02111.HK,超盈国际控股,补充宽筛,,2505937280.0000005,48120.0,0.6655230125523014,4.547740585774059,0.7476986087494315,-0.2523175421373673,0.1064748583731512,4,0.5357843724041367,稳定,稳定,2.181764596292732,0.13882631611403115,100.3087818505751,非严格净现金
B+,99.56587879127466,03983.HK,中海石油化学,补充宽筛,,9358300000.0,28420.0,0.4467942583732057,8.673636363636364,2.875374645888279,0.9759194511823728,0.0706739471912633,4,0.678735808530224,高点回落,稳定,1.1971525708524058,0.30527758992078535,117.27775352311518,利润趋势弱
B+,97.90368556364157,00799.HK,IGG,原始初筛,,3756143165.0,64950.0,1.09,6.47,2.0846932423906095,0.3071516275658252,0.0858754903342455,2,0.39606851417674294,稳定,稳定,1.265392200994242,0.15417756975536312,104.23636498463937,回购多于现金分红
B+,96.11778229491713,06049.HK,保利物业,原始初筛,地产链,14563735087.999998,105212.0,1.2487591240875908,8.491562043795621,1.438871693603975,0.2264605872100439,0.0506344694918004,4,0.47592823259866407,稳定,稳定,1.4542043252251093,0.06088289393010423,95.74889443404676,地产链折价
B+,94.67025984692397,06618.HK,京东健康,补充宽筛,,108213231240.76028,9673499.97,1.6277280858676209,18.186344663088853,2.1834201776930473,0.2352704998093644,0.0,0,,同比增长,同比增长,5.1547867521210815,0.1431730260324571,101.18773255902468,无明显硬伤
B+,93.82360605548396,03880.HK,泰德医药,补充宽筛,医药,3315284000.0,23480.0,1.885153374233129,13.78006134969325,4.718097412146887,0.255472532669901,0.0,0,,同比增长,同比增长,1.8925375845428851,0.2571134143929043,94.84502126955218,无明显硬伤
B+,93.39072955655763,08480.HK,飞霓控股,补充宽筛,,152348064.0,16540.0,0.3795,2.92875,1.0741189130363993,0.0689029928204404,0.0574096872015387,1,0.1860516524142704,同比增长,同比增长,1.9503853847048465,0.2284198503329519,90.29256554854592,回购多于现金分红
B+,93.11155585756697,02273.HK,固生堂,补充宽筛,,5900268918.279571,70880.0,2.516774193548388,15.110752688172044,0.6530619694364419,-0.1063170185441159,0.1009509919377842,3,0.46408515584029025,稳定,稳定,1.597652862322127,0.10161438918260031,97.99752536834198,非严格净现金
B+,93.01557588983472,03918.HK,金界控股,原始初筛,,15613155264.401133,573380.0,0.8376271186440678,6.471666666666667,1.0127783097917162,0.0021145164472471,0.020095784477042,1,0.14403998618940522,同比增长,同比增长,2.13408673770298,0.024039469905487776,82.03408027860958,无明显硬伤
B+,92.95790793768647,00280.HK,景福集团,原始初筛,,500119655.8947369,53900.0,0.6021052631578948,5.500000000000001,1.834083366147269,0.3789512191056325,7.302092523171377e-06,3,0.00010070746997658552,稳定,稳定,1.14941223570969,-0.31103502102268443,80.03832550064776,无明显硬伤
B+,92.10248369141205,02142.HK,和铂医药-B,补充宽筛,医药,9196641853.403845,317910.0,3.2207692307692306,12.94423076923077,3.027218650483687,0.2062880664313167,0.0194424928196829,1,0.003908773389683904,同比增长,同比增长,2.955671823178859,0.19262479060142557,74.946031407618,无明显硬伤
B+,91.29975968094743,01882.HK,海天国际,原始初筛,,29238719999.999996,16658580.0,1.1455917312661494,8.000206718346252,1.1371862345653776,0.0594470961793129,0.0368183012115441,4,0.32610582353898065,稳定,稳定,0.8325892514767259,0.2190054517579852,80.94781408670555,无明显硬伤
B+,91.22020576910005,02050.HK,三花智控,补充宽筛,,110418285654.59969,17044510.0,2.98544901065449,24.16316590563166,1.028673720824469,0.0045096244438862,0.0115564101764049,4,0.2369866095382304,同比增长,稳定,1.161205294635213,0.05494288304980787,74.3433811827524,无明显硬伤
B+,91.08615869720391,00564.HK,中创智领,原始初筛,,21692609149.59047,558108.0,0.7689873417721519,4.713440059568131,0.5121120612815602,-0.5945241250231753,0.12028276460461,4,0.4665962251882471,稳定,稳定,1.0229617566572615,0.1679597322449738,82.258285566125,非严格净现金
B+,90.80506085522237,02232.HK,晶苑国际,原始初筛,,16204028960.000002,106050.0,1.2982857142857147,9.270571428571431,0.6668794764182374,-0.0828376693792331,0.0649624964876636,4,0.6666266057741099,稳定,稳定,1.412039873798208,0.09607937398178565,80.39989655081374,非严格净现金
B+,90.77341262103549,01712.HK,龙资源,补充宽筛,,815778520.118343,21410.0,0.8566074950690334,2.612228796844181,1.7601585414189456,0.2756055312260293,0.0,0,,同比增长,同比增长,2.047361447295552,0.002905046480743692,93.81332577769402,无明显硬伤
B+,90.17614442001606,00220.HK,统一企业中国,补充宽筛,,29587437900.0,118990.0,1.9614537444933915,13.03612334801762,0.5272248828612638,-0.1739775176680641,0.0625618550094193,4,0.90284572395151,稳定,稳定,1.7422402106766564,0.15854043977419163,80.15219217396385,非严格净现金
B+,89.39551279000986,01260.HK,皓天财经集团,补充宽筛,,506639760.0,10560.0,0.3232653061224489,7.300408163265307,9.021371255420972,1.8031868109995948,0.0,0,,同比增长,同比增长,1.098107921564434,0.6629802920742945,107.7918782124036,一次性占比高
B+,89.25866153590977,01698.HK,腾讯音乐-SW,补充宽筛,,103751784639.99998,69420.0,1.2294138543516877,10.420746003552397,1.2487674609695971,0.0466883535238242,0.0233730919271828,4,0.1840629522431259,同比增长,同比增长,1.4994218002103856,0.33339363241678727,81.63907101679344,无明显硬伤
B+,89.20314993042174,09901.HK,新东方-S,补充宽筛,教育,58123015185.75864,6078759.8,1.82205069124424,17.553127880184334,1.2550789094326489,0.1162518654960554,0.0,0,,稳定,稳定,3.0566694605698856,,86.87020797084764,无明显硬伤
B+,89.12265233622678,02218.HK,安德利果汁,补充宽筛,,5895076320.0,1963905.0,1.827567567567567,16.614250614250615,2.61418862180218,0.0428479078672894,0.0140379259754859,4,0.2505096960917749,同比增长,同比增长,0.5479590451809488,0.035784994694542716,86.24559563744296,现金流覆盖弱
B+,88.27620877592472,02698.HK,乐舒适,补充宽筛,,16115300827.999998,30992.0,3.247353154459754,17.09331399564902,3.550695064405051,0.1395702149160029,0.0152654922564378,4,0.28886706337743373,稳定,同比下滑,2.2585460004729616,0.021722803165983018,88.17396223828985,无明显硬伤
B+,88.20697064097317,01361.HK,361度,原始初筛,,8952526659.999998,53750.0,0.7615602836879432,6.180354609929078,1.0602788892189616,0.0259974651670012,0.065284139572727,4,0.4465315490142748,稳定,稳定,0.4040977539995348,0.22448742592926493,85.48156358024839,现金流覆盖弱
B+,88.15344071522335,02302.HK,中核国际,补充宽筛,,1966456597.7368424,61150.0,2.2600478468899525,10.22311004784689,7.071710911004561,0.3577078172839152,0.0,0,,稳定,同比增长,0.7486872990455729,0.04138683854870568,99.98334695483292,无明显硬伤
B+,87.99960974109631,00179.HK,德昌电机控股,原始初筛,,18314475866.132877,13831375.0,0.8264054514480409,11.561328790459967,0.6657086883397713,-0.1776747999115461,0.0202304010613345,4,0.39128640357788735,稳定,稳定,2.444814407415209,,77.93628457120334,非严格净现金
B+,87.82316977772047,06693.HK,赤峰黄金,补充宽筛,,42873276176.03112,3917808.0,2.651019455252918,10.70063813229572,0.8052678492988438,-0.0384716564716862,0.0092258307486455,4,0.12832394327103183,同比增长,同比增长,2.203137875174697,0.011997237120702145,78.92207439381089,非严格净现金
B+,87.03232304805833,03606.HK,福耀玻璃,补充宽筛,,135706663664.2084,40926332.92,3.0637274549098197,13.505410821643286,0.6830954162809288,-0.0759183765322884,0.0513319229277998,4,0.7480861532275888,同比增长,同比增长,1.2417192337370406,0.06288508628875347,81.10486969470318,非严格净现金
B+,86.80844178787801,00345.HK,VITASOY INT'L,补充宽筛,,6566726224.300169,1309036.84,2.2623946037099496,27.844856661045537,0.5077838172651392,-0.171689800437836,0.0430834135117535,4,0.6431605133911666,稳定,稳定,3.221624365962021,0.22796735083865935,73.96404984799099,非严格净现金
B+,86.40791333560125,00027.HK,银河娱乐,补充宽筛,,131990315059.7208,40683219.116,1.589533468559838,12.369830966869507,1.04390955706677,0.0048716281723326,0.036130513490344,4,0.4930981710764665,同比增长,稳定,1.3049214435876137,0.13590940029127493,68.75962232698271,无明显硬伤
B+,86.28886324887529,00867.HK,康哲药业,原始初筛,医药,26064193493.181004,691260.0,1.3559643916913946,15.816053412462908,5.1251150298413375,0.2621055587922679,0.0253433892045352,4,0.44365541624241384,高点回落,稳定,0.8563196126540346,0.20322427684479466,84.8367415126539,利润趋势弱
B+,86.22816860994061,02020.HK,安踏体育,补充宽筛,,201778535595.0001,52928882.5,2.766535947712419,13.413507625272333,0.7395644632877241,-0.0669744180675621,0.0477008120393877,4,0.5646894318516338,稳定,稳定,1.5342826324963244,0.22070944951427732,80.54859820992559,非严格净现金
B+,85.7575332553201,06821.HK,凯莱英,补充宽筛,,43834887855.655685,1988610.0,2.150674581759309,35.22385321100917,2.8265346065063772,0.1096434423609433,0.012991774996101,4,0.3488225893322267,同比增长,高点回落,1.2811892859505036,0.3464209717721642,81.43782368229641,无明显硬伤
B+,84.81529692425211,00762.HK,中国联通,补充宽筛,,193380145860.49268,2003940.0,0.4726099706744867,8.729384164222875,0.2283272691974252,-1.1921492714475124,0.0696658901566808,4,0.6471944657955419,稳定,稳定,5.035255868058409,0.10626441199077633,65.23921712333062,非严格净现金
B+,83.55591975607021,02601.HK,中国太保,补充宽筛,,261673287576.2819,9233885.92,0.723704215618521,4.35162404975812,0.0889860073302561,-9.784888720265688,0.0583819622610371,4,0.28552471731613865,同比增长,稳定,4.0308584263302665,,61.65584730960148,非严格净现金
B+,83.14318271586714,02683.HK,华新手袋国际控股,原始初筛,,461747379.99999994,169500.0,1.4455855855855857,5.395495495495495,1.1716243489783025,0.0553169169254408,0.0,0,,同比增长,同比增长,1.6917777115401276,0.07730719820977167,69.66375406451296,无明显硬伤
B+,83.00544873430891,06613.HK,蓝思科技,补充宽筛,,137352837437.5856,17055226.0,2.2178245363766047,36.01412981455064,0.3561027195919861,-0.1371285686657823,0.0201752439315949,4,0.6360360961285789,稳定,稳定,3.1716475972024156,0.13230186366909277,68.2721806866082,非严格净现金
B+,82.81822341921007,02269.HK,药明生物,补充宽筛,,147147759772.19403,35474438.54,2.8085581395348833,27.08252491694352,1.476229742467999,0.0344916430114695,0.010717743868079,0,,同比增长,同比增长,1.3682728322806963,0.15350740565604318,79.54270888450688,无明显硬伤
B+,82.60091496487723,03808.HK,中国重汽,补充宽筛,,106243023684.48917,7130331.5,2.130872173511767,13.673096446700503,0.4475182404634931,-0.519573277243417,0.0347131874837484,4,0.5254131357486633,同比增长,同比增长,2.865468291097258,0.15547270149187178,64.97849777899611,非严格净现金
B+,82.11279484179198,00966.HK,中国太平,原始初筛,,66345582211.18669,821860.0,0.6966037735849058,2.447279046673287,0.0687484094796209,-23.09658433434571,0.0525582162088864,4,0.14267335060923095,同比增长,同比增长,14.77571264168535,,65.0049362332991,非严格净现金
B+,81.44501251135246,00168.HK,青岛啤酒股份,原始初筛,,61443348249.45779,17201707.62,1.6696382313532825,11.66735149620366,0.6236637928006512,-0.1262923193653997,0.0497095285334967,4,0.6657045653089316,稳定,稳定,1.0382324721559082,0.1636270743785045,71.62865532925223,非严格净现金
B+,81.37355085422612,00241.HK,阿里健康,补充宽筛,,50628692020.20922,6303860.0,2.5039999999999996,23.08495384615384,1.941248228792294,0.0973535717263357,0.0,0,,同比增长,同比增长,1.5812201008046052,0.40646235006462034,83.18147236909915,一次性偏高
B+,81.17633055256951,06806.HK,申万宏源,原始初筛,,62349461954.58936,600928.0,0.4828517110266159,5.642737642585552,0.7457212210991923,-2.452559318032645,0.0488451047455403,4,0.32033171400364313,同比增长,同比增长,6.3412324457373295,0.024334648192858778,54.784497625133255,非严格净现金
B+,81.14271340345564,02099.HK,中国黄金国际,补充宽筛,,47450726234.52902,9586770.0,2.5741935483870964,9.87632258064516,0.6917898713988792,-0.0465453492004266,0.0048811269284949,4,0.07056722324658053,同比增长,同比增长,2.0897355561948148,,66.01072596179851,非严格净现金
B+,80.5265164221308,00690.HK,联康生物科技集团,补充宽筛,,519496848.2823529,18240.0,1.2589411764705882,5.568,1.013605033742405,0.0039397669625275,0.0287571692675223,1,0.1772263117854426,稳定,稳定,1.1038671788141168,0.0903168429286273,80.42551619846027,无明显硬伤
B+,80.48157028731451,01999.HK,敏华控股,原始初筛,,11828153759.999998,249304.0,0.8300632911392404,6.524683544303796,0.4610598122704877,-0.2898397981047214,0.036423322106019,4,0.4119178266342405,稳定,稳定,1.5441936768878668,0.1710717210002287,64.69371815219125,非严格净现金
B+,80.36142108149832,03899.HK,中集安瑞科,原始初筛,,15351284766.715584,218602.0,1.095220779220779,12.217376623376625,0.4217535294521523,-0.6929064349755915,0.0426887397347269,4,0.5772717743086325,稳定,稳定,1.9579620178450816,0.22975844202062343,59.33077864232634,非严格净现金
B+,80.3369426760617,06690.HK,海尔智家,补充宽筛,,190553434488.0,12518953.8,1.3451554663991976,9.08998996990973,0.3552332497144001,-0.5746052297309564,0.0672462295651089,4,0.5922364854498031,稳定,稳定,1.4304473942103848,0.26625070321689764,66.80761357568478,非严格净现金
B,113.53360967372019,00517.HK,中远海运国际,补充宽筛,,8048183145.538463,11060.0,1.0135384615384615,10.435692307692308,3.8701563155541945,0.3984631350067821,0.0905381130751154,4,1.0462737204693773,稳定,稳定,0.37267903905713745,0.18619077015656285,116.16100479766644,派息偏激进；现金流覆盖弱
B,100.96518744093964,02192.HK,医脉通,原始初筛,,5084584039.012215,114340.0,0.9439694656488552,13.740000000000002,16.183155074399,0.686534822360444,0.0375912756153661,4,0.57167981192854,稳定,稳定,0.4561083785863248,0.5786966001776629,102.5367132025093,一次性占比高；现金流覆盖弱
B,100.59213041873942,06186.HK,中国飞鹤,原始初筛,消费,25189921053.555553,263530.0,0.934074074074074,11.728888888888886,2.042507267036138,0.3276627577534617,0.1297173180119507,4,1.1585040769122095,同比下滑,稳定,1.2013545452650372,0.3380954885333944,116.9595867869615,派息偏激进；利润趋势弱
B,100.1403247448142,00135.HK,昆仑能源,原始初筛,,56541975153.20061,515000.26,0.7583861236802415,9.55369532428356,0.8604799197561822,-0.1279226624185336,0.1005270860205924,4,1.0632248410026188,稳定,稳定,2.451198522604532,0.3445566778900112,95.61467534390653,派息偏激进；非严格净现金
B,98.08248368614541,02291.HK,心泰医疗,原始初筛,医药,3498707469.388565,568140.0,1.5541190198366397,13.18646441073512,18.656702996303657,0.3127645722210766,0.0614469772111501,2,0.8967874842217716,稳定,稳定,-0.09852316154343368,0.07106804647810822,100.96371519898771,现金流覆盖弱；回购多于现金分红
B,91.85106362752859,01045.HK,亚太卫星,原始初筛,,2024288050.0,96740.0,0.3292244897959183,14.316816326530612,3.5070598017301777,0.8717942683799375,0.036615361949106,4,0.5803864433631323,同比下滑,稳定,2.470358677380255,0.6782844856851873,105.82291453338054,一次性占比高；利润趋势弱
B,91.64550410682928,00506.HK,中国食品,原始初筛,消费,8727336995.324999,733340.0,1.1407499999999997,9.1455,0.5814653912501567,-0.3752213306022398,0.180702085967894,4,1.8295899615762998,稳定,稳定,2.925651700668582,0.257000259870436,95.24209876332144,派息透支；非严格净现金
B,85.54912064351278,01836.HK,九兴控股,原始初筛,,10659360045.0,50535.0,1.242463414634146,9.929439024390245,1.1325115515656432,0.0288006874994342,0.1115595556749955,4,1.2260792683368724,同比下滑,稳定,1.6533537825199565,0.03980085080478596,106.25980844523252,派息透支；利润趋势弱
B,82.10104774213195,01766.HK,中国中车,补充宽筛,,130866820241.45885,924500.0,0.6616470588235295,8.664,0.2026753751959233,-2.039182349717227,0.0937679999969349,4,0.9309692766452355,稳定,稳定,1.8343182473773156,0.3860226242061025,66.66366797855189,一次性偏高；非严格净现金
B,82.03287789630578,09618.HK,京东集团-SW,补充宽筛,,280843100038.63696,53031148.85,1.1498076923076923,17.87343339587242,0.5311969069648097,-0.6700752127223718,0.1132625298453972,4,0.5287045998675565,同比下滑,稳定,2.6012964065464264,0.01971371809892517,85.05481181632577,非严格净现金；利润趋势弱
B,79.6104098172009,06936.HK,顺丰控股,补充宽筛,,160065365570.82422,18232.0,1.346703296703297,12.558791208791211,0.3524740841913996,-0.429394427425891,0.0415812938437018,4,0.45084173951464107,稳定,稳定,3.5304283498099753,0.18469651034935364,69.9946870579294,非严格净现金
B,79.24052383601968,09899.HK,网易云音乐,原始初筛,,22484321470.4,1916627.0,1.6308465116279072,7.38853023255814,3.3894458742975817,0.3817336009583084,8.459227922461131e-05,0,,同比增长,稳定,-1.5843987152356105,0.07251920340876425,80.97309550439759,现金流覆盖弱
B,79.15983337850109,01316.HK,耐世特,原始初筛,,9637725284.705885,991790.0,0.583529411764706,12.141176470588237,0.3231703457306515,-0.7953921403595948,0.027618618308451,4,0.3712599505901729,同比增长,稳定,6.815988333559622,0.07035018234579035,60.745566786029485,非严格净现金
B,79.11853374447917,02603.HK,吉宏股份,补充宽筛,,7670124425.082646,51075.0,2.461363636363637,23.64793388429752,0.8710019783940138,-0.0264256368615318,0.0300525763631945,3,0.5394679805802798,同比增长,同比增长,1.8241458844264056,0.2471932435556583,71.77161474705527,非严格净现金
B,79.06784434249417,00297.HK,中化化肥,原始初筛,,9061547896.0,61920.0,0.7329545454545455,6.498863636363637,0.3481981819010452,-0.8727964681940473,0.0579745321692663,4,0.4171419678142447,同比增长,稳定,2.082749038379823,0.17018970490964977,61.132853833773154,非严格净现金
B,79.06513317902663,00752.HK,PICO FAR EAST,补充宽筛,,2784433350.61062,17440.0,1.0803539823008852,6.38566371681416,0.6108882723055632,-0.4711858739812481,0.0614775596271537,4,0.4303439228673388,同比增长,稳定,1.586560697571921,0.29549019787720054,72.20955583423671,非严格净现金
B,79.02425013717739,01585.HK,雅迪控股,补充宽筛,,29258884563.61849,2638279.28,2.52330383480826,9.076499508357916,0.5868454868151615,-0.2758439058895505,0.0444152270116234,4,0.42951931679823874,同比增长,同比增长,1.2681698479219359,0.24386923273749522,74.6371525997537,非严格净现金
B,78.9021515662432,00639.HK,首钢资源,原始初筛,,10996702062.928871,73520.0,0.6687866108786611,17.388451882845185,2.10112289272008,0.3441367184837658,0.1711209258531833,4,3.2939135081636493,同比下滑,高点回落,1.714440027932719,0.22239086544010347,118.78829338120032,派息透支；利润趋势弱
B,78.89633021560093,01104.HK,亚太资源,原始初筛,,3115443029.142858,746800.0,0.3375000000000001,1.2921428571428577,5.74823340320668,1.2247623343604506,0.0470822362687711,2,0.08730847392019613,稳定,同比增长,0.7171304763086027,0.8582131759190564,79.86200776353186,一次性占比高；回购多于现金分红
B,78.65014904574271,00914.HK,海螺水泥,补充宽筛,公用/基建,89929164765.5525,4430908.0,0.4068150684931506,9.918538812785387,2.02646001089714,0.5969043317253387,0.0613317605515305,4,0.6516087210319575,高点回落,高点回落,1.6045908931025903,0.3213395732295645,111.3167359684384,利润趋势弱
B,78.55577889358248,00175.HK,吉利汽车,补充宽筛,,180965497337.76627,32602323.81,1.6808981001727117,10.500782959124928,0.663829258873447,-0.3655764329292043,0.0227314049391531,4,0.2233491814822619,稳定,同比增长,2.913231599662999,0.368181815214852,72.50094343202248,一次性偏高；非严格净现金
B,78.24935309347096,00316.HK,东方海外国际,补充宽筛,,80961766212.40031,1841800.0,0.7712581699346405,6.871209150326797,1.476883665453233,0.1761910516944129,0.1170594362471853,4,0.8908973539841544,同比下滑,高点回落,1.0354513927798723,0.24705530223993266,104.07898891518192,利润趋势弱
B,78.2061666152272,02190.HK,归创通桥,原始初筛,,6144107744.003358,82995.0,1.7467431449356463,22.70766088416341,5.036898726998281,0.2259105891094935,0.0246841374401387,1,0.13376028154028727,同比增长,同比增长,0.7162906422973085,0.1202889061668781,83.17566448600485,无明显硬伤
B,78.13864913291322,01880.HK,中国中免,补充宽筛,,99318679583.01274,2078929.0,1.516865817825661,21.62001958863859,2.437786128901465,0.2006057638495602,0.0303602304486913,4,0.8275018146740928,同比下滑,稳定,1.2647068537708273,0.3498189442370204,90.2846791664118,利润趋势弱
B,77.87581342501441,02510.HK,德翔海运,补充宽筛,,12970591490.000004,15580.0,0.7830154639175261,5.06952319587629,1.435840583694743,0.0798911058450118,0.107506473137718,4,0.6031815044648693,高点回落,高点回落,2.587056979439853,0.3664202906041636,100.71204109486372,一次性偏高；利润趋势弱
B,77.31331456842577,09699.HK,顺丰同城,原始初筛,,6527778608.121856,192362.0,1.7968211920529802,21.23086092715231,1.210326101106828,0.0705373186871114,0.0112163730413439,0,,同比增长,同比增长,2.5457268683190044,0.16101224983616474,65.71870937525294,无明显硬伤
B,76.97235459496225,02497.HK,富景中国控股,补充宽筛,,325000000.00000006,36400.0,0.5451612903225808,4.633870967741936,1.2087378877742794,0.1315723076923076,0.0,0,,同比增长,稳定,1.3000217411664141,0.04606768162814546,79.00613965648151,无明显硬伤
B,76.8780143500759,02382.HK,舜宇光学科技,补充宽筛,,65061577440.00001,66804883.7,2.0441965973534972,12.66793950850662,0.7815188066046586,-0.0988965262321497,0.0091441219750419,4,0.11808889081454685,同比增长,稳定,2.019522873470868,0.4725853488613218,64.92787156645801,一次性偏高；非严格净现金
B,76.23467858243993,02507.HK,西锐,原始初筛,,11931235467.024696,117700.0,1.732050545663412,11.038311315336012,0.7837162490456029,-0.0734265646186652,0.0215608058286146,2,0.26353346102334424,稳定,稳定,1.2913440030047703,0.04352741254914386,70.63789135226293,非严格净现金
B,76.14161748648947,02096.HK,先声药业,补充宽筛,医药,25527894263.050217,119100.0,2.4741484716157203,17.156266375545854,0.6736183457750201,-0.0679032505438182,0.0182172487557316,4,0.29073190040535474,同比增长,同比增长,1.2653886297217736,0.23772626353414564,68.2411940268265,非严格净现金
B,75.93719247942056,09961.HK,携程集团-S,补充宽筛,,225227045558.1573,76544577.6,1.1880124929017608,6.10977853492334,0.758068089505945,-0.1018172570846008,0.025836151185038,1,0.0427404337117799,同比增长,同比增长,1.4206867073510652,,71.22203179685825,非严格净现金
B,75.44867274489958,02869.HK,绿城服务,原始初筛,地产链,12211475339.43262,62300.0,1.3921985815602835,12.529787234042551,0.6109098436475631,-0.3058462549516585,0.0610591250667541,4,0.7095328767683562,稳定,稳定,1.814056388496855,0.08880522065539947,80.66974567168702,非严格净现金；地产链折价
B,74.77712262627034,01057.HK,浙江世宝,原始初筛,,2936797610.4782605,578500.0,1.2234782608695651,15.101739130434778,0.282246923574008,-0.4233151966122531,0.0174962763169887,4,0.28464378252801054,同比增长,同比增长,2.0883852926864543,0.3225855266334871,58.06610930927914,非严格净现金
B,74.41289885516179,06168.HK,周六福,原始初筛,消费,6771953659.874922,91566.0,1.4727954971857409,7.943277048155097,0.8344497714188794,-0.0373304385554034,0.0583595251606165,3,0.51305991463022,稳定,稳定,0.36349282717611325,0.06197357898781767,73.61488076235716,非严格净现金；现金流覆盖弱
B,74.17200695837901,02669.HK,中海物业,原始初筛,地产链,10640031890.023254,259550.0,1.6388372093023256,7.035697674418604,0.8922114111601747,-0.0711999745705972,0.0562128014447795,4,0.4376025677889403,稳定,稳定,0.9473410402291149,0.09517778660632041,78.93667627834246,非严格净现金；地产链折价
B,74.0298578254269,06680.HK,金力永磁,补充宽筛,,22146987681.54699,2863994.03,2.567159450897571,26.827666314677927,0.4473992662203492,-0.1907153271015395,0.0250215969759952,4,0.5837895599108286,同比增长,稳定,1.3448666299187515,0.29980003032849734,52.94088720038915,非严格净现金
B,73.6010346862706,01336.HK,新华保险,补充宽筛,金融口径,146868253927.99997,5651200.42,1.048247821878025,3.564042594385285,0.1884254541346133,-9.87973208091206,0.0822437775145168,4,0.3329015544041451,同比增长,同比增长,5.3383249184852355,,71.87640879212255,非严格净现金；金融口径另看
B,73.5710213111635,01066.HK,威高股份,原始初筛,,14661913252.672956,2615530.5,0.5518867924528302,8.216981132075471,0.9241418983213436,-0.0529203103734464,0.0812783420187502,4,0.6402497193293678,同比下滑,稳定,1.290055020863944,0.18521346474714834,87.31559532790283,非严格净现金；利润趋势弱
B,73.17232233263557,03898.HK,时代电气,原始初筛,,50862304124.615425,2938162.8,1.048858287431147,11.10277916875313,0.2566514718861662,-0.3823183502728707,0.0399074053355294,4,0.49548701548134927,稳定,同比增长,0.8961051086978777,0.1271993727509225,60.096949051415706,非严格净现金
B,72.33723036255066,00917.HK,趣致集团,原始初筛,,2336406057.2686567,718276.0,1.043731343283582,7.38134328358209,2.5507802118531457,0.4720249703894631,0.007731104764005,0,,稳定,同比增长,0.8976281205770693,0.2939266040918604,77.67427034466363,无明显硬伤
B,72.3277244053564,00576.HK,浙江沪杭甬,补充宽筛,,37194786195.011024,36600.0,0.6305511811023622,6.44132283464567,0.4266681057173191,-3.088465877924801,0.1059464081696634,4,0.7400347570816521,稳定,稳定,1.4568349370093505,0.680099073081891,61.804480080578045,一次性占比高；非严格净现金
B,72.0911835252487,02119.HK,捷荣国际控股,补充宽筛,,338743810.875,46060.0,0.64625,7.93125,0.8225325204997209,-0.0881772136968198,0.0780236355366296,4,0.6848436622355365,同比下滑,稳定,1.541884561462982,0.09960681520314549,83.29942351591836,非严格净现金；利润趋势弱
B,71.97094398331085,00038.HK,第一拖拉机股份,补充宽筛,,7663260775.5,26791.2,0.8260248447204969,7.963726708074533,0.2783782369286626,-0.6466137491943424,0.0549043887838395,4,0.5181905977957465,稳定,稳定,2.19876819445093,0.5394959069372599,54.89179500616536,一次性占比高；非严格净现金
B,71.77167394750322,09658.HK,特海国际,补充宽筛,,6164834519.999999,28440.0,1.9872818455366092,27.688826479438312,1.5356298995875668,0.2163320907436134,0.0,0,,同比增长,稳定,2.856721304297424,0.5307584616651569,75.73355010449214,一次性占比高
B,71.45921252544235,01908.HK,建发国际集团,原始初筛,,29189208340.201855,934850.0,0.8767285382830626,7.225452436194895,0.3721128036818374,-5.853102489411966,0.0840105004363075,4,0.6717279559303508,同比下滑,稳定,3.08909807660232,-0.0027948945169061945,69.99035341277121,非严格净现金；利润趋势弱
B,71.08072886020317,01368.HK,特步国际,补充宽筛,,10747257123.82995,34460.0,0.9526395939086292,7.076751269035534,0.5840656847092739,-0.2591584967130139,0.056756900199911,4,0.4447316252676675,稳定,稳定,0.8812110103253868,0.37721999079887225,67.2558132778528,一次性偏高；非严格净现金
B,70.91327573284195,00950.HK,李氏大药厂,补充宽筛,,612388756.2962964,22360.0,0.2985185185185185,6.663703703703703,0.2237716083728247,-1.790151782195009,0.0408182110513892,4,0.3010180773999869,稳定,稳定,4.585913296476995,0.2662228893384672,57.46453227556367,非严格净现金
B,70.34519400988432,01024.HK,快手-W,补充宽筛,,176105141517.66156,85839948.0,1.9034863945578235,8.989647108843542,0.7317710786622704,-0.1293431855748266,0.0268419193174205,1,0.09668582478379975,同比增长,稳定,1.6421105320068001,0.11553956061664071,64.2487494919901,非严格净现金
B,68.66440734562126,01339.HK,中国人民保险集团,补充宽筛,金融口径,210506195175.1172,20324810.0,0.5857031249999999,4.4625,0.0954417248213679,-6.907502170139828,0.0631857888502287,4,0.28785681823100395,稳定,同比增长,2.654667773299133,,65.09434261423958,非严格净现金；金融口径另看
B,67.8311728501932,03933.HK,联邦制药,原始初筛,,16790455582.995008,249436.0,0.8711860174781522,7.26696629213483,0.7900382565272965,-0.1678793041717573,0.0645634059565304,4,0.4997818689468633,同比下滑,稳定,1.2969711695178174,0.18109096208738473,85.0473504749044,非严格净现金；利润趋势弱
B,67.3818505713526,00780.HK,同程旅行,原始初筛,,28251719543.687836,11097291.06,1.092578423871461,10.154552410099464,0.6452622550391038,-0.2306862415904213,0.0134425092041822,3,0.16015880339097702,同比增长,稳定,0.9569262922023893,-0.04934013260606081,61.50051908668455,非严格净现金
B,67.03160964695982,01070.HK,TCL电子,原始初筛,,33125087936.59909,2696480.0,1.7257603686635947,12.292258064516131,0.2210566390672946,-1.5258218965280483,0.0340600426606998,4,0.3212905454663502,同比增长,稳定,2.169473705618625,0.5559114932242034,55.309060487516504,一次性占比高；非严格净现金
B,66.97889499744282,01540.HK,澳狮环球,补充宽筛,,244349192.8888889,29400.0,0.7864197530864198,8.553827160493828,0.8629876241938296,-0.0726385710963692,0.0737327147554464,3,0.698742424773181,同比下滑,稳定,1.8970030788971526,0.33590219637790314,95.86185023538695,非严格净现金；利润趋势弱
B,66.90269446769588,01515.HK,华润医疗,补充宽筛,医药,3137957169.161825,42824.0,0.4317842323651451,5.713609958506224,0.186920572980128,-1.3025101298918402,0.0570504918803013,4,0.360972206539448,稳定,稳定,3.2176062428762338,0.5974444695368832,57.93064216496227,一次性占比高；非严格净现金
B,66.5906025776992,01919.HK,中远海控,补充宽筛,,200906348072.55237,40239037.0,0.749992576095026,7.139539717891612,0.7575164555020943,-0.2418144738146641,0.1736993645785532,4,0.9182394188450155,同比下滑,高点回落,1.4061144896479099,0.06875132839318242,89.84940297458601,非严格净现金；利润趋势弱
B,66.44369629367299,00552.HK,中国通信服务,原始初筛,,27427032864.0,189880.0,0.5195049504950495,6.861386138613861,0.209142035337087,-2.5257673822576567,0.0584162351044171,4,0.4438159466750729,稳定,稳定,1.2350157209830155,0.4741440419011645,42.16288303497777,一次性偏高；非严格净现金
B,65.50789459863529,06963.HK,阳光保险,原始初筛,金融口径,39795267850.0,3676875.0,0.6167371601208458,5.696978851963746,0.0612502094965182,-14.356606472746734,0.0500813314666507,4,0.3159980973521484,同比增长,同比增长,6.8469220092908625,,58.51892200485126,非严格净现金；金融口径另看
Watch,91.78230407788854,06826.HK,昊海生物科技,原始初筛,,3649796804.1051617,57617.0,0.5967686424474187,13.857170172084125,2.260822367241565,0.3853702207251628,0.1180613670096206,4,1.1245692385531993,同比下滑,稳定,1.5762207277576776,0.8133493221358596,125.79712011090383,一次性占比高；派息偏激进；利润趋势弱
Watch,75.73666427891425,01833.HK,平安好医生,补充宽筛,,15778539156.393002,2459558.0,1.4344549125168238,37.55127860026918,1.893110518231256,0.188226487291548,0.2475893972996328,1,10.29377014104993,同比增长,稳定,1.139832428017714,0.45858222818310934,97.09045889214374,一次性偏高；派息透支；回购多于现金分红
Watch,73.71425035299941,01114.HK,BRILLIANCE CHI,原始初筛,,9838275306.562502,367460.0,0.4218749999999999,4.471875,3.176873045989065,0.3629235703150443,0.8561803504707085,3,4.242029203005913,同比下滑,稳定,-0.07711668458802917,0.10522660682504686,94.5945749338844,派息透支；现金流覆盖弱；利润趋势弱
Watch,72.3651575688326,00083.HK,信和置业,补充宽筛,地产链,98928977668.72723,1071540.0,0.5765909090909089,26.503636363636364,3.511411719451212,0.3576488698637858,0.0063635989659984,4,0.4546640574037834,同比下滑,同比增长,0.5388677097675095,-0.2420091324200913,81.57134722999648,现金流覆盖弱；利润趋势弱；地产链折价
Watch,64.85671865731855,00232.HK,大陆航空科技控股,补充宽筛,,3721349912.911393,400000.0,1.2050632911392405,39.56455696202532,0.9305963141213758,-0.0172204873230704,0.0112902806033441,2,0.4945144898262922,同比增长,稳定,2.410835689330249,0.859077668870793,70.19854330565708,一次性占比高；非严格净现金
Watch,64.82629287763902,03347.HK,泰格医药,补充宽筛,医药,30566424775.0,1459984.0,1.2869039843239716,35.56956237753103,0.4332841312370785,-0.0760598655902176,0.0112430237101551,4,0.3870513339987079,同比增长,稳定,1.274340145160588,0.5952840083725206,48.10218957621409,一次性占比高；非严格净现金
Watch,64.5797086108749,01675.HK,亚信科技,补充宽筛,,4305149345.200001,559120.0,0.598923076923077,34.19146153846154,0.5025280725095315,-0.3698222459518498,0.1205193962849379,4,3.575629956566847,同比下滑,稳定,1.285770649031715,-0.03399919112345918,82.12834936994197,派息透支；非严格净现金；利润趋势弱
Watch,64.51064149664889,03838.HK,中国淀粉,原始初筛,,900638298.5652175,96970.0,0.1875776397515526,4.398695652173913,0.8556623761437225,-0.3480997871170341,0.0891645404464053,4,0.4342500865201592,同比下滑,稳定,2.2688703078064765,0.6577208427063506,77.75791152199086,一次性占比高；非严格净现金；利润趋势弱
Watch,64.40031815779712,01289.HK,盛力达科技,补充宽筛,,268800000.0,42680.0,0.3253521126760563,7.177464788732395,1.790558749090611,0.5740550595238095,0.0380952380952381,3,0.30287793191162116,同比下滑,同比下滑,1.4232288931672135,0.23990653376319915,98.41711573023494,利润趋势弱
Watch,64.25281214651098,01302.HK,先健科技,补充宽筛,,6484397360.000001,751620.0,1.6684931506849316,39.62191780821919,0.7481188041526813,-0.0597159579375314,0.0612442418241932,0,,同比下滑,稳定,1.9857129919966334,0.11208371948290907,80.91471717830254,非严格净现金；利润趋势弱；回购多于现金分红
Watch,63.56244036142161,06098.HK,碧桂园服务,原始初筛,,16031005685.43786,148230.0,0.4139196940726576,24.0731931166348,0.4951384261439582,-1.0546873559753338,0.0890969679648634,4,1.745953845156335,同比下滑,稳定,5.951542072536305,-0.021998447207550495,69.17015889741467,派息透支；非严格净现金；利润趋势弱
Watch,63.05214423043546,06127.HK,昭衍新药,补充宽筛,,14829601273.555077,4186977.0,1.5307858910891088,26.709152227722768,2.5223739216265884,0.1392611279227547,0.0021842799008873,4,0.07515755050513528,同比增长,同比下滑,2.111343386941456,1.5757702935458853,65.47399396012729,一次性占比高
Watch,62.901669249431365,00697.HK,首程控股,补充宽筛,,12611260210.915665,453540.0,1.174698795180723,40.66337349397591,2.2773458476865143,0.4046006927034552,0.0981111165218089,4,3.7215029080639135,同比下滑,同比增长,0.7512678424477202,1.2936467508350207,105.22319526657974,一次性占比高；派息透支；利润趋势弱
Watch,62.85815620249008,01876.HK,百威亚太,补充宽筛,,83168533160.00002,5767950.34,1.0434161490683234,22.145776397515533,0.652193475815523,-0.1306566845310945,0.0653283422655472,4,1.5807770961145193,同比下滑,稳定,1.8399070822202053,0.1738241308793456,79.01174428096874,派息透支；非严格净现金；利润趋势弱
Watch,62.80745809232046,01157.HK,中联重科,原始初筛,,61231629471.022675,249884.0,0.92735516372796,12.849219143576828,0.2163654609905302,-0.9376784631640648,0.0504641151426864,4,0.6264908976773383,同比增长,稳定,0.7131083970391828,0.3536304666248169,52.79216139752508,一次性偏高；非严格净现金
Watch,62.71920396849046,00291.HK,华润啤酒,补充宽筛,,70723056529.3036,3942430.0,1.983658310120705,18.945961002785513,0.3048761823135082,-0.3210975474538587,0.0390820212762546,4,0.8199347374666272,同比下滑,稳定,1.4893125303744958,-0.2468110353010976,66.45372224649753,非严格净现金；利润趋势弱
Watch,62.652866064297456,06603.HK,IFBH,原始初筛,,1551599080.0,105002.0,1.173664772727273,8.756704545454543,5.594141545184528,0.6095933813005355,0.1902615203922394,2,1.8446943078004217,样本不足,样本不足,0.8974395357405949,0.037157413914265636,99.00515067751044,派息透支；利润趋势弱；回购多于现金分红
Watch,62.53731367502113,02172.HK,微创脑科学,补充宽筛,,6166452336.936585,129820.0,3.1293658536585367,30.187317073170735,3.233215929265372,0.1140308821959246,0.0184521007838562,2,0.4554983469730638,同比下滑,稳定,-1.7530032930688417,0.2573844236084765,84.03084138459876,现金流覆盖弱；利润趋势弱
Watch,62.51960135151721,00874.HK,白云山,补充宽筛,,23736547855.549488,29320.0,0.5281911262798634,7.085733788395905,0.3362744603499574,-1.24231116317261,0.0715622955501874,4,0.5694190982002761,稳定,稳定,0.9781202642993095,0.3043409997871261,41.057467857908904,非严格净现金
Watch,62.236757242398056,01375.HK,中州证券,原始初筛,金融口径,7939332837.0,730420.0,0.4818232044198895,13.594972375690608,0.4416710341563228,-3.082977083892975,0.0477868543275936,4,0.8323391637000197,同比增长,同比增长,12.431823609149477,0.03680540831468691,64.84447001331567,非严格净现金；金融口径另看
Watch,62.17956497439775,03908.HK,中金公司,补充宽筛,,100213852580.03622,7365496.0,0.8608770257387989,7.906215443279313,0.8431292129146567,-1.030692233556307,0.0,1,,同比增长,同比增长,3.936526167946221,0.025703124041795925,51.63204412373992,非严格净现金
Watch,61.97385046183291,03958.HK,东方证券,原始初筛,金融口径,46901482011.4689,1172984.0,0.510252100840336,7.236302521008402,0.5578886761576695,-3.810022918764341,0.049965052264808,4,0.37158209018808713,同比增长,同比增长,3.8728465892103996,0.11279865662210041,47.323674115139696,非严格净现金；金融口径另看
Watch,61.93805463896251,02386.HK,中石化炼化工程,原始初筛,,22014060239.999996,286280.0,0.6311046511627906,11.058895348837208,0.4875716648661808,-1.3827522350779216,0.0729273011201681,4,0.8776534880215121,同比下滑,稳定,1.9306430486708877,0.10513433695967193,62.85572691691405,非严格净现金；利润趋势弱
Watch,61.93691797575018,00013.HK,和黄医药,原始初筛,医药,14751186879.2,2144260.0,1.5363028391167193,4.15015141955836,2.7245508982035926,0.4123739141680441,0.0,3,,同比增长,稳定,0.6979138334148659,1.043743940259439,55.07305534357543,一次性占比高；现金流覆盖弱
Watch,61.86210837935866,06896.HK,金嗓子,原始初筛,,2247478080.0,60800.0,1.475439739413681,8.08026058631922,1.0831936798056068,0.0337729656522389,0.1506857855539129,4,1.3481914664925676,同比下滑,同比下滑,0.975824249628005,0.14997332781311953,97.42663581706518,派息透支；利润趋势弱
Watch,61.561180297782485,02618.HK,京东物流,原始初筛,,78588075456.00916,4659013.16,1.2925457570715475,9.987853577371046,0.4296041111209288,-0.4704290286469042,0.0003813173923157,2,0.004508564647960494,稳定,同比增长,5.79583542422743,0.28432964231933433,47.90844905168896,非严格净现金
Watch,61.53526522083405,00071.HK,美丽华酒店,原始初筛,,7013240904.250001,50750.0,0.33495,10.353000000000002,5.511145664714983,0.7282284042096755,0.0,0,,高点回落,稳定,0.47941236470344595,0.3882337485589619,88.50756451248556,一次性偏高；现金流覆盖弱；利润趋势弱
Watch,61.38734850096192,06099.HK,招商证券,补充宽筛,金融口径,151319566424.6991,612368.0,1.0769054441260744,10.17077363896848,0.7546629383707848,-0.9978078516902564,0.0322874107786402,4,0.39561989560244554,同比增长,稳定,2.023045874701886,0.03523213001830111,44.92962712317078,非严格净现金；金融口径另看
Watch,60.9572005463134,02460.HK,华润饮料,原始初筛,消费,17746654840.0,363778.0,1.4980978260869564,16.267934782608695,1.5686178374599369,0.1305710299147284,0.2146734713864531,2,3.8664137592975427,同比下滑,同比下滑,1.1327068398643727,0.392023675052596,113.85837385178893,一次性偏高；派息透支；利润趋势弱；回购多于现金分红
Watch,60.51302471907465,06886.HK,HTSC,补充宽筛,,151922117518.53436,1638084.0,0.7527178899082566,7.739483944954125,0.7435258488299178,-1.4693227543024938,0.0375612853033319,4,0.3481177431167473,稳定,稳定,0.6301335161702278,-0.005318583694311416,41.45488030287351,非严格净现金；现金流覆盖弱
Watch,60.305768002813906,01896.HK,猫眼娱乐,原始初筛,,5241477517.551866,158464.0,0.5052697095435684,8.402448132780082,0.7249656600811337,-0.1800791850846015,0.050254913641799,1,0.4673298453470156,同比增长,稳定,-0.042602493751505155,0.034056655826587116,83.83590914272744,非严格净现金；现金流覆盖弱；回购多于现金分红
Watch,59.77642891021246,06608.HK,百融云-W,补充宽筛,,2109905166.902542,437153.95,0.4272669491525424,28.47783898305085,3.991785456420835,1.0310425483215488,0.0389406127293469,0,,同比下滑,稳定,1.1899068626540654,1.6947898607042506,90.16188835236728,一次性占比高；利润趋势弱
Watch,59.14824631245369,02611.HK,国泰海通,补充宽筛,,260555523752.46283,6221353.0,0.7075531914893618,10.524853723404256,0.6714649441462892,-2.2294456553600863,0.0379935909913958,4,0.31171278316971723,同比增长,同比增长,1.3483758613257077,0.3666282669127626,39.922880132072486,一次性偏高；非严格净现金
Watch,59.087739005237324,01203.HK,广南(集团),补充宽筛,,589935635.2985075,26000.0,0.2134328358208955,5.287313432835822,0.4429278758413808,-1.846954187991492,0.0694789755822429,4,0.40657253440366975,同比下滑,稳定,2.0127148424982773,0.2609572104357798,64.49443760850143,非严格净现金；利润趋势弱
Watch,58.97836914783019,00340.HK,潼关黄金,补充宽筛,,8927002931.118643,250720.0,2.1925423728813556,10.753898305084745,0.2710831122393309,-0.1737073509670824,0.0053393872733978,1,0.06354787706113346,同比增长,同比增长,1.1372112559438845,-0.02897056822437559,56.1570304779416,非严格净现金
Watch,58.72397993253509,01093.HK,石药集团,补充宽筛,,83076876987.3787,37196080.08,2.2611242603550297,22.632573964497045,0.729801461120893,-0.0395093932153788,0.0351809685918264,4,0.6450825170242559,高点回落,稳定,1.128380574720991,0.2610434846222722,69.1548200037196,非严格净现金；利润趋势弱
Watch,58.2141007708926,01133.HK,哈尔滨电气,原始初筛,,34908268360.0,93720.0,1.772987654320988,11.82312962962963,0.2533113036892099,-1.2873913467207572,0.0185422045314538,4,0.24280642379364634,同比增长,同比增长,13.423240237679885,0.4041670297973149,46.1629897186241,一次性偏高；非严格净现金
Watch,57.64890244906201,06969.HK,思摩尔国际,补充宽筛,,44174698529.812416,4557953.0,1.8263130659767144,37.50398447606726,1.61762387199756,0.0931440199240556,0.0356510865362704,4,1.3097717983523156,同比下滑,同比增长,0.9827676283404427,0.6315656385246795,72.40796407902708,一次性占比高；派息透支；利润趋势弱
Watch,57.54995393115486,00719.HK,山东新华制药股份,原始初筛,,3859626229.5415897,919580.0,0.6656192236598891,13.107578558225509,0.3743952904260597,-0.6045886829246545,0.05667959506949,4,0.7546411255099821,同比下滑,稳定,1.2505323056798048,0.1988252515951329,64.2149585682555,非严格净现金；利润趋势弱
Watch,57.3337139369642,00833.HK,华讯,原始初筛,,421021780.03669715,64000.0,0.6042201834862385,8.924495412844033,0.7949554712924221,-0.2422242074296277,0.0608923283678232,4,0.6017256365139599,同比下滑,高点回落,2.135198287472114,,79.74603025673306,非严格净现金；利润趋势弱
Watch,57.25095480107504,01898.HK,中煤能源,补充宽筛,,136166473118.0,2160484.0,0.7335714285714285,8.459285714285713,0.838743564488061,-0.2008958914305894,0.0412852949134427,4,0.38777935602533253,同比下滑,同比下滑,2.0686964097668454,0.024218167340043093,78.0229832484363,非严格净现金；利润趋势弱
Watch,56.59090963213167,06066.HK,中信建投证券,补充宽筛,金融口径,94321408731.51016,2551665.0,0.9664882400648824,7.485352798053529,0.8011833159592475,-1.1754828811698013,0.0267597148297976,4,0.2673906797702911,同比增长,同比增长,1.615592875448671,0.03916467784474985,58.55420923442294,非严格净现金；金融口径另看
Watch,56.23360320289049,01072.HK,东方电气,原始初筛,,73801409356.42995,4229320.0,1.3924819855884705,15.419815852682142,0.1980647869769267,-1.2442356601821405,0.0250342310163353,4,0.4822282102196219,同比增长,稳定,1.4814715179957596,0.485143686203468,30.512511759828833,一次性偏高；非严格净现金
Watch,56.194905698794884,00598.HK,中国外运,原始初筛,,28192842322.216217,106330.0,0.5986732186732185,6.2281326781326785,0.4958579633217211,-0.6134108883304161,0.0893009895311644,4,0.6260008664547292,稳定,稳定,1.0029780644224315,1.4233567029797827,54.864206543735605,一次性占比高；非严格净现金
Watch,55.75459124278899,00595.HK,AV CONCEPT HOLD,原始初筛,,924941341.6753244,601740.0,0.5216883116883115,15.449999999999998,0.5855778864855308,-0.0694056864013916,0.0089694869135951,4,0.1455130668716372,稳定,同比增长,-0.30137196077942896,0.009511913912375098,52.413672986770806,非严格净现金；现金流覆盖弱
Watch,55.13558663305693,01357.HK,美图公司,补充宽筛,,17330332801.8,5243855.0,2.784928571428571,26.851428571428567,1.332989089761557,0.0701418728596916,0.0499466461434656,3,1.4849751243781095,同比下滑,同比增长,1.6651459495604586,0.9486121118545205,92.71672208224854,一次性占比高；派息透支；利润趋势弱
Watch,54.297753498834524,00303.HK,VTECH HOLDINGS,补充宽筛,,12931430766.294514,262010.0,2.5524542829643884,12.300866217516845,0.4051565377532228,-0.2073985074405276,0.0611565853997619,4,1.4899598393574298,稳定,稳定,-0.13881277072834391,0.014725568942436412,51.53786326306038,派息透支；非严格净现金；现金流覆盖弱
Watch,53.58465806072094,06881.HK,中国银河,补充宽筛,,80805232671.49934,1979820.0,0.5866581306017925,5.6300256081946225,0.6817958536956216,-2.787841130520195,0.0618695328843885,4,0.399320623729654,同比增长,稳定,-0.7009826788407731,0.02186390924588643,43.02031382280936,非严格净现金；现金流覆盖弱
Watch,52.71441107736496,03668.HK,兖煤澳大利亚,原始初筛,,38688875503.88376,932292.0,0.8289052890528904,16.93849938499385,0.6705548549810845,-0.1266569249216895,0.0932049524064873,4,1.7477272727272728,同比下滑,高点回落,1.7811451957305966,0.16818181818181818,83.98678049467688,派息透支；非严格净现金；利润趋势弱
Watch,52.41671085791923,01788.HK,国泰君安国际,原始初筛,,18773991073.20673,1437660.0,1.1838942307692308,13.951009615384612,0.6401230803953359,-2.3811523109606063,0.033162391885257,4,0.49601294529172246,同比增长,同比增长,-1.1805188162400582,-0.013296128751243166,43.47093301269317,非严格净现金；现金流覆盖弱
Watch,52.409500320323986,02333.HK,长城汽车,原始初筛,,77820687073.24025,3214843.53,0.7763141683778233,7.707022587268992,0.2099504190060753,-1.3948671377100486,0.0562669506214844,4,0.44385285288171666,同比下滑,稳定,2.574361644172226,0.5294923712932356,55.51983983966098,一次性占比高；非严格净现金；利润趋势弱
Watch,51.32365916644464,00990.HK,至源控股,原始初筛,,8140739547.131148,511500.0,1.0729508196721314,11.315573770491804,0.5669670467358219,-0.6836988363030766,0.0001659821091409,4,0.0020787565256419347,同比增长,同比下滑,6.2626708515866545,0.47325476856464366,46.53340159771069,一次性偏高；非严格净现金
Watch,50.76775493342461,01662.HK,义合控股,原始初筛,,412000000.00000006,55800.0,0.744186046511628,8.753488372093024,0.8519764438131785,-0.1974540847087379,0.0044319417475728,1,0.05046045162104201,同比增长,同比下滑,2.994644708572303,0.27493377065724744,72.98910459344539,非严格净现金
Watch,50.338041228011775,00285.HK,比亚迪电子,原始初筛,,47587679040.0,6944875.28,1.248336252189142,12.233695271453591,0.3194486362315534,-0.7031833381046524,0.0312649204587053,4,0.36414675812588276,同比下滑,稳定,3.1644122229341423,0.5483634991686043,58.03459042178794,一次性占比高；非严格净现金；利润趋势弱
Watch,50.252713289586026,02423.HK,贝壳-W,补充宽筛,,130880196770.08368,42829963.86,1.8287133891213392,34.36004184100418,0.9444496810664508,-0.0212805379937863,0.0723178237317831,3,0.963193079434531,同比下滑,稳定,-0.4913865605179315,,68.35495277083047,非严格净现金；现金流覆盖弱；利润趋势弱
Watch,50.07142073050775,01177.HK,中国生物制药,补充宽筛,,84546677880.00905,9519399.24,2.495203619909502,32.59104072398189,0.6646241731565368,-0.1345677238335361,0.0228258998270624,4,0.7766042431597867,同比下滑,稳定,2.729900871969204,0.8600724262892238,61.79786750219544,一次性占比高；非严格净现金；利润趋势弱
Watch,48.86930576112378,00710.HK,京东方精电,原始初筛,,3277121344.235294,217530.0,0.6798529411764704,9.487499999999995,0.5921383591189874,-0.8430164714528324,0.0454682909078454,4,0.3882670079451484,高点回落,稳定,2.4644478707301514,0.7927572907738992,54.162166508710584,一次性占比高；非严格净现金；利润趋势弱
Watch,48.63587449770437,01478.HK,丘钛科技,原始初筛,,8232797095.249999,755780.0,1.15109375,4.977031249999999,0.4263554998221939,-0.9307059206427976,0.032526976785873,1,0.17928802458993892,同比增长,同比增长,1.599439145801875,0.6644653020616369,49.06290397579916,一次性占比高；非严格净现金
Watch,48.30936076093247,06060.HK,众安在线,原始初筛,,15483430551.000004,833050.0,0.5497507477567299,12.69924227318046,0.1441822842986943,-1.175127368580787,0.0,0,,同比增长,同比增长,1.9155902486542913,,32.5952811173765,非严格净现金
Watch,48.1370147258691,02155.HK,森松国际,原始初筛,,10488464250.0,893994.0,1.6560587515299878,15.803243574051407,0.7694324467930582,-0.0938327076816799,0.0162534758127244,2,0.2843161944852592,同比下滑,稳定,1.096453006269683,0.2554732960524889,59.114708741626195,非严格净现金；利润趋势弱
Watch,47.42035985496496,00136.HK,中国儒意,原始初筛,,24864909630.611115,8328764.0,0.9455555555555556,12.49777777777778,1.6898899977831814,0.1779763958824907,0.0,0,,稳定,稳定,-0.5010632971885247,0.721751094823882,63.556745828275595,一次性占比高；现金流覆盖弱
Watch,45.540957661798856,01359.HK,中国信达,原始初筛,,36637953741.28302,2783200.0,0.1992452830188678,9.292075471698114,0.6300131172845148,-15.123148249834454,0.0886402396523761,4,0.9116596594719522,同比增长,同比下滑,10.545829225741718,4.336548305570769,56.458976373377,一次性占比高；非严格净现金
Watch,45.50731194718986,00638.HK,广和通,补充宽筛,,7320023970.004766,13748402.0,1.0381168057210963,27.35971394517282,0.6437231527893524,-0.1848685769643892,0.0415412283164698,1,0.8762166487853684,稳定,同比增长,0.11525039974479015,0.18569826057055994,52.00757640608371,非严格净现金；现金流覆盖弱；回购多于现金分红
Watch,45.00641991732245,09885.HK,药师帮,补充宽筛,,3013785792.7874994,49704.0,1.1086874999999998,17.793749999999996,0.3371995711263728,-1.1383977614502976,0.038689544651464,1,0.33201059065799365,同比增长,同比增长,6.453487439831866,0.6001307488641192,40.4748866893445,一次性占比高；非严格净现金
Watch,44.51822836212253,00317.HK,中船防务,原始初筛,,16919671344.22196,1028020.0,0.8189498806682577,12.39852028639618,0.4035829866427984,-1.2101664372719858,0.0202748641809256,4,0.3402328133752507,同比增长,稳定,16.4224401760088,1.053222984128341,17.42060797901277,一次性占比高；非严格净现金
Watch,44.0,01140.HK,华科智能投资,原始初筛,,1468817343.4532368,177288.0,0.1359712230215826,13.334244604316543,5.728964061502883,2.155654090736712,0.0,0,,同比增长,稳定,-0.5913923728891664,1.8999872124579074,55.865635656572294,一次性占比高；现金流覆盖弱
Watch,43.58991411657122,00376.HK,云锋金融,补充宽筛,金融口径,6576052510.143646,35420.0,0.5280662983425414,10.078011049723754,0.07709693866537,-11.773267297418345,0.013514266396583,4,0.1507823155313769,同比增长,同比增长,2.3054197270282666,,35.44202481495158,非严格净现金；金融口径另看
Watch,41.58759161851714,02356.HK,大新银行集团,原始初筛,金融口径,16573817636.28,165400.0,0.4715999999999999,6.698644897959183,0.009415854773619,-12.004470029727962,0.0536262666348179,4,0.39745554391404203,同比增长,稳定,0.5714486120668252,-1.0905504209928532e-05,40.65096774676986,非严格净现金；现金流覆盖弱；金融口径另看
Watch,41.224808124315956,02490.HK,乐舱物流,补充宽筛,,2467640124.55098,42435.0,1.4958235294117643,16.149823529411762,1.419078600879324,0.0583658851090401,0.0471223493422319,3,0.8425976246893183,同比下滑,高点回落,0.8467635218908454,0.7520923458185692,76.28681057948776,一次性占比高；利润趋势弱
Watch,40.87526495671767,01508.HK,中国再保险,原始初筛,金融口径,44179000408.26891,7451920.0,0.3670588235294117,4.081344537815126,0.0957785799200549,-8.35981107736592,0.0504956196243511,4,0.228309625598561,稳定,同比增长,-7.576295419536359,,51.080129794455615,非严格净现金；现金流覆盖弱；金融口径另看
Watch,40.68124126067224,02722.HK,重庆机电,原始初筛,,7627205118.461537,457620.0,0.7793927125506072,9.01748987854251,0.2522060329180995,-1.0437124904431196,0.0316452440771233,4,0.315956598405896,同比增长,稳定,0.8793638107791238,1.2314544912468601,35.07297459525539,一次性占比高；非严格净现金
Watch,40.649452294812605,03998.HK,波司登,补充宽筛,,50127572660.83509,8948769.78,2.830052356020943,12.993534031413615,0.6924712342623869,-0.074719795936307,0.0466962566856714,4,1.9528075906050708,稳定,稳定,-1.7249361532156897,0.20074073139868753,46.35698577262046,派息透支；非严格净现金；现金流覆盖弱
Watch,35.71640948494159,03738.HK,阜博集团,补充宽筛,,5989520080.775,44280.0,1.819125,30.04925,0.4109420411074161,-0.2501095937600004,0.0,0,,同比增长,同比增长,-3.225883039030104,0.18500140483262423,46.98148003193853,非严格净现金；现金流覆盖弱
Watch,34.796378939615224,00114.HK,HERALD HOLD,补充宽筛,,386874088.25806457,19400.0,0.6296774193548387,7.752258064516128,0.8664807673922049,-0.0956201443124922,0.0,0,,同比增长,稳定,2.5786486805851685,0.9172393525635228,49.08208001205072,一次性占比高；非严格净现金
Watch,34.19550028928617,00659.HK,周大福创建,原始初筛,,35890684332.697845,62850.0,0.9141845764854616,15.342402022756003,0.8850922777255232,-0.4076693442334308,0.0368780538072428,4,1.0982537660196359,稳定,稳定,0.5078283672222877,3.403957131079967,41.25956366595826,一次性占比高；派息偏激进；非严格净现金；现金流覆盖弱
Watch,33.396653326535755,01205.HK,中信资源,原始初筛,,3928863574.226804,57990.0,0.4432989690721649,23.02061855670103,0.6224362574214763,-0.4915121951975731,0.0469649328142713,4,1.1971496715441818,同比下滑,同比增长,2.2688544433999884,1.6361318980116848,47.429137354706825,一次性占比高；派息偏激进；非严格净现金；利润趋势弱
Watch,33.292883119387,01776.HK,广发证券,补充宽筛,金融口径,135291578885.10446,2777102.0,0.8649752611324902,7.727746014293567,0.7860488789309763,-1.2857260717919048,0.038030460154283,4,0.37551968580484485,同比增长,同比增长,-0.6225184450237904,0.016464052091048398,38.36030251813305,非严格净现金；现金流覆盖弱；金融口径另看
Watch,30.2133421419223,02559.HK,嘀嗒出行,原始初筛,,2393099858.26087,5381450.0,1.4815217391304347,16.654347826086955,2.6568834996748567,0.391808556071457,0.0,0,,同比下滑,同比下滑,0.22662813010812755,0.6466405780578366,74.34028513385121,一次性占比高；现金流覆盖弱；利润趋势弱
Watch,29.803899400771876,01762.HK,万咖壹联,补充宽筛,,1815633386.3428576,46970.0,1.0451428571428574,28.148000000000003,0.4225990733446298,-0.4012544633073996,0.013869540067625,3,0.08824387648260354,同比增长,同比增长,-19.62536809775281,0.25525669853584854,22.284493545142272,非严格净现金；现金流覆盖弱
Watch,23.189986962273068,01141.HK,民银资本,补充宽筛,,4497571641.073619,3369140.0,2.7668711656441713,29.74386503067484,0.8950271083023505,-0.0821598801685327,0.0001309372005599,1,,同比增长,同比下滑,0.033267016919422576,0.15955033889899156,37.920606960125866,非严格净现金；现金流覆盖弱
Watch,23.034542783094558,00245.HK,中薇金融,原始初筛,金融口径,1952052860.172414,2003040.0,0.4344827586206896,15.72284482758621,6.485904866316419,0.8242556958923165,0.0,0,,同比下滑,高点回落,2.4730116421323953,0.46400064435584554,58.62008340200693,一次性偏高；利润趋势弱；金融口径另看
Watch,20.77371150189204,09879.HK,米高集团,补充宽筛,,8153191800.000001,126160.0,2.6950224215246648,23.4607735426009,0.845814103145548,-0.0352346672379276,0.0,1,,同比增长,高点回落,-1.8230134712782706,0.02911157504059383,26.72833183458334,非严格净现金；现金流覆盖弱
Watch,19.83540239008042,01617.HK,南方通信,补充宽筛,,878169600.0000001,271480.0,0.9360000000000002,26.1,0.8701981154868326,-0.0709669293949596,0.0,0,,同比下滑,稳定,0.5937748030290014,0.47064823955248436,54.880316333813816,一次性偏高；非严格净现金；现金流覆盖弱；利润趋势弱
Watch,19.399934979499356,00023.HK,东亚银行,原始初筛,金融口径,33660334498.05008,159790.0,0.3187480438184664,9.612245696400628,0.255615297254471,-16.286322302939592,0.0512248914252436,4,0.5447015138531848,同比下滑,稳定,0.20855364879099936,-0.20679805769780063,48.62812898106701,非严格净现金；现金流覆盖弱；利润趋势弱；金融口径另看
Watch,18.900905978618923,00815.HK,中国白银集团,原始初筛,,821854453.0344827,69310.0,0.5391379310344827,1.2701724137931032,0.8752517175187858,-0.080577527755053,0.0,0,,同比增长,同比下滑,-3.702943230795678,0.013424203817310758,45.59977810533304,非严格净现金；现金流覆盖弱
Watch,18.528504096970252,02357.HK,中航科工,原始初筛,,23360462929.262066,264970.0,0.6062068965517242,11.952379310344828,0.2838888955722954,-3.2868985703540385,0.1194422350896511,4,1.5807509183787505,同比下滑,稳定,-0.21783078658421295,0.9099953994241524,42.279802638845226,一次性占比高；派息透支；非严格净现金；现金流覆盖弱；利润趋势弱
Watch,18.348454531781783,01618.HK,中国中冶,原始初筛,,27519853496.38298,1483970.0,0.2358156028368794,17.516382978723406,0.118556816472723,-21.008991238851976,0.3022274446734668,4,6.292522590953935,同比下滑,同比下滑,3.8004966292725433,14.72075356643526,52.13402269650902,一次性占比高；派息透支；非严格净现金；利润趋势弱
Watch,17.748328125075005,06090.HK,不同集团,补充宽筛,,2583970380.39385,215440.0,2.1409994086339443,35.79615612063867,2.500272554202676,0.2119594729706305,0.0,0,,样本不足,样本不足,1.688364673762999,0.6025951716310316,80.65555286766286,一次性占比高；利润趋势弱
Watch,16.85683568192932,00596.HK,浪潮数字企业,原始初筛,,2913849356.2348485,85860.0,0.832878787878788,11.08090909090909,0.4549544168964201,-1.0398035826790366,0.0075220086285865,3,0.0922684448485767,同比下滑,稳定,-0.09901729526674907,0.06534734325141235,28.865907360757785,非严格净现金；现金流覆盖弱；利润趋势弱
Watch,15.8797470954038,02227.HK,守益控股,原始初筛,,297570000.00000006,192760.0,0.6836206896551725,4.1241379310344835,0.9525848352474904,-0.030065683368619,0.0,0,,同比增长,稳定,-125.8705630019293,0.883648852404088,30.653413778559933,一次性占比高；非严格净现金；现金流覆盖弱
Watch,15.774140426706804,01401.HK,未来机器有限公司,补充宽筛,,352500000.0,32260.0,0.5972916666666667,7.6864583333333325,0.0956961333900199,-9.111509219858156,0.0,0,,同比增长,同比增长,19.991528857169612,1.31779221092788,7.909023869885798,一次性占比高；非严格净现金
Watch,12.70390033461597,06979.HK,珍酒李渡,补充宽筛,消费,25380790390.006767,26814.0,1.682462787550744,42.56833558863328,1.6370956679510962,0.1637761053192674,0.0256939988857386,2,1.2110892177636967,同比下滑,同比下滑,-0.3973541485562103,0.531059355320362,59.535894381847136,一次性占比高；派息透支；现金流覆盖弱；利润趋势弱
Watch,1.00071552870034,03737.HK,中智药业,补充宽筛,医药,587248000.0000001,32640.0,0.4842424242424242,30.68242424242425,0.2383737775178076,-0.9489823720131868,0.066288859221317,3,2.251474840948525,同比下滑,同比下滑,3.8993987203539673,1.6489878542510121,38.99366780950467,一次性占比高；派息透支；非严格净现金；利润趋势弱
