ts_code,latest_report_date,cash_like,strict_cash_like,total_liabilities,interest_debt,net_cash_after_all_liab,cash_to_liab,net_cash_to_mv,revenue_latest,revenue_cagr_3y,profit_latest,profit_cagr_3y,profit_positive_years,cfo_latest,cfo_positive_years,cfo_to_profit_latest,oneoff_ratio_latest,dps_latest,div_paid_latest,buyback_latest,shareholder_return_hkd,dps_yield_est,dividend_paid_yield_est,score,flags,name,fullname,market,list_date,price_hkd,total_mv_hkd,float_mv_hkd,turnover_hkd,pb,pe_ttm,pe_dynamic,ts_avg_amount_hkd,ts_median_amount_hkd,source_batch,financial_source,strict_net_cash
03601.HK,20251231,479260000.0,429260000.0,79431000.0,1741000.0,399829000.0,6.033664438317533,1.8814596960143053,1091373000.0,0.4484998697320677,26104000.0,-0.2442977210931474,4,26899000.0,3,1.030455102666258,0.4416181428133619,,24645000.0,,24645000.0,,0.11597101312879395,127.84957262434496,现金类资产>总负债;近年盈利稳定;经营现金流稳定;股东回报率较高,鲁大师,360鲁大师控股有限公司,主板,20191010,0.79,212510000.0,212510000.0,24490.0,0.28,7.35,7.35,161661.05263157896,123010.0,补充宽筛,new,True
00538.HK,20251231,3349090000.0,3338962000.0,1078734000.0,652895000.0,2270356000.0,3.104648597337249,2.2365150602621227,1831936000.0,0.08612333586421883,28408000.0,,2,453149000.0,4,15.9514573359617,0.0,,65492000.0,,65492000.0,,0.06451580471374839,125.35474141412452,现金类资产>总负债;经营现金流稳定;股东回报率较高,味千(中国),味千(中国)控股有限公司,主板,20070330,0.93,1015131103.0,1015131103.0,724450.0,0.32,32.28,32.28,370365.0,361400.0,补充宽筛,new,True
08512.HK,20251231,732773353.8,732773353.8,101784765.02,11049993.479999999,630988588.78,7.199243950271095,1.8078348244563505,811189107.76,0.09856931610020303,91645217.3,0.11983256451052648,4,182526310.48,4,1.9916621495096831,0.06315478243729365,,,,0.0,,0.0,117.57209109704047,现金类资产>总负债;近年盈利稳定;经营现金流稳定,凯富善集团控股,凯富善集团控股有限公司,创业板,20180719,0.38,349030000.0,349030000.0,30400.0,0.47,3.44,3.44,155880.55555555556,100325.0,补充宽筛,new,True
00536.HK,20251231,412504186.88,412504186.88,140900513.56,,271603673.32,2.9276272772727854,0.31016861491433767,228270790.6,-0.004229207038118021,75893963.72,0.1753023875601074,4,65998285.4,4,0.8696117868278866,0.0,,72490630.76,,72490630.76,,0.08278355834534368,116.26070738805774,现金类资产>总负债;近年盈利稳定;经营现金流稳定;股东回报率较高,贸易通,贸易通电子贸易有限公司,主板,20051028,1.1,875664591.0,875664591.0,635900.0,2.28,10.42,10.42,802710.0434999999,485537.435,补充宽筛,new,True
01346.HK,20251231,583749473.28,583749473.28,278788460.57,20738319.77,304961012.71,2.093879610678608,0.36425389796720337,1406859016.14,-0.02390488224563292,111554021.54,0.03331680618443955,4,132363339.22,4,1.1865402734274209,0.11911045757535133,,56676637.43,14477774.64,71154412.07,,0.08498880471225637,116.0540366013561,现金类资产>总负债;近年盈利稳定;经营现金流稳定;股东回报率较高,利华控股集团,利华控股集团,主板,20191113,1.31,837221000.0,837221000.0,10480.0,1.54,6.78,6.78,138264.44444444444,80080.0,补充宽筛,new,True
02102.HK,20260131,123003928.62,123003928.62,38804869.26,1502279.46,84199059.36000001,3.169806546592138,0.29034158400000004,301154535.08,-0.039156002442547244,25650578.77,-0.12819832511623908,4,70035197.05,3,2.7303554308844937,0.19688953591591804,,27323700.0,,27323700.0,,0.09421965517241379,114.98472096240833,现金类资产>总负债;近年盈利稳定;经营现金流稳定;股东回报率较高,德利机械,德利机械控股有限公司,主板,20201006,0.29,290000000.0,290000000.0,20300.0,0.67,10.52,10.52,32193.33333333333,19600.0,补充宽筛,new,True
00064.HK,20260331,2388226116.7000003,2068272408.15,412795018.1,,1975431098.6000004,5.785501306901553,1.004864929404978,156723972.76,-0.059353654714481174,45203465.76,0.29465317318192596,4,167724468.78,4,3.710433834222007,-1.2408305057359832,,,,0.0,,0.0,113.97090233411816,现金类资产>总负债;近年盈利稳定;经营现金流稳定,结好控股,结好控股有限公司,主板,20020606,3.18,1965867293.0,1965867293.0,1332655.0,0.3,36.82,36.82,1150163.615,323754.95,补充宽筛,new,True
08502.HK,20251231,405355000.0,385770000.0,160950000.0,557000.0,244405000.0,2.518515066790929,0.9698611111111111,158827000.0,-0.05361172634233591,52179000.0,-0.06624994037887089,4,42048000.0,4,0.8058414304605301,0.2764713773740394,,16061000.0,,16061000.0,,0.06373412698412699,112.44209198063423,现金类资产>总负债;近年盈利稳定;经营现金流稳定;股东回报率较高,远航港口,远航港口发展有限公司,创业板,20180710,0.315,252000000.0,252000000.0,15120.0,0.38,4.36,4.36,39276.92307692308,24520.0,补充宽筛,new,True
00380.HK,20251231,403353665.06,401938319.32,166719057.26,91955924.98,236634607.8,2.4193614796595573,1.2420848893035379,582914704.28,0.008323737354414273,50549610.52,0.04761980735883875,4,167521116.62,4,3.313994210770825,0.03989922452917843,,,,0.0,,0.0,112.34696368168323,现金类资产>总负债;近年盈利稳定;经营现金流稳定,中国管业,中国管业集团有限公司,主板,20001221,0.143,190514038.0,190514038.0,56628.0,0.22,3.4,3.4,112555.33333333331,43460.0,补充宽筛,new,True
00914.HK,20251231,105974479884.0,90368744884.0,52295371887.0,24310212358.0,53679107997.0,2.02646001089714,0.5781658966540524,82532051000.0,-0.14494785826836187,8464457000.0,-0.18886415735624562,4,15870959000.0,4,1.87501206515669,0.3213395732295645,,5515514000.0,,5515514000.0,,0.05940639135613428,110.43931024867896,现金类资产>总负债;近年盈利稳定;经营现金流稳定;股东回报率较高,海螺水泥,安徽海螺水泥股份有限公司,主板,19971021,17.52,92843781184.0,22768992000.0,87338357.0,0.42,10.24,10.24,146687209.4475,128279652.97,补充宽筛,new,True
01681.HK,20251231,3903491000.0,2894365000.0,1572153000.0,212920000.0,2331338000.0,2.482895112625807,0.21773405969077234,3417355000.0,0.13460946138412844,1078067000.0,0.1643799789685041,4,1211796000.0,4,1.124045166024004,0.048836482333658296,,502071000.0,168020000.0,670091000.0,,0.06258278885011496,109.95250472964506,现金类资产>总负债;近年盈利稳定;经营现金流稳定;股东回报率较高,康臣药业,康臣药业集团有限公司,主板,20131219,12.75,10707272915.0,10707272915.0,10470732.0,2.15,8.97,8.97,24922155.956,23847335.6,补充宽筛,new,True
01284.HK,20251231,133336949.28,133336949.28,65898027.98,36845053.46,67438921.30000001,2.0233829959292207,0.24977378259259264,171419414.14,-0.07271417430351657,11509732.46,-0.31121835876718285,4,28815427.66,4,2.5035705877736794,0.4440869496978733,,22598564.4,,22598564.4,,0.08369838666666667,109.55248594976334,现金类资产>总负债;近年盈利稳定;经营现金流稳定;股东回报率较高,新传企划,新传企划有限公司,主板,20230717,0.45,270000000.0,270000000.0,15750.0,1.46,21.19,21.19,78876.31578947368,51050.0,补充宽筛,new,True
02367.HK,20251231,8290486000.0,6306160000.0,916637000.0,9689000.0,7373849000.0,9.044459257045046,0.27892756743520314,5518512000.0,0.3264704869616395,1914836000.0,0.2409406436283914,4,1780622000.0,4,0.9299083576870291,0.11567204711003971,,1278874000.0,166147000.0,1445021000.0,,0.054660217807929706,107.73092159008576,现金类资产>总负债;近年盈利稳定;经营现金流稳定;股东回报率较高,巨子生物,巨子生物控股有限公司,主板,20221104,24.9,26436429600.0,26436429600.0,66811180.0,2.43,12.47,12.47,150734677.331,126465783.39,补充宽筛,new,True
00393.HK,20251231,1106153663.16,1087664749.76,662201162.32,15273450.2,443952500.84000003,1.6704193923257806,0.22253258187468675,882153296.72,-0.02034691130956623,67900466.72,0.2466970287237411,4,124907197.02,4,1.839563158454826,0.8217915292114505,,147630405.78,4922549.0,152552954.78,,0.07646764650626567,106.35731181531476,现金类资产>总负债;近年盈利稳定;经营现金流稳定;一次性/其他收益占比较高;股东回报率较高,旭日企业,旭日企业有限公司,主板,19960917,1.33,1995000000.0,1995000000.0,375960.0,0.67,26.54,26.54,198710.0,160860.0,补充宽筛,new,True
02076.HK,20251231,19945319000.0,10495075000.0,4486976000.0,158043000.0,15458343000.0,4.445158387296924,0.30574317493036696,8192714000.0,0.2245862330600994,2735340000.0,1.9435952104590077,4,4552371000.0,4,1.664279760468534,-0.008061520688470172,,553010000.0,142798000.0,695808000.0,,0.013762053737709713,106.33474500394706,现金类资产>总负债;近年盈利稳定;经营现金流稳定,BOSS直聘-W,看准科技有限公司,主板,20221222,52.25,50559895584.0,44115238412.0,1835745.0,2.17,13.39,13.39,6044046.1850000005,5115659.975,补充宽筛,new,True
09985.HK,20251231,6207518000.0,5707312000.0,4042233000.0,2222989000.0,2165285000.0,1.5356655591105213,0.1226782243289682,7223759000.0,0.1596439302059245,1425204000.0,1.1119432234289883,4,1494379000.0,4,1.0485369112070975,-0.015411127108820913,,1129844000.0,,1129844000.0,,0.06401340040167403,105.19714706341186,现金类资产>总负债;近年盈利稳定;经营现金流稳定;股东回报率较高,卫龙美味,卫龙美味全球控股有限公司,主板,20221215,7.26,17650116896.0,17650116896.0,9844260.0,2.18,11.19,11.19,41154752.375,31024851.0,补充宽筛,new,True
00999.HK,20251231,1487482000.0,317786000.0,1357484000.0,951071000.0,129998000.0,1.0957639279726317,0.0174131794488524,5345091000.0,0.1848477196221654,715092000.0,0.4438464293528017,4,1162214000.0,4,1.6252650008670213,0.08360462709693298,,624255000.0,,624255000.0,,0.08361870441732454,105.08683738165934,现金类资产>总负债;近年盈利稳定;经营现金流稳定;股东回报率较高,小菜园,小菜园国际控股有限公司,主板,20241220,6.37,7465494764.0,7465494764.0,3208040.0,2.77,9.43,9.43,11818383.172,8904920.0,补充宽筛,new,True
00316.HK,20251231,44177146665.6,43882077641.6,29912407929.6,8992984102.4,14264738736.0,1.476883665453233,0.1764789455697306,68337465827.2,-0.20892382092139306,10637969310.4,-0.46483029022685596,4,13992731204.8,4,1.3153573578295892,0.24705530223993266,,9477338710.4,,9477338710.4,,0.11725070983582453,104.14097729377876,现金类资产>总负债;近年盈利稳定;经营现金流稳定;股东回报率较高,东方海外国际,东方海外(国际)有限公司,主板,19920731,122.4,80829691553.0,80829691553.0,46037644.0,0.77,6.86,6.86,214665154.1615,194747398.6,补充宽筛,new,True
00697.HK,20251231,9097155066.300001,8970798201.18,3994630449.1,1842760282.6399999,5102524617.200001,2.2773458476865143,0.38022715699842785,1297759141.08,-0.03161570528467006,280153553.84,-0.30194026940385454,4,521044134.28,4,1.8598519531098874,1.2936467508350207,,1042592265.32,194712554.72,1237304820.04,,0.09220080829760363,103.06012622803769,现金类资产>总负债;近年盈利稳定;经营现金流稳定;一次性/其他收益占比较高;股东回报率较高,首程控股,首程控股有限公司,主板,19910430,1.66,13419674327.0,13419674327.0,38063539.0,1.25,43.27,43.27,101078989.4155,92847087.6,补充宽筛,new,True
01530.HK,20251231,19586398000.0,15728733000.0,5814179000.0,2617850000.0,13772219000.0,3.3687297897089166,0.3476121558724545,17695749000.0,0.37107318647806586,8482164000.0,0.6420675356353016,4,9668867000.0,4,1.139905689161398,0.0576239742593989,,559822000.0,,559822000.0,,0.014129962087070298,102.22854094225876,现金类资产>总负债;近年盈利稳定;经营现金流稳定,三生制药,三生制药,主板,20150611,15.61,39619497671.0,39619497671.0,164099460.0,1.32,4.22,4.22,623589411.22,555455992.755,补充宽筛,new,True
06618.HK,20251231,46972772000.0,46471399000.0,21513391000.0,636017000.0,25459381000.0,2.1834201776930473,0.23639283970112046,73441487000.0,0.16259783365803093,5375405000.0,1.4182574598381388,4,10173949000.0,4,1.8926851093080428,0.1431730260324571,,,,0.0,,0.0,101.20568999729278,现金类资产>总负债;近年盈利稳定;经营现金流稳定,京东健康,京东健康股份有限公司,主板,20201208,33.54,107699459223.0,107699459223.0,237343721.0,1.62,18.1,18.1,435019460.4535,408202709.275,补充宽筛,new,True
01579.HK,20251231,2152708000.0,2139007000.0,994787000.0,116570000.0,1157921000.0,2.1639888740001627,0.08565411661945259,6612566000.0,0.02463379639002161,853964000.0,0.04796735804660046,4,986438000.0,4,1.1551283192265716,0.15921865558735496,,695545000.0,,695545000.0,,0.05145108564753308,101.0955414078675,现金类资产>总负债;近年盈利稳定;经营现金流稳定;股东回报率较高,颐海国际,颐海国际控股有限公司,主板,20160713,13.04,13518568000.0,13518568000.0,14252465.0,2.56,14.3,14.3,45102270.0635,35453253.5,补充宽筛,new,True
08436.HK,20251231,182226441.44,179602587.34,24768098.84,5089644.7,157458342.6,7.357304354168186,0.9841146412499999,146030803.16,-0.07906106920510259,5935961.84,0.8750633270304093,4,4119586.42,4,0.6940048691418138,0.4548082775410834,,,,0.0,,0.0,99.84017388264151,现金类资产>总负债;近年盈利稳定;经营现金流稳定,德宝集团控股,德宝集团控股有限公司,创业板,20171027,0.4,160000000.0,160000000.0,25200.0,0.64,24.35,24.35,71125.0,53462.5,补充宽筛,new,True
02302.HK,20251231,819268410.66,819268410.66,115851513.3,2332114.04,703416897.36,7.071710911004561,0.34401565202902856,2248965413.24,0.4060489000048684,173761463.6,0.34001429695017293,4,259694717.62,4,1.494547250233912,0.04138683854870568,,,,0.0,,0.0,99.76427231075475,现金类资产>总负债;近年盈利稳定;经营现金流稳定,中核国际,中核国际有限公司,主板,20030106,4.18,2044723527.0,2044723527.0,2482380.0,2.35,10.63,10.63,3317781.1,2974479.0,补充宽筛,new,True
03888.HK,20251231,27064881000.0,22587238000.0,6906511000.0,35253000.0,20158370000.0,3.918748699596656,0.6353803503231246,9682881000.0,0.08234439636406243,2004388000.0,,3,2291620000.0,4,1.1433015962977229,0.13448094879833644,,706507000.0,395277000.0,1101784000.0,,0.03472760465753994,99.11700838723372,现金类资产>总负债;近年盈利稳定;经营现金流稳定,金山软件,金山软件有限公司,主板,20071009,22.96,31726461150.0,31726461150.0,264970743.0,1.04,10.08,10.08,632945304.8900001,540400016.26,补充宽筛,new,True
01289.HK,20251231,349492000.0,349492000.0,195186000.0,,154306000.0,1.790558749090611,0.5659697769953052,184418000.0,-0.03939114092596563,33809000.0,0.1436215811053474,4,23582000.0,4,0.697506581087876,0.23990653376319915,,10240000.0,,10240000.0,,0.03755868544600939,98.12678541501026,现金类资产>总负债;近年盈利稳定;经营现金流稳定,盛力达科技,无锡盛力达科技股份有限公司,主板,20141111,2.13,272640000.0,68160000.0,19080.0,0.33,7.28,7.28,133444.16666666666,64050.0,补充宽筛,new,True
01833.HK,20251231,6295327000.0,3418768000.0,3325388000.0,39790000.0,2969939000.0,1.893110518231256,0.1849331570966757,5468174000.0,-0.041265696192213874,379511000.0,,2,450946000.0,2,1.1882290631892092,0.45858222818310934,,3906599000.0,,3906599000.0,,0.24325741592023142,97.03776560902578,现金类资产>总负债;股东回报率较高,平安好医生,平安健康医疗科技有限公司,主板,20180504,7.43,16059526840.0,16059526840.0,43077811.0,1.46,38.22,38.22,93443688.0425,97290505.235,补充宽筛,new,True
01278.HK,20251231,5569013000.0,2196275000.0,4543980000.0,3756482000.0,1025033000.0,1.2255804382941826,1.505547767114017,388917000.0,0.08435611278431354,73295000.0,1.9987594685658148,4,-177224000.0,1,-2.4179548400300157,0.3813902721877345,,48590000.0,,48590000.0,,0.07136801059484922,95.89416780149725,现金类资产>总负债;近年盈利稳定;股东回报率较高,中国新城镇,中国新城镇发展有限公司,主板,20101022,0.07,680837249.0,680837249.0,35000.0,0.15,8.39,8.39,199229.21545,142204.514,补充宽筛,new,True
01471.HK,20251231,561766000.0,561766000.0,295591000.0,88403000.0,266175000.0,1.9004841148749454,0.1904192739459561,248051000.0,0.18678207483757148,51700000.0,0.11026041996756764,4,89230000.0,4,1.7259187620889749,0.17912959381044488,,21261000.0,,21261000.0,,0.015209934003437484,95.68140602225337,现金类资产>总负债;近年盈利稳定;经营现金流稳定,众淼控股,众淼控股(青岛)股份有限公司,主板,20240806,9.9,1397836440.0,349470000.0,17820.0,2.0,24.42,24.42,421873.625,77884.0,补充宽筛,new,True
02331.HK,20251231,17809126000.0,17809126000.0,10086568000.0,2055154000.0,7722558000.0,1.7656279122888974,0.18909273177163927,29598417000.0,0.04680055752096335,2935743000.0,-0.1027213004796591,4,4851532000.0,4,1.6525738118084587,0.0778109664231508,,1399890000.0,,1399890000.0,,0.03427737600414268,95.32243181858586,现金类资产>总负债;近年盈利稳定;经营现金流稳定,李宁,李宁有限公司,主板,20040628,15.8,40840057297.0,40840057297.0,280731856.0,1.34,12.56,12.56,385513522.6415,336450612.285,补充宽筛,new,True
02391.HK,20251231,6694777366.4,6260608390.4,772528379.2,37351043.2,5922248987.2,8.666060104268075,0.6110930863404511,2261804580.8,0.15978867062752045,406897232.0,,2,569613952.0,3,1.399896355156331,0.17534980134738296,,490947622.4,168691.2,491116313.59999996,,0.050676319837045986,95.07535855764309,现金类资产>总负债;经营现金流稳定;股东回报率较高,涂鸦智能-W,涂鸦智能,主板,20220705,15.8,9691238732.0,8582669131.0,48580.0,1.23,19.84,19.84,946276.8,801897.0,补充宽筛,new,True
03878.HK,20250930,152119814.62,149546124.0,32206282.48,308587.24,119913532.14,4.7232962920966095,1.0918262684333013,108734092.04,-0.09113579726090149,5081646.68,,3,102667339.94,3,20.203557312252965,0.36722960833632773,,,,0.0,,0.0,95.06246499489689,现金类资产>总负债;近年盈利稳定;经营现金流稳定,VICON HOLDINGS,Vicon Holdings Limited,主板,20171222,0.229,109828400.0,109828400.0,13282.0,0.4,27.62,27.62,38866.0,34318.0,补充宽筛,new,True
03880.HK,20251231,1074759000.0,1074759000.0,227795000.0,30747000.0,846964000.0,4.718097412146887,0.26174179727529734,570087000.0,0.17564809673506,217371000.0,0.590948937922736,4,267443000.0,4,1.2303527149435758,0.2571134143929043,,,,0.0,,0.0,94.94532950323851,现金类资产>总负债;近年盈利稳定;经营现金流稳定,泰德医药,泰德医药(浙江)股份有限公司,主板,20250630,22.82,3235876000.0,3235876000.0,1044996.0,1.84,13.45,13.45,2443754.48,2273257.0,补充宽筛,new,True
03316.HK,20251231,3337807000.0,2905038000.0,3163651000.0,2378000.0,174156000.0,1.0550490556638517,0.028955462947967393,4101253000.0,0.27416227803237825,595508000.0,0.13065962702823586,4,828737000.0,4,1.3916471315246814,0.024036620834648737,,432242000.0,,432242000.0,,0.0718652657132417,94.47168026583569,现金类资产>总负债;近年盈利稳定;经营现金流稳定;股东回报率较高,滨江服务,滨江服务集团有限公司,主板,20190315,21.76,6014616320.0,6014616320.0,6279424.0,3.25,9.12,9.12,4092007.098,4081535.0,补充宽筛,new,True
02097.HK,20251231,17318652000.0,8383525000.0,6024867000.0,187262000.0,11293785000.0,2.874528516563104,0.12182772777084755,33559923000.0,0.3521375886905578,5886704000.0,0.4338994762006938,4,6039033000.0,4,1.025876789456375,0.05905273986937342,,,,0.0,,0.0,93.44762508155208,现金类资产>总负债;近年盈利稳定;经营现金流稳定,蜜雪集团,蜜雪冰城股份有限公司,主板,20250303,244.2,92702910960.0,36845642764.0,76867752.0,3.42,14.22,14.22,156671000.44,112735784.75,补充宽筛,new,True
01789.HK,20251231,1466080000.0,614165000.0,749832000.0,86434000.0,716248000.0,1.9552113006646823,0.12371741801087402,1482439000.0,0.1211074275646149,339094000.0,0.1830865337084726,4,395981000.0,4,1.1677617415819803,0.08872171138386406,,73633000.0,,73633000.0,,0.01271861790943177,92.92803154318672,现金类资产>总负债;近年盈利稳定;经营现金流稳定,爱康医疗,爱康医疗控股有限公司,主板,20171220,5.21,5789386907.0,5789386907.0,32390698.0,1.82,15.42,15.42,37994338.9005,33549771.075,补充宽筛,new,True
01650.HK,20251231,76142011.4,76142011.4,61927817.0,10546015.200000001,14214194.400000006,1.2295284266196562,0.05150070434782611,440323427.6,0.1023188727500306,14552627.6,,3,21408629.2,4,1.471117779444861,0.13878469617404351,,21834400.0,,21834400.0,,0.07911014492753624,91.79209230845026,现金类资产>总负债;近年盈利稳定;经营现金流稳定;股东回报率较高,HYGIEIA GROUP,Hygieia Group Limited,主板,20200703,0.138,276000000.0,276000000.0,30824.0,1.72,17.13,17.13,183315.2,103896.0,补充宽筛,new,True
01217.HK,20251231,248179565.84,125625256.92,92277471.3,428126.28,155902094.54000002,2.6894924876425392,1.1071226516701262,62937272.82,,51185477.4,1.1512014144271983,4,-26766924.7,2,-0.5229398270689959,0.013993294512087523,,,,0.0,,0.0,91.54604289257696,现金类资产>总负债;近年盈利稳定,中国创新投资,中国创新投资有限公司,主板,20020828,0.011,140817365.0,140817365.0,49600.0,0.23,2.48,2.48,114611.1042,72728.0,补充宽筛,new,True
00725.HK,20251231,96275123.02000001,95275258.48,77137697.66,,19137425.360000014,1.2480943292390199,0.09618826767458466,357440282.8,0.07232058233967709,28167818.92,0.19432177618072766,4,48274399.34,4,1.7138138908484577,0.30638748156223944,,8985232.56,,8985232.56,,0.045161453975210854,91.47344327331432,现金类资产>总负债;近年盈利稳定;经营现金流稳定;股东回报率较高,恒都集团,恒都集团有限公司,主板,19961230,1.0,198958000.0,198958000.0,43780.0,0.44,6.38,6.38,182997.77777777775,57570.0,补充宽筛,new,True
01357.HK,20251231,4866098000.0,3981952000.0,3650516000.0,51236000.0,1215582000.0,1.332989089761557,0.06362869895129174,3858738000.0,0.22769429113970374,582900000.0,0.8362714345685252,4,1257010000.0,4,2.156476239492194,0.9486121118545205,,865592000.0,,865592000.0,,0.045308743287286686,91.22114044286045,现金类资产>总负债;近年盈利稳定;经营现金流稳定;一次性/其他收益占比较高;股东回报率较高,美图公司,美图公司,主板,20161215,4.2,19104303876.0,19104303876.0,261686022.0,3.07,29.6,29.6,648925102.515,416829685.05,补充宽筛,new,True
06608.HK,20251231,2902527000.0,2311605000.0,727125000.0,124904000.0,2175402000.0,3.9917854564208355,1.0244893117856066,2920215000.0,0.12441229186894831,66908000.0,-0.34642781598457906,4,91259000.0,4,1.3639475100137501,1.6947898607042506,,,82161000.0,82161000.0,,0.038693108834880745,89.98278539945234,现金类资产>总负债;近年盈利稳定;经营现金流稳定;一次性/其他收益占比较高,百融云-W,百融云创,主板,20210331,4.72,2123401362.0,1780215685.0,3703925.0,0.43,28.66,28.66,7514885.083,7026087.87,补充宽筛,new,True
01354.HK,20251231,891030000.0,891030000.0,643758000.0,2128000.0,247272000.0,1.3841070712907646,1.9834612737191637,1049218000.0,0.14073943057060068,63948000.0,0.19470690151990078,4,38894000.0,3,0.6082129229999375,0.23390880090073185,,,,0.0,,0.0,89.86686308682249,现金类资产>总负债;近年盈利稳定;经营现金流稳定,经发物业,西安经发物业股份有限公司,主板,20240703,1.87,124666916.0,31166916.0,89049.0,0.35,1.76,1.76,277648.5,235875.0,补充宽筛,new,True
01880.HK,20251231,33781245387.6,33781245387.6,13857345805.32,4748074388.7,19923899582.28,2.437786128901465,0.18783458397666958,53693579000.0,-0.004547769969528437,3643905000.0,-0.10682508677890279,4,6058560000.0,3,1.6626558595792151,0.3498189442370204,,3015338000.0,,3015338000.0,,0.028427404807981293,89.50049259623253,现金类资产>总负债;近年盈利稳定;经营现金流稳定,中国中免,中国旅游集团中免股份有限公司,主板,20220825,51.05,106071518676.0,6397642155.0,58329662.0,1.62,23.09,23.09,119202409.565,76400165.2,补充宽筛,new,True
00591.HK,20251231,2951696000.0,2951696000.0,97838000.0,824000.0,2853858000.0,30.169218504057728,11.907820372398685,85480000.0,0.06504284736876009,3788000.0,,2,14613000.0,3,3.8577085533262934,0.9714889123548046,,,,0.0,,0.0,89.34213305174234,现金类资产>总负债;经营现金流稳定;一次性/其他收益占比较高,中国高精密,中国高精密自动化集团有限公司,主板,20091113,0.231,239662500.0,239662500.0,139125.0,0.13,38.34,38.34,549000.3,353887.5,补充宽筛,new,True
02566.HK,20251231,650838000.0,650838000.0,469742000.0,161619000.0,181096000.0,1.3855222654137804,0.12906882162013203,1306301000.0,0.05094052645974778,138407000.0,0.32228027631659817,4,254839000.0,4,1.8412291285845368,0.1869992124675775,,13734000.0,,13734000.0,,0.009788350908528589,88.87245520132606,现金类资产>总负债;近年盈利稳定;经营现金流稳定,九源基因,杭州九源基因生物医药股份有限公司,主板,20241128,5.81,1403096408.0,1403096408.0,34500.0,0.78,9.16,9.16,277074.80700000003,214918.0,补充宽筛,new,True
01059.HK,20251231,133010886.86,122870435.92,62697016.3,6583570.58,70313870.56,2.121486710365195,0.4999650737695864,61537281.82,0.09139447232976683,3815201.28,0.005687249338829137,4,9154134.7,3,2.3993844696969697,0.5369318181818182,,,,0.0,,0.0,88.67000434890815,现金类资产>总负债;近年盈利稳定;经营现金流稳定;一次性/其他收益占比较高,看通集团,看通集团有限公司,主板,19970123,0.375,140637565.0,140637565.0,11250.0,0.63,7.16,7.16,268391.1473529412,17220.0,补充宽筛,new,True
02698.HK,20251231,3131021132.8,3131021132.8,881805132.8,149137078.4,2249216000.0,3.550695064405051,0.1313721094713356,3988035688.0,-0.3210713226696452,851630494.4,0.6079915395148603,3,811376556.8,3,0.9527330950867839,0.021722803165983018,,246008000.0,,246008000.0,,0.014368824473427333,87.77379221627204,现金类资产>总负债;近年盈利稳定;经营现金流稳定,乐舒适,乐舒适有限公司,主板,20251110,27.58,17120955194.0,17120955194.0,8202080.0,3.45,18.16,18.16,47795989.796,32186631.82,补充宽筛,new,True
08480.HK,20251231,152124214.13,152124214.13,141626976.57,29382219.98,10497237.560000002,1.0741189130363993,0.05684496907686337,405755208.78,0.16632366771165397,47009820.05,0.17944119656308177,4,69253017.89,4,1.4731606676294862,0.2284198503329519,,8746254.7,,8746254.7,,0.04736299194126943,87.08562859056792,现金类资产>总负债;近年盈利稳定;经营现金流稳定;股东回报率较高,飞霓控股,飞霓控股有限公司,创业板,20171016,0.2,184664320.0,184664320.0,231960.0,0.46,3.55,3.55,639087.2,393600.0,补充宽筛,new,True
01750.HK,20251231,135389065.12,135389065.12,30554126.16,1688118.18,104834938.96000001,4.43112214733357,0.6694440546615582,146274672.56,-0.09276344872436593,4871065.46,-0.13122180514514925,4,12826627.22,2,2.63322825885407,0.2966808826256258,,,,0.0,,0.0,86.52649818017443,现金类资产>总负债;近年盈利稳定,全达电器集团控股,全达电器集团(控股)有限公司,主板,20180511,0.087,156600000.0,156600000.0,204230.0,0.9,29.04,29.04,77287.05882352941,48180.0,补充宽筛,new,True
02682.HK,20250930,130778907.12,118399811.3,111632803.54,12381834.76,19146103.58,1.1715096546253057,0.12352324890322579,158083399.98,0.0993565072250382,13014529.9,-0.07334499605939393,4,18226732.72,2,1.400491055769905,0.19130129779024901,,12708681.6,,12708681.6,,0.08199149419354838,85.10240697526001,现金类资产>总负债;近年盈利稳定;股东回报率较高,润利海事,润利海事集团控股有限公司,主板,20190318,0.155,155000000.0,155000000.0,47008.0,0.56,6.59,6.59,28600.941176470587,22232.0,补充宽筛,new,True
02218.HK,20251231,409073825.25,409073825.25,156482138.22,,252591687.03,2.61418862180218,0.03095155998275949,1677163545.44,0.16327820537050286,330345077.62,0.19342547452472747,4,491783138.2,2,1.4886952205950656,0.035784994694542716,,82754645.0,,82754645.0,,0.010140418272218336,84.88600176031022,现金类资产>总负债;近年盈利稳定,安德利果汁,烟台北方安德利果汁股份有限公司,主板,20110119,24.42,8160870960.0,1554381840.0,76500844.0,2.53,23.0,23.0,114856248.793,27128830.0,补充宽筛,new,True
02457.HK,20251231,227026000.0,227026000.0,95722000.0,6148000.0,131304000.0,2.3717222790998935,0.410325,404827000.0,-0.027631845514376696,11064000.0,-0.41041145732606676,4,30943000.0,3,2.7967281272595805,0.06579898770788142,,,,0.0,,0.0,84.77561214750543,现金类资产>总负债;近年盈利稳定;经营现金流稳定,步阳国际,步阳国际控股有限公司,主板,20221215,0.32,320000000.0,320000000.0,50325.0,0.7,26.12,26.12,56435.0,56512.5,补充宽筛,new,True
02172.HK,20251231,1018033000.0,611254000.0,314867000.0,15940000.0,703166000.0,3.233215929265372,0.12014961246009621,790483000.0,0.1303401063355234,184510000.0,,3,202023000.0,4,1.0949162647011002,0.2573844236084765,,84044000.0,29740000.0,113784000.0,,0.019442213508843696,84.42577488632173,现金类资产>总负债;近年盈利稳定;经营现金流稳定,微创脑科学,微创脑科学有限公司,主板,20220715,10.25,5852420042.0,5852420042.0,9445470.0,2.97,28.65,28.65,27146876.596,21469481.845,补充宽筛,new,True
06821.HK,20251231,7437534000.0,6320950000.0,2631326000.0,309184000.0,4806208000.0,2.8265346065063772,0.1437849783794346,6670181000.0,-0.13286903236604386,1132570000.0,-0.2999775020783487,4,1407586000.0,4,1.242824726065497,0.3464209717721642,,395066000.0,174427000.0,569493000.0,,0.01703724405856745,83.19772897733222,现金类资产>总负债;近年盈利稳定;经营现金流稳定,凯莱英,凯莱英医药集团(天津)股份有限公司,主板,20211210,92.65,33426356871.0,2578867352.0,7071520.0,1.64,26.86,26.86,40022895.805,35660647.2,补充宽筛,new,True
00241.HK,20260331,10165424000.0,9865010000.0,5236540000.0,59755000.0,4928884000.0,1.941248228792294,0.09375897830874794,16697093000.0,0.13233217023022448,1266629000.0,0.9839842229942446,4,563475000.0,4,0.4448619129989918,0.40646235006462034,,,,0.0,,0.0,83.12395887441774,现金类资产>总负债;近年盈利稳定;经营现金流稳定,阿里健康,阿里健康信息技术有限公司,主板,19720706,3.25,52569728136.0,52569728136.0,140042238.0,2.6,23.97,23.97,442849210.4405,432815423.545,补充宽筛,new,True
02376.HK,20251231,420605756.35,420605756.35,260185143.21,8587605.32,160420613.14000002,1.6165633101138357,0.5119550824799186,570698759.11,-0.03125284217234725,33948762.31,-0.23849210646197927,4,30190322.59,2,0.8892908175655961,0.0703631053817938,,14254460.19,,14254460.19,,0.045490683519015536,82.43675310413605,现金类资产>总负债;近年盈利稳定;股东回报率较高,鲁商服务,鲁商生活服务股份有限公司,主板,20220708,2.35,313349000.0,78349000.0,30560.0,0.48,8.34,8.34,23644.545454545456,19525.0,补充宽筛,new,True
02057.HK,20251231,25632425000.0,10011533000.0,23887584000.0,11477577000.0,1744841000.0,1.0730438457066231,0.013199298545468844,49098667000.0,0.11544865199670928,9080651000.0,0.10071958238333556,4,11968419000.0,4,1.3180133230536004,0.09261230279635238,,3755452000.0,1252741000.0,5008193000.0,,0.03788576413571623,82.33885783870086,现金类资产>总负债;近年盈利稳定;经营现金流稳定,中通快递-W,中通快递(开曼)有限公司,主板,20200929,171.7,132191948988.0,96804578988.0,99882091.0,1.88,12.84,12.84,352781010.579,309438383.2,补充宽筛,new,True
01698.HK,20251231,24316000000.0,24233000000.0,19472000000.0,3813000000.0,4844000000.0,1.2487674609695973,0.04555500687226902,32902000000.0,0.051023900953429235,11056000000.0,0.44333829103178846,4,10231000000.0,4,0.9253798842257598,0.33339363241678727,,2035000000.0,390000000.0,2425000000.0,,0.022805716693900163,81.45072490038375,现金类资产>总负债;近年盈利稳定;经营现金流稳定,腾讯音乐-SW,腾讯音乐娱乐集团,主板,20220921,33.78,106332988020.0,50091002423.0,26704458.0,1.26,10.68,10.68,65668894.136,59029620.98,补充宽筛,new,True
00083.HK,20251231,49470262620.0,48052207220.0,14088425560.0,2735853380.0,35381837060.0,3.5114117194512118,0.34952048645779055,4683195700.0,-0.06347042100533185,1384636260.0,-0.14266651470636071,4,137289440.0,4,0.09915198956294846,-0.2420091324200913,0.14,629544340.0,,629544340.0,0.013257575757575758,0.006218971716771246,81.39790492073239,现金类资产>总负债;近年盈利稳定;经营现金流稳定,信和置业,信和置业有限公司,主板,19810408,10.56,101229651568.0,101229651568.0,53649994.0,0.59,27.12,27.12,158278672.33499998,115586072.325,补充宽筛,new,True
00730.HK,20251231,275911129.5,275911129.5,92116698.14,5410287.8,183794431.36,2.9952346867738044,0.36315535035106633,140518451.5,-0.2484920931565311,26429120.42,0.26760703391036134,4,-1042315.88,1,-0.03943816000820204,0.39663716209288813,,23033916.44,89418.78,23123335.220000003,,0.045688886442137366,81.10964627135084,现金类资产>总负债;近年盈利稳定;股东回报率较高,首惠产业金融,首惠产业金融服务集团有限公司,主板,19910808,0.128,506104154.0,506104154.0,12925.0,0.35,17.3,17.3,121662.5,110014.5,补充宽筛,new,True
00690.HK,20251231,152483406.84,152483406.84,150436710.32,88296077.54,2046696.5200000107,1.013605033742405,0.004032467361645864,529477499.42,0.10416361306567734,84294812.94,0.3481576379666669,4,80196903.8,4,0.9513859869062543,0.0903168429286273,,14939258.8,,14939258.8,,0.029433808544405228,80.62999118791105,现金类资产>总负债;近年盈利稳定;经营现金流稳定,联康生物科技集团,联康生物科技集团有限公司,主板,20011112,0.085,507554392.0,507554392.0,36420.0,1.23,5.44,5.44,154011.73,109830.0,补充宽筛,new,True
02269.HK,20251231,15732762000.0,14800780000.0,10657394000.0,3104066000.0,5075368000.0,1.4762297424679993,0.040702430557056454,21790018000.0,0.1258630207700473,4908343000.0,0.03552720117093622,4,6340922000.0,4,1.2918661144911836,0.15350740565604318,,,1577092000.0,1577092000.0,,0.012647649906782972,80.22105329684744,现金类资产>总负债;近年盈利稳定;经营现金流稳定,药明生物,药明生物技术有限公司,主板,20170613,30.1,124694469852.0,124694469852.0,377555040.0,2.38,22.95,22.95,1007148938.7865,873980911.3199999,补充宽筛,new,True
06090.HK,20251231,912762000.0,882607000.0,365065000.0,22394000.0,547697000.0,2.500272554202676,0.17936960722706816,1445823000.0,0.2925488311119733,65198000.0,-0.25057870151994155,4,110078000.0,4,1.688364673762999,0.6025951716310316,,,,0.0,,0.0,80.13411501576587,现金类资产>总负债;近年盈利稳定;经营现金流稳定;一次性/其他收益占比较高,不同集团,不同集团,主板,20250923,33.82,3053454866.0,3053454866.0,6737130.0,2.53,42.3,42.3,75124661.392,73602382.0,补充宽筛,new,True
02222.HK,20251231,1239978723.2,874727131.2,825708280.0,130461556.8,414270443.20000005,1.5017152585656524,1.237364597886491,1566705462.4,-0.0697785192390733,83762209.6,,2,179424177.6,3,2.1420659561970297,0.9734832592095326,,,,0.0,,0.0,76.14690910985121,现金类资产>总负债;经营现金流稳定;一次性/其他收益占比较高,雷士国际,雷士国际控股有限公司,主板,20100520,0.66,334800627.0,334800627.0,46200.0,0.09,3.61,3.61,47564.92857142857,40575.5,补充宽筛,new,True
01073.HK,20251231,512130256.1,343441276.02,167850791.92,2931852.12,344279464.18000007,3.0511041994016233,0.9592923009261277,61902182.7,-0.03326090163243445,35814479.44,0.955098861020313,3,-38832137.46,1,-1.0842580449914254,0.9008877231917685,,9055683.72,,9055683.72,,0.025232546741957913,76.1077881591042,现金类资产>总负债;近年盈利稳定;一次性/其他收益占比较高,大禹金融,大禹金融控股有限公司,主板,20020114,0.105,358889010.0,358889010.0,13050.0,0.54,9.05,9.05,15376.872727272728,4200.0,补充宽筛,new,True
09658.HK,20251231,3823526624.0,3823526624.0,2489875083.2,1608196468.8000002,1333651540.8000002,1.5356298995875668,0.20569992179031643,5909498744.0,0.14978082410306648,256052155.2,,3,805837862.4,4,3.1471629745532406,0.5307584616651569,,,,0.0,,0.0,75.56343540123937,现金类资产>总负债;近年盈利稳定;经营现金流稳定;一次性/其他收益占比较高,特海国际,特海国际控股有限公司,主板,20221230,9.97,6483481030.0,6483481030.0,2799870.0,2.09,29.12,29.12,10589849.89,4904020.24,补充宽筛,new,True
08281.HK,20251231,90812000.0,90812000.0,63902000.0,1854000.0,26910000.0,1.4211135801696348,0.112125,268625000.0,-0.002360150902076863,10216000.0,-0.05620492268867494,4,21682000.0,4,2.1223570869224746,0.5885865309318715,,,,0.0,,0.0,75.18690761809748,现金类资产>总负债;近年盈利稳定;经营现金流稳定;一次性/其他收益占比较高,中国金典集团,中国金典集团有限公司,创业板,20160708,0.24,240000000.0,240000000.0,13408.0,0.8,21.22,21.22,31303.466666666667,25968.0,补充宽筛,new,True
02142.HK,20251231,2833000012.8,2833000012.8,935842547.2,574737947.2,1897157465.6000001,3.027218650483687,0.21025514463191894,1110374680.0,0.5769051061856458,641961390.4,,3,571680419.2,2,0.8905214982536434,0.19262479060142557,,2509281.6,176296361.6,178805643.2,,0.01981638691236916,75.12167288663349,现金类资产>总负债;近年盈利稳定,和铂医药-B,和铂医药控股有限公司,主板,20201210,10.4,9023120309.0,9023120309.0,16692340.0,3.16,12.7,12.7,59777204.58,58595834.4,补充宽筛,new,True
02050.HK,20251231,17863846101.2,17336781101.2,17365901101.16,2563931061.56,497945000.0400009,1.028673720824469,0.0045027604797403375,31011745000.0,0.13255522566396039,4062892000.0,0.16442756408174874,4,4905404000.0,4,1.2073675598563782,0.05494288304980787,,962851000.0,313188000.0,1276039000.0,,0.011538820510991811,74.33799445970214,现金类资产>总负债;近年盈利稳定;经营现金流稳定,三花智控,浙江三花智能控制股份有限公司,主板,20250623,26.28,110586606212.0,12523376592.0,283934592.0,2.99,24.2,24.2,619586143.332,525966637.83,补充宽筛,new,True
01861.HK,20251231,152699276.42,152699276.42,132888048.94,14849840.02,19811227.47999999,1.1490820855451411,0.0282311052020889,592353353.28,0.05809732206546547,53126497.18,0.12298382828702215,4,73843654.32,4,1.389959026845067,0.5030687362926946,,11473603.66,,11473603.66,,0.01634994662998703,73.58268315703071,现金类资产>总负债;近年盈利稳定;经营现金流稳定;一次性/其他收益占比较高,保宝龙科技,保宝龙科技控股有限公司,主板,20190621,3.0,701751750.0,701751750.0,417480.0,1.86,11.93,11.93,688946.9230769231,258900.0,补充宽筛,new,True
03699.HK,20251231,235400000.0,130972000.0,225582000.0,2480000.0,9818000.0,1.0435229761239815,0.05853385162044213,49929000.0,-0.015326998000281922,19528000.0,-0.039722625667375944,4,14574000.0,4,0.7463129864809505,0.8197460057353544,,9357000.0,,9357000.0,,0.055785419597930035,71.79468038521358,现金类资产>总负债;近年盈利稳定;经营现金流稳定;一次性/其他收益占比较高;股东回报率较高,光大永年,光大永年有限公司,主板,20180116,0.38,167732000.0,167732000.0,28120.0,0.15,7.76,7.76,57115.625,32965.0,补充宽筛,new,True
06969.HK,20251231,10776607000.0,10776607000.0,6661998000.0,2225935000.0,4114609000.0,1.61762387199756,0.08591421242671628,14256171000.0,0.05487750372538902,1063796000.0,-0.2488788581276007,4,486882000.0,4,0.45768361603164515,0.6315656385246795,,1393330000.0,181546000.0,1574876000.0,,0.03288386119063494,71.46211955537902,现金类资产>总负债;近年盈利稳定;经营现金流稳定;一次性/其他收益占比较高,思摩尔国际,思摩尔国际控股有限公司,主板,20200710,7.73,47892064465.0,47892064465.0,52035170.0,1.98,40.66,40.66,91321156.9735,78039595.86500001,补充宽筛,new,True
01450.HK,20251231,669074000.0,656792000.0,414106000.0,93294000.0,254968000.0,1.6157070894891645,0.22689586903628248,1486523000.0,0.5172412111177147,90225000.0,,3,357916000.0,2,3.966927126627875,0.24416735937932946,,,,0.0,,0.0,70.78305320283353,现金类资产>总负债;近年盈利稳定,交个朋友控股,交个朋友控股有限公司,主板,20140707,0.8,1123722530.0,1123722530.0,141440.0,1.88,11.25,11.25,599820.9011111112,448318.11,补充宽筛,new,True
02571.HK,20251231,373338000.0,235461000.0,128543000.0,50978000.0,244795000.0,2.9043821911733816,0.12321889812209456,262447000.0,0.21760756392398628,56265000.0,0.037856073004416624,4,86220000.0,3,1.5323913623033858,1.2832311383631032,,,,0.0,,0.0,70.58898106811169,现金类资产>总负债;近年盈利稳定;经营现金流稳定;一次性/其他收益占比较高,赛目科技,北京赛目科技股份有限公司,主板,20250115,14.9,1986667660.0,496667660.0,197724.0,1.99,31.89,31.89,246943.57894736843,111458.0,补充宽筛,new,True
00027.HK,20251231,15286920823.08,12935483294.4,14643913085.76,2126272911.6599998,643007737.3199997,1.04390955706677,0.004963856427116512,44476652786.5,0.6311007179271912,9640758023.3,,3,12874103172.86,3,1.3353828756769521,0.13590940029127493,,4753840149.08,15037709.78,4768877858.86,,0.03681452591612472,68.96630170679344,现金类资产>总负债;近年盈利稳定;经营现金流稳定,银河娱乐,银河娱乐集团有限公司,主板,19911007,29.58,129537940261.0,129537940261.0,238386895.0,1.56,12.14,12.14,418323635.14235,385936128.79,补充宽筛,new,True
09699.HK,20251231,2649681000.0,1145359000.0,2189229000.0,27673000.0,460452000.0,1.210326101106828,0.0667068152882087,22898637000.0,0.3081629127919192,277718000.0,,3,394758000.0,3,1.421434692745879,0.16101224983616474,,,73218000.0,73218000.0,,0.0106072719887677,65.47469100509763,现金类资产>总负债;近年盈利稳定;经营现金流稳定,顺丰同城,杭州顺丰同城实业股份有限公司,主板,20211214,7.55,6902623038.0,5605798058.0,9836595.0,1.9,22.45,22.45,35633968.256,29653578.6,补充宽筛,new,True
06979.HK,20251231,10681324000.0,10681324000.0,6524557000.0,978904000.0,4156767000.0,1.6370956679510962,0.16599229077690303,3650459000.0,-0.14575157352372825,538469000.0,-0.19438663641290665,4,-885612000.0,2,-1.644685209362099,0.531059355320362,,652134000.0,,652134000.0,,0.026041684932906962,59.6756591633198,现金类资产>总负债;近年盈利稳定;一次性/其他收益占比较高,珍酒李渡,珍酒李渡集团有限公司,主板,20230427,7.39,25041928035.0,25041928035.0,12952965.0,1.66,42.0,42.0,36513691.829500005,30143055.02,补充宽筛,new,True
00088.HK,20250930,699616574.0,645202966.0,282932502.0,89745934.0,416684072.0,2.472733139722491,0.1927879086840947,17255322.0,0.02338984093178631,23554884.0,,3,-155754388.0,1,-6.612403100775194,0.7906976744186046,0.11,67651818.0,,67651818.0,0.03142857142857143,0.03130057851334666,58.98640799992626,现金类资产>总负债;近年盈利稳定;一次性/其他收益占比较高,TAI CHEUNG HOLD,大昌集团有限公司,主板,19721211,3.5,2161359988.0,2161359988.0,388360.0,0.34,41.56,41.56,735894.5499999999,671840.0,补充宽筛,new,True
02878.HK,20251231,733898094.4,733898094.4,160594022.4,17079984.0,573304072.0,4.569896708683473,0.6955393578602055,655484801.6,-0.2099339423209312,28312006.4,-0.47337094453302064,4,-10290163.2,3,-0.3634558093346574,1.6007944389275075,,,,0.0,,0.0,56.12862972576329,现金类资产>总负债;近年盈利稳定;经营现金流稳定;一次性/其他收益占比较高,晶门半导体,晶门半导体有限公司,主板,20040408,0.33,824258276.0,824258276.0,57310.0,0.75,26.3,26.3,1985498.0,1480880.0,补充宽筛,new,True
00111.HK,20251231,1456909214.74,231418512.3,1376082766.6,1146732628.1000001,80826448.1400001,1.05873661824841,0.2066456905554165,183756496.12,0.14711831442668144,72645984.6,,2,49127039.02,3,0.6762526420489868,0.30392888225786396,,,,0.0,,0.0,49.12646472665558,现金类资产>总负债;经营现金流稳定,信达国际控股,信达国际控股有限公司,主板,20000801,0.61,391135416.0,391135416.0,44340.0,0.37,4.86,4.86,294443.0,146750.0,补充宽筛,new,True
00243.HK,20251031,177428304.57,64693627.05,132297395.4,48748971.99,45130909.16999999,1.3411322576196385,0.24120646923562178,146882768.16,-0.011955030314534376,71061271.65,0.32476457608826936,3,-7836399.3,2,-0.11027665447076192,0.9499582771679824,,,,0.0,,0.0,48.09547634067303,现金类资产>总负债;近年盈利稳定;一次性/其他收益占比较高,QPL INT'L,品质国际集团有限公司,主板,19870120,0.54,187104887.0,187104887.0,87840.0,0.46,2.85,2.85,2045518.0865,1010770.52,补充宽筛,new,True
02680.HK,20260228,173713558.48000002,164197989.12,92187940.24,594612.48,81525618.24000002,1.884341466223869,0.2227475908196722,10932459.01,-0.11513030472081875,16662588.03,,2,-27421848.74,2,-1.6457136604847091,1.422506701679523,,,,0.0,,0.0,40.41202742499012,现金类资产>总负债;一次性/其他收益占比较高,创升控股,创升控股有限公司,主板,20180914,6.1,366000000.0,366000000.0,224240.0,1.84,31.26,31.26,401412.4,338150.0,补充宽筛,new,True
00422.HK,20251231,414106714.33000004,414106714.33000004,388284829.02,265973742.18,25821885.310000062,1.0665024316689695,0.1137929019478233,611556699.38,-0.12902463063407155,32660120.48,,2,-78472524.5,2,-2.4027016234693326,2.4249139267106585,,,,0.0,,0.0,23.017730201206618,现金类资产>总负债;一次性/其他收益占比较高,越南制造加工出口,越南制造加工出口(控股)有限公司,主板,20071220,0.25,226920000.0,226920000.0,19010.0,0.6,7.95,7.95,34789.0,19667.5,补充宽筛,new,True
02273.HK,20251231,1180802000.0,1047742000.0,1808101000.0,784007000.0,-627299000.0,0.6530619694364419,-0.10746021229190214,3249070000.0,0.2599143284642722,352765000.0,0.24945069697424982,4,612424000.0,4,1.7360679205703513,0.10161438918260031,,163713000.0,431925000.0,595638000.0,,0.1020364864747497,98.30488262946702,现金类资产>有息负债;近年盈利稳定;经营现金流稳定;股东回报率较高,固生堂,固生堂控股有限公司,主板,20211210,26.04,5837500100.0,5837500100.0,13000674.0,2.49,14.95,14.95,24898010.695,23013610.3,补充宽筛,new,False
03828.HK,20251231,386467063.94,377875635.3,623299476.92,35753060.48,-236832412.97999996,0.6200343145636921,-0.4188889935437434,2022081065.34,0.08079457548123736,90985866.7,0.1049102149321044,4,185843837.54,4,2.0425572045465823,0.07701394748597806,,65338934.8,,65338934.8,,0.11556594088286216,96.30221295911556,现金类资产>有息负债;近年盈利稳定;经营现金流稳定;股东回报率较高,明辉国际,明辉国际控股有限公司,主板,20071102,0.77,565382277.0,565382277.0,17100.0,0.41,5.61,5.61,143685.7894736842,125320.0,补充宽筛,new,False
03978.HK,20251231,1223400000.0,1006835000.0,1441775000.0,336079000.0,-218375000.0,0.8485373931438678,-0.08506748191523766,1904430000.0,0.5710439621094867,301468000.0,0.74962257044345,4,593219000.0,3,1.967767723274112,0.02255297411333873,,169574000.0,16979000.0,186553000.0,,0.07267129457920243,94.18548783653938,现金类资产>有息负债;近年盈利稳定;经营现金流稳定;股东回报率较高,卓越教育集团,卓越教育集团,主板,20181227,3.03,2567079630.0,2567079630.0,2638290.0,2.78,7.69,7.69,3367398.878,3249626.33,补充宽筛,new,False
00104.HK,20250930,127523220.44,127523220.44,186044325.46,98311512.35999998,-58521105.02000001,0.6854453642952836,-0.3184088843716162,281895356.72,0.023287342468410355,29949395.92,0.6795686321404675,4,44131627.24,4,1.473539812218022,0.22957566150469452,,18259600.0,,18259600.0,,0.09934909573366703,94.0816136871572,现金类资产>有息负债;近年盈利稳定;经营现金流稳定;股东回报率较高,ASIA COMM HOLD,冠亚商业集团有限公司,主板,19870729,0.246,183792312.0,183792312.0,121250.0,0.4,8.57,8.57,159494.95,57765.0,补充宽筛,new,False
02488.HK,20251231,544086217.34,544086217.34,931442751.76,259032475.99999997,-387356534.41999996,0.5841327513815813,-0.13434048629945966,2109380323.12,0.21464175693039156,344256706.01,0.01622168294457982,4,482460847.01,4,1.401456641474939,0.10407249344609507,,328311519.16,,328311519.16,,0.11386287624580604,92.81102148715688,现金类资产>有息负债;近年盈利稳定;经营现金流稳定;股东回报率较高,元征科技,深圳市元征科技股份有限公司,主板,20110328,7.03,2883393868.0,2466385516.0,2666565.0,2.13,7.57,7.57,3275246.6965,3012287.5,补充宽筛,new,False
02101.HK,20251231,372815000.0,324299000.0,398796000.0,17036000.0,-25981000.0,0.9348514027221938,-0.06880571918243784,330964000.0,-0.11647027758708861,27303000.0,-0.3466127475801001,4,241238000.0,3,8.835585833058639,0.41713364831703476,,99254000.0,4449000.0,103703000.0,,0.2746376004147782,90.78857501067407,现金类资产>有息负债;近年盈利稳定;经营现金流稳定;股东回报率较高,福禄控股,福禄控股有限公司,主板,20200918,0.93,377599425.0,377599425.0,37185.0,0.28,12.49,12.49,22710.715625,7272.5,补充宽筛,new,False
01919.HK,20251231,151769936074.1,151469711074.1,200351998919.29,70706634672.85,-48582062845.19,0.7575164555020943,-0.2355312469523677,219503805000.0,-0.1751022695518052,30859651000.0,-0.3449524288708533,4,45545770000.0,4,1.4759003593397735,0.06875132839318242,,28336548000.0,6560757000.0,34897305000.0,,0.1691860180601796,89.94993460438275,现金类资产>有息负债;近年盈利稳定;经营现金流稳定;股东回报率较高,中远海控,中远海运控股股份有限公司,主板,20050630,13.47,206265892419.0,37129778865.0,123990036.0,0.77,7.33,7.33,454348602.3495,407715840.045,补充宽筛,new,False
89618.HK,20251231,213232000000.0,137488000000.0,401418000000.0,103594000000.0,-188186000000.0,0.5311969069648097,-0.7250053740272093,1309085000000.0,0.07757141521924282,19631000000.0,0.2366544269567723,4,18991000000.0,4,0.9673985023687026,0.01971371809892517,,10379000000.0,21430000000.0,31809000000.0,,0.12254735178191523,86.19717028182919,现金类资产>有息负债;近年盈利稳定;经营现金流稳定;股东回报率较高,京东集团-SWR,京东集团股份有限公司,主板,20230619,92.1,259564972539.0,229929400361.0,197867.0,1.2,18.75,18.75,982117.7777777778,591006.25,补充宽筛,new,False
02602.HK,20251231,11157777000.0,11157777000.0,21609074000.0,273529000.0,-10451297000.0,0.5163468365187699,-0.5243719955943092,37271860000.0,0.07376757081583118,694559000.0,-0.22835171723759307,4,1689796000.0,4,2.432904908006375,0.11535233147939916,,2168934000.0,133716000.0,2302650000.0,,0.11553065381791716,85.61222495069941,现金类资产>有息负债;近年盈利稳定;经营现金流稳定;股东回报率较高,万物云,万物云空间科技服务股份有限公司,主板,20220929,17.28,19931073909.0,19931073909.0,16167360.0,1.23,25.92,25.92,85561911.33,50780857.005,补充宽筛,new,False
01412.HK,20251231,100252000.68,100252000.68,248386403.22,57923498.6,-148134402.54,0.4036130777706263,-0.26773858180306537,1016496433.08,-0.037546671158878664,53646751.9,-0.22058404563244782,4,70860318.66,4,1.3208687599966327,-0.06434885091337654,,62466695.2,,62466695.2,,0.1129025,83.00723725834632,现金类资产>有息负债;近年盈利稳定;经营现金流稳定;股东回报率较高,隽思集团,隽思集团控股有限公司,主板,20200116,1.04,553280000.0,553280000.0,31200.0,0.62,9.32,9.32,114234.66666666669,105000.0,补充宽筛,new,False
03606.HK,20251231,22207564706.0,19273739706.0,32510194296.0,11803029335.0,-10302629590.0,0.6830954162809288,-0.07911333827012021,45787436000.0,0.17675599858692315,9311874000.0,0.2511071858843401,4,12055090000.0,4,1.29459333320017,0.06288508628875347,,6966084000.0,,6966084000.0,,0.0534921842133385,81.70182869255947,现金类资产>有息负债;近年盈利稳定;经营现金流稳定;股东回报率较高,福耀玻璃,福耀玻璃工业集团股份有限公司,主板,20150331,49.9,130226202247.0,30277184280.0,69103273.0,2.94,12.96,12.96,145249312.67000002,138474335.925,补充宽筛,new,False
01690.HK,20251231,62038568.92,62038568.92,109706907.64,,-47668338.72,0.5654937346659861,-0.2998474525287891,253588047.2,-0.10942995349651763,14167005.7,0.1329479089846155,4,24429391.34,3,1.724386356391457,0.20095632770162578,,13101206.1,1317797.98,14419004.08,,0.09069965007142619,81.63379610335943,非严格净现金;近年盈利稳定;经营现金流稳定;股东回报率较高,立基工程控股,立基工程(控股)有限公司,主板,20180212,0.11,158975300.0,158975300.0,35580.0,1.06,10.14,10.14,147336.84210526315,48040.0,补充宽筛,new,False
02317.HK,20251231,496690152.0,496690152.0,551971664.0,216620587.2,-55281512.0,0.899847192155864,-0.04776832291940944,2633972512.0,-0.057002389108273155,119883212.8,,3,194529068.8,3,1.6226547842401502,0.09081848030018762,,93103484.8,,93103484.8,,0.08044999432809885,81.45937110084361,现金类资产>有息负债;近年盈利稳定;经营现金流稳定;股东回报率较高,味丹国际,味丹国际(控股)有限公司,主板,20030627,0.76,1157283920.0,1157283920.0,18240.0,0.48,8.72,8.72,58902.857142857145,34800.0,补充宽筛,new,False
00220.HK,20251231,5740395000.0,4528282000.0,10887944000.0,1079698000.0,-5147549000.0,0.5272248828612638,-0.17499941204496905,31714309000.0,0.039220058585722084,2050234000.0,0.18820710219251646,4,3284365000.0,4,1.601946411970536,0.15854043977419163,,1851045000.0,,1851045000.0,,0.06292932552342478,80.246083018135,现金类资产>有息负债;近年盈利稳定;经营现金流稳定;股东回报率较高,统一企业中国,统一企业中国控股有限公司,主板,20071217,6.81,29414664540.0,29414664540.0,27675888.0,1.95,12.96,12.96,123876239.612,97427636.5,补充宽筛,new,False
01302.HK,20251231,1150098000.0,749098000.0,1537320000.0,8037000.0,-387222000.0,0.7481188041526813,-0.05726187747434523,1369779000.0,0.07673059995782294,147827000.0,-0.23121169414541276,4,549280000.0,4,3.7156946971798117,0.11208371948290907,,,397132000.0,397132000.0,,0.058727355173883895,80.19891647062073,现金类资产>有息负债;近年盈利稳定;经营现金流稳定;股东回报率较高,先健科技,先健科技公司,主板,20131106,1.46,6762300104.0,6762300104.0,14240070.0,1.74,41.32,41.32,68961858.825,30572913.0,补充宽筛,new,False
01675.HK,20251231,1608322000.0,1445887000.0,3200462000.0,117681000.0,-1592140000.0,0.5025280725095315,-0.3257280550883601,6302140000.0,-0.06612139619749824,113738000.0,-0.484825459705176,4,407402000.0,3,3.5819339183034695,-0.03399919112345918,,406685000.0,112169000.0,518854000.0,,0.1061497759586569,78.67878921135488,现金类资产>有息负债;近年盈利稳定;经营现金流稳定;股东回报率较高,亚信科技,亚信科技控股有限公司,主板,20181219,5.2,4887942488.0,4887942488.0,115440112.0,0.68,38.82,38.82,16919261.3,12630121.8,补充宽筛,new,False
06693.HK,20251231,6820720561.54,6820720561.54,8470126514.4,925735019.6899999,-1649405952.8599997,0.8052678492988438,-0.03377122840471757,12638506229.12,0.2634273411565142,3082367791.68,0.897770432171753,4,5555589287.5,4,1.8023771538541826,0.011997237120702145,,395541589.64,,395541589.64,,0.008098628081301294,78.65912044267913,现金类资产>有息负债;近年盈利稳定;经营现金流稳定,赤峰黄金,赤峰吉隆黄金矿业集团股份有限公司,主板,20250310,25.7,48840567275.0,6078044860.0,78465210.0,3.02,12.19,12.19,195976743.951,181390570.34,补充宽筛,new,False
01876.HK,20251231,20376491200.0,20376491200.0,31243016000.0,1946977600.0,-10866524800.0,0.652193475815523,-0.12741055572286863,40514003200.0,-0.03523246977196781,3437083200.0,-0.1854063324457078,4,6684388800.0,4,1.9447852760736197,0.1738241308793456,,5433262400.0,,5433262400.0,,0.06370527786143432,78.57676302066648,现金类资产>有息负债;近年盈利稳定;经营现金流稳定;股东回报率较高,百威亚太,百威亚太控股有限公司,主板,20190930,6.44,85287476680.0,85287476680.0,52016622.0,1.07,22.71,22.71,137607883.5505,104061418.475,补充宽筛,new,False
02377.HK,20251231,672991000.0,440792000.0,1849544000.0,308219000.0,-1176553000.0,0.36386860761355233,-1.5639845760554754,2229805000.0,0.05475647536396333,239885000.0,0.1649101200876426,4,318208000.0,4,1.326502282343623,0.18645601017154054,,35838000.0,173374000.0,209212000.0,,0.27810420875703695,78.22238347548728,现金类资产>有息负债;近年盈利稳定;经营现金流稳定;股东回报率较高,博奇环保,中国博奇环保(控股)有限公司,主板,20180316,0.88,752279158.0,752279158.0,48070.0,0.21,2.83,2.83,82215.6705263158,29460.0,补充宽筛,new,False
03306.HK,20251231,1568061000.0,1477066000.0,2572118000.0,491276000.0,-1004057000.0,0.6096380492652359,-0.10679395925757756,3375856000.0,0.1267374858025252,674331000.0,0.21960900801781014,4,996043000.0,4,1.4770832128435443,0.12226933064029386,,440941000.0,,440941000.0,,0.046899563659230016,78.07626453184304,现金类资产>有息负债;近年盈利稳定;经营现金流稳定;股东回报率较高,江南布衣,江南布衣有限公司,主板,20161031,17.63,9401814550.0,9401814550.0,11052547.0,3.14,8.72,8.72,20876408.5475,19660497.5,补充宽筛,new,False
00179.HK,20260331,6480066535.8,6240911313.6,9734087370.8,2653679852.2,-3254020834.999999,0.6657086883397713,-0.1483145689210521,13027813456.5,0.012105172035278944,946900246.5,0.3363602330635924,4,2060602105.5,4,2.176155421985097,0.0,,370509192.0,,370509192.0,,0.016887387598047553,77.40314422806514,现金类资产>有息负债;近年盈利稳定;经营现金流稳定,德昌电机控股,德昌电机控股有限公司,主板,19840711,23.48,21939994558.0,21939994558.0,208911927.0,0.99,13.85,13.85,265988089.84,245558735.53,补充宽筛,new,False
01898.HK,20251231,142283123000.0,141312472000.0,169638408000.0,46755236000.0,-27355285000.0,0.838743564488061,-0.18654618489983302,148056698000.0,-0.12443302877424955,14497092000.0,-0.0977518557705831,4,29791934000.0,4,2.0550282773952184,0.024218167340043093,,5621673000.0,,5621673000.0,,0.03833634527676824,77.36789366192608,现金类资产>有息负债;近年盈利稳定;经营现金流稳定,中煤能源,中国中煤能源股份有限公司,主板,20061219,11.06,146640817204.0,45419692780.0,88955264.0,0.79,9.11,9.11,283063581.096,262953937.015,补充宽筛,new,False
00169.HK,20251231,339561042.9,339561042.9,775403531.36,2014180.6,-435842488.46000004,0.4379152649774953,-0.742278628282445,106224994.54,-0.47392666263962946,1605443743.74,1.102988703951413,3,270717614.5,4,0.16862479022114052,0.0041778553413368575,,1960146366.72,,1960146366.72,,3.338304077380634,76.30488077474888,现金类资产>有息负债;近年盈利稳定;经营现金流稳定;股东回报率较高,万达酒店发展,万达酒店发展有限公司,主板,20020604,0.125,587168311.0,587168311.0,212520.0,0.33,0.33,0.33,292299.24700000003,229934.5,补充宽筛,new,False
00345.HK,20250930,1163098174.84,1163098174.84,2290538089.82,480025711.41999996,-1127439914.9800003,0.5077838172651392,-0.18674522981855687,2945880611.7,-0.03653472552997583,156706626.14,0.06907810503808665,4,404425489.54,4,2.5807810397161552,0.22796735083865935,,100787514.12,182129467.22,282916981.34000003,,0.046861385691536285,74.85655463183429,现金类资产>有息负债;近年盈利稳定;经营现金流稳定;股东回报率较高,VITASOY INT'L,维他奶国际集团有限公司,主板,19940330,5.93,6037315738.0,6037315738.0,4113386.0,2.08,25.6,25.6,12059259.988,10100675.68,补充宽筛,new,False
02529.HK,20251231,353253000.0,353253000.0,533635000.0,2285000.0,-180382000.0,0.6619749454214959,-0.4238298872180451,674664000.0,0.08477886497242704,74376000.0,0.11890461278781661,4,53553000.0,3,0.7200306550500162,0.003441970528127353,,36813000.0,,36813000.0,,0.08649671052631579,74.18031782981187,现金类资产>有息负债;近年盈利稳定;经营现金流稳定;股东回报率较高,泓盈城市服务,泓盈城市运营服务集团股份有限公司,主板,20240517,2.66,425600000.0,106400000.0,34850.0,0.93,5.17,5.17,15877.272727272728,10730.0,补充宽筛,new,False
01585.HK,20251231,11463901000.0,6682824000.0,19534786000.0,1591079000.0,-8070885000.0,0.5868454868151615,-0.2549589690621214,37008236000.0,0.060152252927917926,2911585000.0,0.1044649510338258,4,5989810000.0,4,2.057233431275405,0.24386923273749522,,1250582000.0,48958000.0,1299540000.0,,0.04105242221329994,73.96247014949552,现金类资产>有息负债;近年盈利稳定;经营现金流稳定;股东回报率较高,雅迪控股,雅迪集团控股有限公司,主板,20160519,10.17,31655622980.0,31655622980.0,47803430.0,2.73,9.82,9.82,76249800.8,61544704.735,补充宽筛,new,False
02603.HK,20251231,1368560381.82,1368560381.82,1571248304.56,557276323.26,-202687922.74,0.8710019783940138,-0.031121101262547884,6721612000.0,0.07731122134432833,276832000.0,0.14590485274328446,4,261220000.0,4,0.9436047855739221,0.2471932435556583,,149342000.0,81165000.0,230507000.0,,0.03539249695665476,73.29846349467708,现金类资产>有息负债;近年盈利稳定;经营现金流稳定,吉宏股份,厦门吉宏科技股份有限公司,主板,20250527,14.52,6512877582.0,986053200.0,14131290.0,2.09,20.08,20.08,32992728.375,31015305.0,补充宽筛,new,False
01662.HK,20250930,468230922.8,468230922.8,549582005.7,319385054.46000004,-81351082.90000004,0.8519764438131785,-0.18367821833370973,439435533.6,0.12456225755130435,36185962.3,0.33912083418815553,4,123433070.04,4,3.4110760691308193,0.27493377065724744,,1825960.0,,1825960.0,,0.004122736509370061,73.11675688398502,现金类资产>有息负债;近年盈利稳定;经营现金流稳定,义合控股,义合控股有限公司,主板,20151218,0.86,442900000.0,442900000.0,26660.0,0.8,9.41,9.41,157601.1,118990.0,补充宽筛,new,False
80175.HK,20251231,130638279000.0,130638279000.0,196795000000.0,19605000000.0,-66156721000.0,0.663829258873447,-0.40787051493026005,345232201000.0,0.3263285298383507,16852231000.0,0.474169782900832,4,47274244000.0,4,2.805221694385746,0.368181815214852,,3763932000.0,349668000.0,4113600000.0,,0.025361235031843822,72.6131871478128,现金类资产>有息负债;近年盈利稳定;经营现金流稳定,吉利汽车-R,吉利汽车控股有限公司,主板,20230619,15.04,162200302739.0,162200302739.0,1220040.0,1.7,10.57,10.57,492234.4444444445,279525.0,补充宽筛,new,False
02177.HK,20251231,306410000.0,306410000.0,396303000.0,239533000.0,-89893000.0,0.7731710332750446,-0.22577825974347984,1292895000.0,-0.18394000930445142,24140000.0,,2,-93801000.0,3,-3.8857083678541837,0.01056338028169014,,75645000.0,,75645000.0,,0.18999250729529032,71.17786587967484,现金类资产>有息负债;经营现金流稳定;股东回报率较高,优趣汇控股,优趣汇控股有限公司,主板,20210712,2.4,398147280.0,398147280.0,28800.0,0.55,14.9,14.9,24356.5,14047.0,补充宽筛,new,False
09961.HK,20251231,71855000000.0,39848000000.0,94787000000.0,31350000000.0,-22932000000.0,0.758068089505945,-0.09094749880413235,56106000000.0,0.4737281826842694,33294000000.0,1.8736647545031229,4,14379000000.0,4,0.43187961794918,0.0,,1423000000.0,4396000000.0,5819000000.0,,0.023077947651371278,70.56848686924572,现金类资产>有息负债;近年盈利稳定;经营现金流稳定,携程集团-S,携程集团有限公司,主板,20210419,352.2,252145471855.0,221782179188.0,389679728.0,1.33,6.84,6.84,813927471.66405,786972823.175,补充宽筛,new,False
02420.HK,20251231,555856000.0,555856000.0,632780000.0,215009000.0,-76924000.0,0.878434843073422,-0.040169190600522195,4660244000.0,0.14973179273910642,269215000.0,0.34480213815818206,3,147446000.0,4,0.547688650335234,0.020203183329309288,,53523000.0,6002000.0,59525000.0,,0.03108355091383812,70.52929916575847,现金类资产>有息负债;近年盈利稳定;经营现金流稳定,子不语,子不语集团有限公司,主板,20221111,3.83,1915000000.0,1915000000.0,167245.0,2.11,6.42,6.42,302773.75,288757.5,补充宽筛,new,False
02507.HK,20251231,3174487232.0,3157983609.6,4050556864.0,216142628.8,-876069632.0,0.7837162490456029,-0.06874514665618862,9519560712.0,0.1519875688598109,976145686.4,0.16749122772802383,4,1026183713.6,4,1.0512608188481978,0.04352741254914386,,257247051.2,,257247051.2,,0.020186165135348582,70.30040183168273,现金类资产>有息负债;近年盈利稳定;经营现金流稳定,西锐,西锐飞机有限公司,主板,20240712,34.82,12743730643.0,12743730643.0,9428488.0,1.85,11.79,11.79,74615903.935,48161742.57,补充宽筛,new,False
06936.HK,20251231,37413110000.0,20969400000.0,106144286000.0,27613483000.0,-68731176000.0,0.35247408419139964,-0.448268907752304,308226647000.0,0.048384648621188076,11117216000.0,0.21312171761900722,4,27555275000.0,4,2.4786129009277142,0.18469651034935364,,5012105000.0,1643620000.0,6655725000.0,,0.0434090430236448,70.24102012668966,现金类资产>有息负债;近年盈利稳定;经营现金流稳定;股东回报率较高,顺丰控股,顺丰控股股份有限公司,主板,20241127,29.12,153325771231.0,13566357721.0,50812108.0,1.29,12.03,12.03,55570052.435,43600075.8,补充宽筛,new,False
00232.HK,20251231,859260282.6,859260282.6,923343741.6,255906612.94,-64083459.0,0.9305963141213758,-0.017438468175261228,1805772520.42,0.06670397691161667,84962292.52,0.2322592647043853,4,225685774.96,4,2.6563051474496633,0.859077668870793,,42015084.74,,42015084.74,,0.011433195547690296,70.23793009532588,现金类资产>有息负债;近年盈利稳定;经营现金流稳定;一次性/其他收益占比较高,大陆航空科技控股,大陆航空科技控股有限公司,主板,19911212,0.395,3674833039.0,3674833039.0,4004500.0,1.19,39.07,39.07,63456027.3983158,30896103.5,补充宽筛,new,False
01093.HK,20251231,8865480000.0,8865480000.0,12147797000.0,641109000.0,-3282317000.0,0.729801461120893,-0.04213945637320728,26005980000.0,-0.05623154279526521,3882108000.0,-0.1394348874132606,4,5831641000.0,4,1.5021841226467683,0.2610434846222722,,2504280000.0,418445000.0,2922725000.0,,0.037522896974418456,69.81531750797197,现金类资产>有息负债;近年盈利稳定;经营现金流稳定,石药集团,石药集团有限公司,主板,19940621,6.76,77891773708.0,77891773708.0,238322901.0,2.12,21.22,21.22,797426135.9487001,687723770.945,补充宽筛,new,False
01336.HK,20251231,336887000000.0,336887000000.0,1787906000000.0,,-1451019000000.0,0.18842545413461334,-9.00557185613436,155460000000.0,0.27332511909532387,36284000000.0,0.19058086816722208,4,110916000000.0,4,3.0568845772241207,0.0,,12079000000.0,,12079000000.0,,0.07496683534140279,69.69332614018832,非严格净现金;近年盈利稳定;经营现金流稳定;股东回报率较高,新华保险,新华人寿保险股份有限公司,主板,20111215,51.65,161124581890.0,53411639979.0,497124608.0,1.15,3.91,3.91,445188189.9235,413349389.715,补充宽筛,new,False
02096.HK,20251231,3577616000.0,3577616000.0,5311043000.0,1186933000.0,-1733427000.0,0.6736183457750201,-0.07368540506610848,7731411000.0,0.06926927925125237,1344008000.0,0.13024150344262497,4,2013530000.0,4,1.4981532848018762,0.23772626353414564,,390746000.0,74302000.0,465048000.0,,0.019768499195630167,68.61405468643943,现金类资产>有息负债;近年盈利稳定;经营现金流稳定,先声药业,先声药业集团有限公司,主板,20201027,9.16,23524699341.0,23524699341.0,12093826.0,2.28,15.81,15.81,67370056.0645,64227157.07,补充宽筛,new,False
01416.HK,20260228,498674176.0,484300241.6,575529500.0,15431001.600000001,-76855324.0,0.8664615384615385,-0.2772558585858586,739659840.5,0.5579285287591964,38506563.2,0.5174825252441377,4,165566022.1,3,4.299683179723502,0.15668202764976957,,,,0.0,,0.0,68.28002962313671,现金类资产>有息负债;近年盈利稳定;经营现金流稳定,CTR HOLDINGS,CTR Holdings Limited,主板,20200115,0.198,277200000.0,277200000.0,21910.0,0.61,3.12,3.12,284124.0,131830.0,补充宽筛,new,False
02423.HK,20251231,47353143000.0,7773182000.0,50138344000.0,18278030000.0,-2785201000.0,0.9444496810664509,-0.021035678246995926,94580205000.0,0.15952023540975446,2993975000.0,,3,-376170000.0,3,-0.1256423316827963,0.0,,2883776000.0,6581195000.0,9464971000.0,,0.07148571488131279,68.10923787163802,现金类资产>有息负债;近年盈利稳定;经营现金流稳定;股东回报率较高,贝壳-W,贝壳控股有限公司,主板,20220511,38.24,132403669960.0,127204917066.0,319966944.0,1.85,34.76,34.76,739354361.0985,623036895.23,补充宽筛,new,False
06098.HK,20251231,16582073000.0,14234453000.0,33489772000.0,2793263000.0,-16907699000.0,0.4951384261439582,-0.9921724266536601,48353748000.0,0.05340053145931667,601497000.0,-0.3235711581317803,4,2507900000.0,4,4.169430603976412,-0.021998447207550495,,1050186000.0,378128000.0,1428314000.0,,0.08381588573367647,67.71107540160003,现金类资产>有息负债;近年盈利稳定;经营现金流稳定;股东回报率较高,碧桂园服务,碧桂园服务控股有限公司,主板,20180619,5.23,17041089377.0,17041089377.0,29549421.0,0.44,25.59,25.59,47989944.94,40643217.145,补充宽筛,new,False
80291.HK,20251231,9960000000.0,6918000000.0,32669000000.0,2804000000.0,-22709000000.0,0.3048761823135082,-0.37674523867128945,37985000000.0,0.025095415399798204,3371000000.0,-0.08105473293801269,4,7127000000.0,4,2.114209433402551,-0.2468110353010976,,2764000000.0,,2764000000.0,,0.04585511645988128,67.59528774210665,现金类资产>有息负债;近年盈利稳定;经营现金流稳定;股东回报率较高,华润啤酒-R,华润啤酒(控股)有限公司,主板,20230619,18.58,60276806895.0,60276806895.0,92500.0,1.87,17.88,17.88,456203.5,165545.0,补充宽筛,new,False
03816.HK,20250930,193989077.42,193989077.42,225274163.08,67356925.46000001,-31285085.660000026,0.8611243951269726,-0.027883320552584693,419480529.74,0.10572849607880586,27255191.94,-0.02936002132872928,4,101181008.5,3,3.7123572170301142,-0.02998023649214484,,7121244.0,,7121244.0,,0.006346919786096257,67.37098149269843,现金类资产>有息负债;近年盈利稳定;经营现金流稳定,KFM金德,KFM金德控股有限公司,主板,20121015,1.87,1122000000.0,1122000000.0,297560.0,1.92,25.26,25.26,1883436.0,1350580.0,补充宽筛,new,False
06690.HK,20251231,60325000000.0,46268000000.0,169818000000.0,42564000000.0,-109493000000.0,0.3552332497144001,-0.5855555801470931,302329000000.0,0.07472468597451276,19553000000.0,0.09946285475446293,4,26003000000.0,4,1.3298726538127141,0.26625070321689764,,11580000000.0,1234000000.0,12814000000.0,,0.06852775249563763,67.0168648481852,现金类资产>有息负债;近年盈利稳定;经营现金流稳定;股东回报率较高,海尔智家,海尔智家股份有限公司,主板,20201223,19.94,186989935221.0,56900530084.0,194988588.0,1.32,8.92,8.92,549076249.8729999,569254236.4449999,补充宽筛,new,False
00291.HK,20251231,9960000000.0,6918000000.0,32669000000.0,2804000000.0,-22709000000.0,0.3048761823135082,-0.32497337671746146,37985000000.0,0.025095415399798204,3371000000.0,-0.08105473293801269,4,7127000000.0,4,2.114209433402551,-0.2468110353010976,,2764000000.0,,2764000000.0,,0.03955376340865135,66.53323161799891,现金类资产>有息负债;近年盈利稳定;经营现金流稳定,华润啤酒,华润啤酒(控股)有限公司,主板,19731115,21.54,69879570534.0,69879570534.0,102460956.0,1.96,18.72,18.72,272330196.404,268694013.525,补充宽筛,new,False
02481.HK,20251231,856483000.0,856483000.0,4494805000.0,693063000.0,-3638322000.0,0.19054953440694314,-4.864274942243519,1506290000.0,0.014239849751134681,170214000.0,0.20853584414050275,4,387359000.0,4,2.275717626047211,0.12218736414160997,,49462000.0,,49462000.0,,0.06612849747582784,65.97290937518407,现金类资产>有息负债;近年盈利稳定;经营现金流稳定;股东回报率较高,双良睿能,江苏双良睿能能源股份有限公司,主板,20230710,2.48,747968000.0,747968000.0,29870.0,0.52,3.97,3.97,15862.0,7740.0,补充宽筛,new,False
02099.HK,20251231,4957314236.799999,4957314236.799999,7165924859.2,3848155539.2,-2208610622.4000006,0.6917898713988792,-0.03993891253972095,9208606600.0,0.0616593022805918,3282161419.2,0.2837680542614207,3,4990335539.2,4,1.5204418375060766,0.0,,231613017.6,,231613017.6,,0.004188321816063383,65.90858741464034,现金类资产>有息负债;近年盈利稳定;经营现金流稳定,中国黄金国际,中国黄金国际资源有限公司,主板,20101201,139.5,55299718544.0,55299718544.0,174186119.0,3.0,11.51,11.51,281459319.341,229402024.9,补充宽筛,new,False
03808.HK,20251231,44713640000.0,30484627000.0,99914676000.0,5478390000.0,-55201036000.0,0.4475182404634931,-0.46131009940763,109540885000.0,0.22626317478924585,7019303000.0,0.6129785787569237,4,7623014000.0,4,1.0860072574157291,0.15547270149187178,,3688034000.0,,3688034000.0,,0.030820568859590232,64.74292303712124,现金类资产>有息负债;近年盈利稳定;经营现金流稳定,中国重汽,中国重汽(香港)有限公司,主板,20071128,43.34,119661451312.0,119661451312.0,262667289.0,2.4,15.4,15.4,520619007.7965,499424327.28,补充宽筛,new,False
01543.HK,20251231,924771000.0,924771000.0,1533614000.0,508854000.0,-608843000.0,0.6030011463119143,-1.9701300962869968,260951000.0,-0.06488475207981004,10381000.0,-0.3753006628296609,4,91079000.0,1,8.773624891628938,0.0,,39027000.0,,39027000.0,,0.1262858688821135,64.34800737702123,现金类资产>有息负债;近年盈利稳定;股东回报率较高,中盈盛达融资担保,广东中盈盛达融资担保投资股份有限公司,主板,20151223,0.198,309036952.0,109763940.0,47338.0,0.14,26.89,26.89,37622.36363636364,34820.0,补充宽筛,new,False
81024.HK,20251231,62142000000.0,19810000000.0,84920000000.0,23005000000.0,-22778000000.0,0.7317710786622704,-0.12959792350826393,142776000000.0,0.14875539388617476,18617000000.0,,3,26716000000.0,4,1.4350324971799968,0.11553956061664071,,1800000000.0,2927000000.0,4727000000.0,,0.026894783757290527,64.26053301701609,现金类资产>有息负债;近年盈利稳定;经营现金流稳定,快手-WR,快手科技,主板,20230619,40.62,175758988905.0,148741964881.0,412200.0,2.15,10.02,10.02,1161831.7,829054.0,补充宽筛,new,False
01830.HK,20250930,380719050.86,380719050.86,458248399.48,161675063.3,-77529348.62,0.8308137056060056,-0.05662153239953591,443598722.4,-0.09798653334609342,86554155.92,-0.1403823537707507,4,142591042.36,4,1.6474199400869163,0.039850639213535294,,,,0.0,,0.0,63.94220695723341,现金类资产>有息负债;近年盈利稳定;经营现金流稳定,完美医疗,完美医疗健康管理有限公司,主板,20120210,1.09,1369255570.0,1369255570.0,444220.0,3.19,8.51,8.51,544739.843,436808.135,补充宽筛,new,False
03393.HK,20251231,3015242000.0,3015242000.0,9267423000.0,2508974000.0,-6252181000.0,0.32535927193568265,-0.27221840391014834,10073525000.0,0.19820370091275197,1058246000.0,0.4840137958776545,4,1407697000.0,4,1.3302171706767614,0.22534457961570373,,497644000.0,,497644000.0,,0.021667295843716274,63.93876359542045,现金类资产>有息负债;近年盈利稳定;经营现金流稳定,威胜控股,威胜控股有限公司,主板,20051219,21.96,22967517663.0,22967517663.0,88120270.0,3.17,19.6,19.6,150315866.752,141481425.065,补充宽筛,new,False
01612.HK,20251231,226592607.84,226592607.84,450103429.04,160246582.73999998,-223510821.20000002,0.5034234205308911,-0.43444678103728857,842509164.48,0.14443569252385413,94276297.16,,3,150941610.3,4,1.6010557780375176,0.0029220717009331466,,24043716.4,,24043716.4,,0.046734717979522424,63.90426983070509,现金类资产>有息负债;近年盈利稳定;经营现金流稳定;股东回报率较高,永胜医疗,永胜医疗控股有限公司,主板,20160713,0.78,514472269.0,514472269.0,35100.0,0.77,4.93,4.93,489421.0,264240.0,补充宽筛,new,False
02486.HK,20251231,121403000.0,121403000.0,232649000.0,58751000.0,-111246000.0,0.5218290214013385,-0.25859803721565283,2027265000.0,0.48575859362427387,22427000.0,-0.2478322728271335,4,45512000.0,3,2.0293396352610693,0.4885628929415437,,,26284000.0,26284000.0,,0.06109874341707763,63.76557664305575,现金类资产>有息负债;近年盈利稳定;经营现金流稳定;股东回报率较高,普乐师集团控股,普乐师集团控股有限公司,主板,20230511,3.8,430188880.0,430188880.0,28940.0,0.82,17.33,17.33,133908.5,129201.0,补充宽筛,new,False
01339.HK,20251231,153422000000.0,153422000000.0,1607494000000.0,,-1454072000000.0,0.09544172482136792,-6.421818423801871,650409000000.0,1.0665577300192806,46207000000.0,0.22103274561931596,4,118689000000.0,4,2.56863678663406,0.0,,13301000000.0,,13301000000.0,,0.058743038071697055,63.761517380680054,非严格净现金;近年盈利稳定;经营现金流稳定;股东回报率较高,中国人民保险集团,中国人民保险集团股份有限公司,主板,20121207,5.12,226426831785.0,44678318080.0,295153968.0,0.63,4.8,4.8,234812249.6905,209172171.835,补充宽筛,new,False
00762.HK,20251231,68213000000.0,46815000000.0,298751000000.0,34087000000.0,-230538000000.0,0.22832726919742527,-1.1047482984674895,392223000000.0,0.03385049329985512,20816000000.0,0.075236608733102,4,90175000000.0,4,4.332004227517294,0.10626441199077633,,13472000000.0,,13472000000.0,,0.064558420203845,63.70697613747987,现金类资产>有息负债;近年盈利稳定;经营现金流稳定;股东回报率较高,中国联通,中国联合网络通信(香港)股份有限公司,主板,20000622,6.82,208679208033.0,208679208033.0,85637531.0,0.51,9.42,9.42,210722968.137,197939133.72,补充宽筛,new,False
00966.HK,20251231,113124167349.18,113124167349.18,1645480502101.12,,-1532356334751.9402,0.0687484094796209,-21.169957637141106,158927085803.18,0.7680758374904144,24440481978.38,0.8534917515275902,4,98296997247.96,4,4.021892748879229,0.0,,3487005454.36,,3487005454.36,,0.048174015452633744,63.6896760064233,非严格净现金;近年盈利稳定;经营现金流稳定;股东回报率较高,中国太平,中国太平保险控股有限公司,主板,20000629,20.14,72383533355.0,72383533355.0,166320231.0,0.76,2.67,2.67,199242292.53500003,200870897.215,补充宽筛,new,False
01766.HK,20251231,67834624000.0,67834624000.0,334695934000.0,17252159000.0,-266861310000.0,0.20267537519592335,-1.8232689244530502,273063098000.0,0.06993950678924299,13181015000.0,0.04191303304732763,4,24185716000.0,4,1.8348902569339312,0.3860226242061025,,12271120000.0,,12271120000.0,,0.08383962352667126,63.68515503747277,现金类资产>有息负债;近年盈利稳定;经营现金流稳定;股东回报率较高,中国中车,中国中车股份有限公司,主板,20080821,5.1,146364206849.0,22292436804.0,93854507.0,0.74,9.69,9.69,130003604.3835,122745074.295,补充宽筛,new,False
01895.HK,20251231,238448000.0,238448000.0,665480000.0,30122000.0,-427032000.0,0.35830979142874314,-2.4002529351010686,904878000.0,0.09643675185919576,97765000.0,,3,31781000.0,4,0.3250754359944765,0.043287475067764536,,29726000.0,,29726000.0,,0.16708330698592697,63.53073003286001,现金类资产>有息负债;近年盈利稳定;经营现金流稳定;股东回报率较高,鑫苑服务,鑫苑物业服务集团有限公司,主板,20191011,0.3,177911250.0,177911250.0,29850.0,0.25,1.64,1.64,106219.30555555556,31550.0,补充宽筛,new,False
01851.HK,20251231,250691000.0,243503000.0,494582000.0,180492000.0,-243891000.0,0.5068744919952607,-0.0716273127753304,400679000.0,0.11869713201800725,162570000.0,0.24125268913206654,4,211397000.0,4,1.3003444669988313,0.018939533739312297,,,,0.0,,0.0,62.97823896526964,现金类资产>有息负债;近年盈利稳定;经营现金流稳定,银杏教育,中国银杏教育集团有限公司,主板,20190118,6.81,3405000000.0,3405000000.0,1083600.0,2.79,18.92,18.92,4085731.1,3561980.0,补充宽筛,new,False
01177.HK,20251231,22546640000.0,12180729000.0,33923894000.0,16070011000.0,-11377254000.0,0.6646241731565368,-0.13761224247230397,31834488000.0,0.06945513258749747,2343348000.0,-0.026959243296683533,4,9291821000.0,4,3.96519040279122,0.8600724262892238,,1819854000.0,110000000.0,1929854000.0,,0.023342322900072873,61.904082125878304,现金类资产>有息负债;近年盈利稳定;经营现金流稳定;一次性/其他收益占比较高,中国生物制药,中国生物制药有限公司,主板,20031208,4.42,82676176157.0,82676176157.0,147040179.0,2.44,31.87,31.87,427296936.534,408970460.63,补充宽筛,new,False
09916.HK,20251231,227577000.0,227577000.0,235820000.0,1595000.0,-8243000.0,0.9650453735900263,-0.05804929577464789,410587000.0,0.08543113039002148,45044000.0,-0.015290003023654797,4,25812000.0,4,0.5730396945209129,0.0014430334783766983,,,,0.0,,0.0,60.70322908617979,现金类资产>有息负债;近年盈利稳定;经营现金流稳定,兴业物联,兴业物联服务集团有限公司,主板,20200309,0.355,142000000.0,142000000.0,128440.0,0.24,2.85,2.85,39349.41176470588,33610.0,补充宽筛,new,False
02601.HK,20251231,250099000000.0,250099000000.0,2810543000000.0,154000000.0,-2560444000000.0,0.0889860073302561,-9.196578202875834,435156000000.0,0.09422827185546234,53505000000.0,0.1269755249672866,4,195523000000.0,4,3.6542939912157744,0.0,,15277000000.0,,15277000000.0,,0.05487178208362851,60.602793256378895,现金类资产>有息负债;近年盈利稳定;经营现金流稳定;股东回报率较高,中国太保,中国太平洋保险(集团)股份有限公司,主板,20091223,28.94,278412681708.0,80317182000.0,221271655.0,0.77,4.63,4.63,447947957.201,390850040.37,补充宽筛,new,False
03898.HK,20251231,6713862572.0,6713862572.0,26159454776.0,388387966.0,-19445592204.0,0.2566514718861662,-0.3612592523609951,28702700063.0,0.16755856306582873,4096540421.0,0.17029532159624927,4,3964724300.0,4,0.9678225752822371,0.1271993727509225,,2029782587.0,,2029782587.0,,0.037709200735174815,59.77443323789932,现金类资产>有息负债;近年盈利稳定;经营现金流稳定,时代电气,株洲中车时代电气股份有限公司,主板,20061220,39.94,53827250311.0,19123084282.0,165501892.0,1.11,11.75,11.75,252070978.644,226926068.62,补充宽筛,new,False
06066.HK,20251231,446792277471.55,176697854471.55,557665478763.26,103353679372.45999,-110873201291.71002,0.8011833159592475,-1.1592758990287744,34615388000.0,0.053468857203816667,9439424000.0,0.07874856161770949,4,42719709000.0,3,4.5256690450603765,0.03916467784474985,,2524014000.0,,2524014000.0,,0.026390764990295197,58.4435242825722,现金类资产>有息负债;近年盈利稳定;经营现金流稳定,中信建投证券,中信建投证券股份有限公司,主板,20161209,12.33,95640046847.0,15548422985.0,106124545.0,0.98,7.59,7.59,108553686.5115,101035440.725,补充宽筛,new,False
01303.HK,20251231,896329000.0,896329000.0,1060321000.0,142880000.0,-163992000.0,0.8453374025413058,-0.32900755170556745,2261063000.0,0.03915075544361546,11591000.0,-0.5998044389641513,4,150721000.0,4,13.003278405659563,-0.8915537917349667,,,,0.0,,0.0,57.951952418454425,现金类资产>有息负债;近年盈利稳定;经营现金流稳定,汇力资源,汇力资源(集团)有限公司,主板,20120112,0.237,498444486.0,498444486.0,24158.0,0.42,38.84,38.84,118144.66666666669,30280.0,补充宽筛,new,False
00340.HK,20251231,576697841.02,576697841.02,2127383872.26,448611309.6,-1550686031.24,0.2710831122393309,-0.16487477379926468,2164312021.96,0.24854750680866955,750060081.38,1.5550536924713647,4,886480623.74,3,1.1818794863859523,-0.02897056822437559,,47664725.84,,47664725.84,,0.005067893005258956,56.21690343218502,现金类资产>有息负债;近年盈利稳定;经营现金流稳定,潼关黄金,潼关黄金集团有限公司,主板,19970326,1.77,9405235231.0,9405235231.0,11685142.0,2.31,11.33,11.33,23819380.131,24597844.785,补充宽筛,new,False
08070.HK,20251231,66255703.1,66255703.1,137924403.66,13598880.32,-71668700.56,0.4803769408590532,-0.26943120511278196,350871163.74,-0.001752963743584246,36991375.1,0.3507026029435272,4,27510274.76,4,0.7436942986204371,0.11026736662190208,,,,0.0,,0.0,55.97628370202966,现金类资产>有息负债;近年盈利稳定;经营现金流稳定,侨洋国际控股,侨洋国际控股有限公司,创业板,20160224,1.33,266000000.0,266000000.0,33250.0,2.11,6.49,6.49,398307.2,224075.0,补充宽筛,new,False
02451.HK,20251231,1879761000.0,817329000.0,3415653000.0,1308058000.0,-1535892000.0,0.5503372268787257,-0.41103462575970817,5906847000.0,0.0728798386642906,175101000.0,0.14050906040744704,4,448982000.0,3,2.5641315583577478,0.48579962421688055,,56308000.0,,56308000.0,,0.015069117950531449,55.83083717436754,现金类资产>有息负债;近年盈利稳定;经营现金流稳定,绿源集团控股,绿源集团控股(开曼)有限公司,主板,20231012,9.11,3736648700.0,3736648700.0,2689575.0,2.01,19.27,19.27,2791478.975,2699180.0,补充宽筛,new,False
01617.HK,20251231,417803000.0,367651000.0,480124000.0,179205000.0,-62321000.0,0.8701981154868326,-0.05109618916437098,464168000.0,-0.09857550701567763,30390000.0,,3,69305000.0,3,2.280519907864429,0.47064823955248436,,,,0.0,,0.0,55.19824817750324,现金类资产>有息负债;近年盈利稳定;经营现金流稳定,南方通信,南方通信控股有限公司,主板,20161212,0.75,1219680000.0,1219680000.0,10419040.0,1.3,36.25,36.25,14220885.0,10190580.0,补充宽筛,new,False
02333.HK,20251231,28846312373.34,28846312373.34,137395831405.82,9482774868.76,-108549519032.48001,0.20995041900607536,-1.3046447253119655,222824238516.25,0.17504674809882093,9865280190.16,0.06072777833125631,4,40355401297.93,4,4.090649279093157,0.5294923712932356,,4378732756.88,,4378732756.88,,0.05262750720346233,54.42800681425435,现金类资产>有息负债;近年盈利稳定;经营现金流稳定;一次性/其他收益占比较高;股东回报率较高,长城汽车,长城汽车股份有限公司,主板,20031215,9.74,83202359176.0,22476959040.0,151808228.0,0.83,8.24,8.24,162795998.91099998,133494229.775,补充宽筛,new,False
01793.HK,20250930,155766256.74,155766256.74,346222101.56,9103323.58,-190455844.82,0.4499026955187199,-0.8070162916101694,591636603.44,0.13163031464330177,5766381.68,0.3535485846640536,4,75937111.5,2,13.168936035465485,0.47102596580114,,8689743.64,,8689743.64,,0.03682094762711865,53.650932245377234,现金类资产>有息负债;近年盈利稳定,伟工控股,伟工控股有限公司,主板,20190227,0.295,236000000.0,236000000.0,712940.0,0.86,27.26,27.26,822756.0,203900.0,补充宽筛,new,False
06680.HK,20251231,3419669000.0,3215825000.0,7643439000.0,3151720000.0,-4223770000.0,0.44739926622034926,-0.16211809748335723,7717522000.0,0.025061956374732075,705607000.0,0.0013832449094102195,4,353033000.0,4,0.5003252518753357,0.29980003032849734,,411926000.0,142227000.0,554153000.0,,0.02126967852764115,52.27286733977384,现金类资产>有息负债;近年盈利稳定;经营现金流稳定,金力永磁,江西金力永磁科技股份有限公司,主板,20220114,18.94,26053661285.0,4446424781.0,73682190.0,3.02,31.56,31.56,111060688.152,98168121.0,补充宽筛,new,False
02569.HK,20251231,76007000.0,73773000.0,287717000.0,40191000.0,-211710000.0,0.2641727808923352,-0.18094871794871795,905474000.0,0.30431310492590735,55851000.0,0.10088995695982006,4,58414000.0,4,1.0458899572075702,0.007878104241642942,,,,0.0,,0.0,52.15031211483979,现金类资产>有息负债;近年盈利稳定;经营现金流稳定,舒宝国际,舒宝国际集团有限公司,主板,20250327,1.17,1170000000.0,1170000000.0,47000.0,2.11,18.92,18.92,697935.95,411800.0,补充宽筛,new,False
00638.HK,20260331,2445046543.12,2445046543.12,3798288957.8,928532300.4300001,-1353242414.6800003,0.6437231527893524,-0.17935997812754806,6987612096.68,1.2294217454883443,347040640.51,,2,353307653.06,3,1.0180584399014196,0.18569826057055994,,304082787.02,,304082787.02,,0.04030340864077049,51.72436808476336,现金类资产>有息负债;经营现金流稳定;股东回报率较高,广和通,深圳市广和通无线股份有限公司,主板,20251022,8.39,7544840431.0,1133322878.0,4050190.0,1.07,28.2,28.2,25515522.6,18407185.2,补充宽筛,new,False
03908.HK,20251231,555148056010.0,149701877194.0,658437695559.0,6743657876.0,-103289639549.0,0.8431292129146567,-1.019884212041417,40517919390.0,0.032372935750165865,9790532489.0,0.08820778898888282,4,41646556909.0,3,4.253758103125784,0.025703124041795925,,,,0.0,,0.0,51.63204412373992,现金类资产>有息负债;近年盈利稳定;经营现金流稳定,中金公司,中国国际金融股份有限公司,主板,20151109,20.98,101275849091.0,39939928699.0,219456629.0,0.87,7.99,7.99,301764866.559,253302027.51,补充宽筛,new,False
00303.HK,20260331,1826721600.0,1826721600.0,4508681040.0,877379920.0,-2681959440.0,0.40515653775322286,-0.20360584946038318,7042261050.0,-0.05215305565264794,530780850.0,-0.030342354503426927,4,-408566250.0,2,-0.7697456492637216,0.014725568942436412,,790842150.0,,790842150.0,,0.06003822628273073,51.26303805563332,现金类资产>有息负债;近年盈利稳定;股东回报率较高,VTECH HOLDINGS,伟易达集团有限公司,主板,19921105,51.95,13172310359.0,13172310359.0,12194636.0,2.6,12.53,12.53,89413028.265,65112821.75,补充宽筛,new,False
03773.HK,20251231,83551000.0,83551000.0,177217000.0,41887000.0,-93666000.0,0.47146154149996894,-0.09365195220716893,153808000.0,0.21077031918626443,28683000.0,0.017043878799363865,4,134653000.0,2,4.694522888121884,0.19579541888923752,,,,0.0,,0.0,50.979209061001164,现金类资产>有息负债;近年盈利稳定,银盛数惠,银盛数惠数字有限公司,主板,20160107,2.41,1000150000.0,1000150000.0,52800.0,2.66,31.49,31.49,314596.0,180720.0,补充宽筛,new,False
01147.HK,20251231,100692000.0,100692000.0,181330000.0,6806000.0,-80638000.0,0.5552969723708157,-0.26825034099309514,877748000.0,0.08864206429370469,10405000.0,,3,61975000.0,2,5.956271023546372,0.12570879384911102,,3367000.0,,3367000.0,,0.011200660955427356,48.55503280722403,现金类资产>有息负债;近年盈利稳定,伊登软件,伊登软件控股有限公司,主板,20200513,0.147,300607260.0,300607260.0,148950.0,1.31,26.09,26.09,644290.0,546035.0,补充宽筛,new,False
03347.HK,20251231,1777491807.26,1777491807.26,4102369967.22,1382198137.11,-2324878159.96,0.43328413123707854,-0.08818175141909627,6832800615.35,-0.012030946967940936,887890076.31,-0.23917743848841833,4,1118084770.54,4,1.2592603525727766,0.5952840083725206,,343659038.48,,343659038.48,,0.013034857665268101,48.445789589485905,现金类资产>有息负债;近年盈利稳定;经营现金流稳定;一次性/其他收益占比较高,泰格医药,杭州泰格医药科技股份有限公司,主板,20200807,30.62,26364617651.0,3770081376.0,14843230.0,1.11,30.68,30.68,63952905.454,61766191.6,补充宽筛,new,False
02618.HK,20251231,27844717000.0,21292495000.0,64814829000.0,22446732000.0,-36970112000.0,0.42960411112092883,-0.46064473104609505,217146986000.0,0.16480593651566067,6646683000.0,,3,18765124000.0,4,2.8232313772147704,0.28432964231933433,,29967000.0,,29967000.0,,0.000373386498132825,48.06261854504704,现金类资产>有息负债;近年盈利稳定;经营现金流稳定,京东物流,京东物流股份有限公司,主板,20210528,12.02,80257320899.0,80257320899.0,105582531.0,1.32,10.2,10.2,158347397.734,134656465.54999998,补充宽筛,new,False
03998.HK,20250930,8433898000.0,4997606000.0,12179420000.0,1935972000.0,-3745522000.0,0.6924712342623869,-0.08391306925831339,8927638000.0,0.13041646239881044,1189365000.0,0.17440160309806196,4,-1083701000.0,0,-0.911159316105653,0.20074073139868753,,2322601000.0,18169000.0,2340770000.0,,0.052441607639144086,47.933498685510166,现金类资产>有息负债;近年盈利稳定;股东回报率较高,波司登,波司登国际控股有限公司,主板,20071011,3.82,44635740691.0,44635740691.0,53400360.0,2.52,11.57,11.57,126756102.555,100181911.975,补充宽筛,new,False
03738.HK,20251231,1045068894.56,1045068894.56,2543105328.78,381999737.82000005,-1498036434.2200003,0.41094204110741617,-0.24073048399400043,2594373902.42,0.2626828228290803,180022584.64,0.6866491733993778,3,63149529.52,4,0.35078670626956737,0.18500140483262423,,,,0.0,,0.0,47.131545788194536,现金类资产>有息负债;近年盈利稳定;经营现金流稳定,阜博集团,阜博集团有限公司,主板,20180104,2.4,6222878006.0,6222878006.0,17090640.0,1.89,31.22,31.22,60797543.722,55317030.0,补充宽筛,new,False
01283.HK,20250930,104211189.12,99153279.92,122402315.62,30989280.14,-18191126.5,0.851382497072403,-0.012587296647568351,245958637.96,0.08350680583345471,17505478.52,-0.14487324918732492,4,2218541.4,3,0.1267341191196412,0.11990195055804737,,,,0.0,,0.0,46.801072763456226,现金类资产>有息负债;近年盈利稳定;经营现金流稳定,高升集团控股,高升集团控股有限公司,主板,20191018,1.75,1445197250.0,1445197250.0,105300.0,3.03,29.42,29.42,369360.0,355875.0,补充宽筛,new,False
01786.HK,20251231,1755936330.66,1755936330.66,3144041286.03,10502283.04,-1388104955.3700001,0.5584965879621865,-1.2510912921598956,3436856350.6,0.06792074010250038,143893811.2,0.0755999904420932,4,41509341.35,4,0.2884720406238014,0.2567201792901014,,42651086.37,,42651086.37,,0.03844118742767788,46.32442879397379,现金类资产>有息负债;近年盈利稳定;经营现金流稳定,铁建装备,中国铁建高新装备股份有限公司,主板,20151216,0.73,1109515320.0,388287000.0,11050.0,0.16,6.96,6.96,133272.8947368421,47070.0,补充宽筛,new,False
01133.HK,20251231,15245928716.21,15245928716.21,60186531331.88,4113823522.31,-44940602615.67,0.2533113036892099,-1.2405048717475937,45697922215.32,0.22855977999408417,2665811891.04,2.0009663107955076,4,4628758901.35,3,1.7363411562937419,0.4041670297973149,,647276251.77,,647276251.77,,0.017866902020740434,45.960398965410064,现金类资产>有息负债;近年盈利稳定;经营现金流稳定,哈尔滨电气,哈尔滨电气股份有限公司,主板,19941216,16.2,36227671200.0,10944250200.0,65386805.0,1.84,12.27,12.27,145423439.2575,139482597.12,补充宽筛,new,False
00771.HK,20251231,572733608.44,572733608.44,880548274.78,23895588.32,-307814666.3399999,0.6504284033525525,-0.4583688521344154,2353243968.68,0.059428695205643534,74415392.58,-0.06398355021658786,4,-62820757.44,3,-0.8441903652186579,0.21108400393256385,,22587725.76,,22587725.76,,0.03363553157503577,45.651790047183496,现金类资产>有息负债;近年盈利稳定;经营现金流稳定,自动系统,自动系统集团有限公司,主板,19971105,0.8,671543594.0,671543594.0,22880.0,0.28,8.15,8.15,142132.63157894736,103400.0,补充宽筛,new,False
06099.HK,20251231,464442407964.25,132789411773.94,615430259457.18,94623830227.11,-150987851492.93005,0.7546629383707848,-0.9949488034046107,34181275000.0,0.0725929422780125,12349523000.0,0.15235910930841512,4,-33384021000.0,3,-2.7032640046097325,0.03523213001830111,,4885717000.0,,4885717000.0,,0.03219489670764128,44.947617674441425,现金类资产>有息负债;近年盈利稳定;经营现金流稳定,招商证券,招商证券股份有限公司,主板,20161007,17.45,151754392765.0,22240400768.0,98399995.0,1.08,10.2,10.2,117344992.142,91059685.54,补充宽筛,new,False
00526.HK,20250930,1072312000.0,1072312000.0,1510036000.0,732758000.0,-437724000.0,0.7101234672550853,-0.3612684673975033,1115871000.0,-0.04407451501615034,44619000.0,-0.7287821889331368,3,221948000.0,3,4.974293462426321,0.23393621551357044,,,,0.0,,0.0,42.19469234606864,现金类资产>有息负债;近年盈利稳定;经营现金流稳定,利时集团控股,利时集团(控股)有限公司,主板,19951011,0.137,1211630794.0,1211630794.0,11814.0,0.44,10.39,10.39,335621.8947368421,264760.0,补充宽筛,new,False
06881.HK,20251231,482676358642.68994,184781537983.08,707948509845.55,102722335990.14,-225272151202.8601,0.6817958536956216,-2.637918816202847,38064132000.0,0.10263226578427398,12519719000.0,0.17247477509611198,4,-25514480000.0,1,-2.0379435033645725,0.02186390924588643,,4999382000.0,,4999382000.0,,0.05854236210187344,42.02216258805482,现金类资产>有息负债;近年盈利稳定;股东回报率较高,中国银河,中国银河证券股份有限公司,主板,20130522,7.81,85397681619.0,28826589984.0,73213424.0,0.62,5.95,5.95,148925813.8245,130382837.45,补充宽筛,new,False
06886.HK,20251231,647128727566.95,223337707129.8,870351351718.75,122856354181.63,-223222624151.80005,0.7435258488299178,-1.4179301579650783,47306741000.0,0.05097142783034192,16383497000.0,0.14015147164676978,4,-63456125000.0,2,-3.873173413466002,-0.005318583694311416,,5703386000.0,3004000.0,5706390000.0,,0.0362475018150847,41.06074525639933,现金类资产>有息负债;近年盈利稳定,HTSC,华泰证券股份有限公司,主板,20150601,17.44,157428504428.0,29980156659.0,83308593.0,0.78,8.02,8.02,189874171.851,162875546.23000002,补充宽筛,new,False
00560.HK,20251231,870297631.0,870297631.0,2204531505.34,658609056.38,-1334233874.3400002,0.3947766810734582,-1.7500593930051467,2304255122.32,-0.038226839827050996,46963827.12,-0.17458594934041316,4,253422757.94,3,5.39612662512501,4.182725594276483,,50633609.98,,50633609.98,,0.06641401215442184,40.53846491884054,现金类资产>有息负债;近年盈利稳定;经营现金流稳定;一次性/其他收益占比较高;股东回报率较高,珠江船务,珠江船务企业(股份)有限公司,主板,19970523,0.68,762393482.0,762393482.0,45800.0,0.24,14.66,14.66,89138.75,82920.0,补充宽筛,new,False
08635.HK,20260331,9786617.8,9786617.8,51551035.75,4038613.3,-41764417.95,0.18984328166481118,-0.2806748518145161,36962619.33,0.08976803793151622,6950533.87,0.45789918294466925,4,4288999.0,2,0.6170747571653802,0.12234931242770854,,,,0.0,,0.0,40.39478774912488,现金类资产>有息负债;近年盈利稳定,大象控股集团,大象控股集团有限公司,创业板,20190502,0.31,148800000.0,148800000.0,14560.0,1.46,25.63,25.63,363229.0,307600.0,补充宽筛,new,False
02378.HK,20251231,54163932800.0,54163932800.0,1341341048000.0,37182352000.0,-1287177115200.0,0.04038043335866062,-4.912547607624769,193088164800.0,,27960566400.0,,3,17220560000.0,4,0.615887380593263,0.0,,4814728000.0,8800057600.0,13614785600.0,,0.05196121158292339,40.242310320079014,现金类资产>有息负债;近年盈利稳定;经营现金流稳定;股东回报率较高,保诚,保诚有限公司,主板,20100525,104.2,262018247559.0,262018247559.0,5791961.0,1.7,8.46,8.46,19257564.04,15324226.0,补充宽筛,new,False
02611.HK,20251231,1187240770040.0,464687764300.0,1768135150450.0,267158227568.0,-580894380410.0,0.6714649441462892,-2.1909047065307234,93517227000.0,0.34011103818885147,27809206000.0,0.34189865214868354,4,-20345612000.0,2,-0.7316142719069362,0.3666282669127626,,8668485000.0,1230955000.0,9899440000.0,,0.03733678689181056,39.7258389021969,现金类资产>有息负债;近年盈利稳定,国泰海通,国泰海通证券股份有限公司,主板,20170411,15.04,265139044468.0,52726628114.0,138686306.0,0.72,10.71,10.71,219139564.24050003,167678131.95,补充宽筛,new,False
03737.HK,20251231,174420000.0,174420000.0,731708000.0,130013000.0,-557288000.0,0.23837377751780764,-0.9777394135893441,1737487000.0,-0.01641457758864917,17290000.0,-0.45428133217987543,4,179696000.0,4,10.39305957200694,1.6489878542510121,,38928000.0,,38928000.0,,0.06829761253105394,39.13618113720722,现金类资产>有息负债;近年盈利稳定;经营现金流稳定;一次性/其他收益占比较高;股东回报率较高,中智药业,中智药业控股有限公司,主板,20150713,0.66,569976000.0,569976000.0,74360.0,0.47,29.78,29.78,287947.5,286685.0,补充宽筛,new,False
00698.HK,20251231,1118541325.46,847332359.28,3534238441.04,991001242.14,-2415697115.58,0.31648722748056957,-5.563454760847287,4678891856.7,-0.13064628921130395,108707043.1,-0.0393868965978913,2,180961933.44,4,1.6646753354659134,1.0183955797432596,,27115567.62,,27115567.62,,0.06244832301020714,38.74018479256275,现金类资产>有息负债;经营现金流稳定;一次性/其他收益占比较高;股东回报率较高,通达集团,通达集团控股有限公司,主板,20001222,2.23,434208099.0,434208099.0,37440.0,0.15,3.61,3.61,239845.85,114404.0,补充宽筛,new,False
00331.HK,20251231,689418793.8,689418793.8,2711024765.42,414575270.3399999,-2021605971.6200001,0.25430191660133844,-0.8740190106441851,3411519746.08,0.009518904076243784,195039520.36,-0.0790553615429711,4,91105091.74,3,0.4671109299891635,0.030374459335550018,,82828886.88,,82828886.88,,0.035810154293125805,38.12746331348216,现金类资产>有息负债;近年盈利稳定;经营现金流稳定,丰盛生活服务,丰盛生活服务有限公司,主板,20151210,5.14,2313000000.0,2313000000.0,380692.0,1.85,5.41,5.41,807527.2019999999,676270.0,补充宽筛,new,False
06058.HK,20251231,15813163735.43,1991341154.0600002,18220190062.74,5255577064.38,-2407026327.3100014,0.8678923590247101,-1.1353897770330195,823055583.22,0.5285273723839841,150889200.96,,3,3308886012.07,3,21.929243385331265,1.0645859115032588,,36128800.0,,36128800.0,,0.01704188679245283,37.959597562141525,现金类资产>有息负债;近年盈利稳定;经营现金流稳定;一次性/其他收益占比较高,兴证国际,兴证国际金融集团有限公司,主板,20190103,0.53,2120000000.0,2120000000.0,36580.0,0.62,12.69,12.69,759394.775,510525.0,补充宽筛,new,False
01776.HK,20251231,639078492200.25,195735134697.13,813026402466.72,101324183726.73,-173947910266.46997,0.7860488789309763,-1.2221112579044549,44287097000.0,0.13701268236954744,13701548000.0,0.1999926638091576,4,-55582490000.0,1,-4.056657685686318,0.016464052091048398,,5145201000.0,,5145201000.0,,0.036148799124109565,37.79580420908101,现金类资产>有息负债;近年盈利稳定,广发证券,广发证券股份有限公司,主板,20150410,18.19,142333939845.0,34939282878.0,255769681.0,0.91,8.13,8.13,133424285.118,117254000.4,补充宽筛,new,False
01141.HK,20251231,3150626455.52,670929880.4,3520146402.6,1921437067.18,-369519947.0799999,0.8950271083023505,-0.10332991064140626,56296799.38,-0.5716695407048396,136589444.5,,2,-311880962.78,3,-2.2833460076045626,0.15955033889899156,,,588899.44,588899.44,,0.00016467562033613343,37.59200799849275,现金类资产>有息负债;经营现金流稳定,民银资本,民银资本控股有限公司,主板,19980312,3.26,3576117939.0,3576117939.0,7651858.0,2.2,23.65,23.65,49965643.355,19817483.75,补充宽筛,new,False
02263.HK,20250930,132437791.78,132437791.78,152249457.78,108644.62,-19811666.0,0.8698736515132435,-0.06191145625,15520660.0,-0.0475639714265933,5630347.66,-0.104851157962776,4,-66905000.36,2,-11.88292524728393,0.42776066158586024,,,,0.0,,0.0,37.43699132895254,现金类资产>有息负债;近年盈利稳定,富石金融,富石金融控股有限公司,主板,20200219,0.32,320000000.0,320000000.0,38850.0,0.88,42.2,42.2,186423.68421052632,97600.0,补充宽筛,new,False
08162.HK,20251231,58382334.36,58382334.36,503609278.62,2404371.6399999997,-445226944.26,0.11592783699295695,-0.8133385891336649,17920496279.94,6.459056290145647,58631623.08,,3,318744531.56,3,5.43639276581323,0.093076994176911,,,,0.0,,0.0,33.956359709611654,现金类资产>有息负债;近年盈利稳定;经营现金流稳定,港银控股,港银控股有限公司,创业板,20140805,0.55,547406640.0,547406640.0,2555500.0,2.52,8.43,8.43,1807970.0,2039000.0,补充宽筛,new,False
01163.HK,20251231,534126000.0,476401000.0,580685000.0,1278000.0,-46559000.0,0.9198205567562447,-0.30023111069841346,346387000.0,-0.007823721365573522,5563000.0,-0.1477859980915287,2,78001000.0,3,14.021391335610282,2.0798130505123136,,,,0.0,,0.0,31.797352288607215,现金类资产>有息负债;经营现金流稳定;一次性/其他收益占比较高,虎视传媒,虎视传媒有限公司,主板,20200710,0.173,155077200.0,155077200.0,40675.0,0.68,25.18,25.18,29528.59375,19672.5,补充宽筛,new,False
01930.HK,20251231,28498000.0,28001000.0,377513000.0,17626000.0,-349015000.0,0.07548879111447818,-1.3916068580542265,300669000.0,0.14835991493614742,15107000.0,-0.04439812049573344,4,15565000.0,3,1.0303170715562322,0.18739657112596808,,4375000.0,,4375000.0,,0.017444178628389154,30.697867137600923,现金类资产>有息负债;近年盈利稳定;经营现金流稳定,勋龙,勋龙汽车轻量化应用有限公司,主板,20190628,0.38,250800000.0,250800000.0,41200.0,0.62,14.99,14.99,46113.75,28940.0,补充宽筛,new,False
01072.HK,20251231,22679594590.64,22679594590.64,114505939883.61,5056525680.110001,-91826345292.97,0.19806478697692678,-1.0629299034542383,77582624563.59,0.1270656996998616,3831301222.13,0.10263853371301335,4,2014320912.85,3,0.5257537311906122,0.485143686203468,,1847561531.16,,1847561531.16,,0.02138632865847063,29.418141052469416,现金类资产>有息负债;近年盈利稳定;经营现金流稳定,东方电气,东方电气股份有限公司,主板,19940606,24.98,86389840943.0,10191840000.0,158305644.0,1.63,18.05,18.05,374533215.117,319071049.5,补充宽筛,new,False
08446.HK,20251231,32767429.74,32767429.74,163061721.67,11315510.36,-130294291.92999999,0.20095108407056966,-1.1697605143946908,149405917.72,0.3127543137204023,23437539.26,,2,157870160.34,3,6.7357822247761,0.03379981367549077,,,,0.0,,0.0,28.211521749164366,现金类资产>有息负债;经营现金流稳定,耀星科技集团,耀星科技集团股份有限公司,创业板,20170614,0.099,111385442.0,111385442.0,29824.0,0.46,4.29,4.29,58919.1,32544.0,补充宽筛,new,False
09879.HK,20250930,1575898000.0,1575898000.0,1863173000.0,618588000.0,-287275000.0,0.845814103145548,-0.035432170978050515,2352022000.0,-0.1508509086637223,94842000.0,-0.37916142228712757,4,-239788000.0,0,-2.5282891545939563,0.02911157504059383,,,,0.0,,0.0,26.72517177474138,现金类资产>有息负债;近年盈利稳定,米高集团,米高集团控股有限公司,主板,20240321,8.92,8107744800.0,8107744800.0,1967420.0,2.68,23.33,23.33,4167400.6,4132320.0,补充宽筛,new,False
00320.HK,20250930,192627824.24,191984173.34,1345878596.8,161477859.62,-1153250772.56,0.1431242198947197,-2.881639285119057,1720819397.24,-0.030900313219772935,3602619.08,-0.4908513700638054,4,70303111.92,4,19.514445007602635,0.7607704004054738,,,,0.0,,0.0,25.446991153239274,现金类资产>有息负债;近年盈利稳定;经营现金流稳定;一次性/其他收益占比较高,金宝通,金宝通集团有限公司,主板,20061009,0.475,400206500.0,400206500.0,24950.0,0.29,5.91,5.91,87864.375,35690.0,补充宽筛,new,False
01973.HK,20251231,2631709000.0,885649000.0,6925448000.0,515097000.0,-4293739000.0,0.380005596749842,-2.8161788371297583,249372000.0,-0.16164454472089473,195812000.0,-0.2951954314488161,2,625853000.0,2,3.1961932874389722,0.10791984148060385,,,28134000.0,28134000.0,,0.01845253644988869,25.176914949720196,现金类资产>有息负债,天图投资,深圳市天图投资管理股份有限公司,主板,20231006,2.2,1524668442.0,381167600.0,22000.0,0.21,7.03,7.03,160621.33333333334,54108.0,补充宽筛,new,False
00605.HK,20251231,250075424.62,250075424.62,793449866.96,3740234.02,-543374442.34,0.3151748270853349,-3.3718493651689276,93747913.46,-0.19636650745273232,64536875.44,,2,12647789.66,4,0.19597771930806696,-0.08630969042154174,,1576118.9,,1576118.9,,0.009780429660087697,24.175097540026872,现金类资产>有息负债;经营现金流稳定,中国金融投资管理,中国金融投资管理有限公司,主板,19930407,0.77,161150272.0,161150272.0,73900.0,0.22,2.26,2.26,551190.85,85266.0,补充宽筛,new,False
01762.HK,20251231,533211000.0,533211000.0,1261742000.0,440587000.0,-728531000.0,0.42259907334462987,-0.35539681035798265,4299148000.0,0.23167593744238757,58259000.0,,3,-74341000.0,1,-1.276043186460461,0.25525669853584854,,5141000.0,20041000.0,25182000.0,,0.012284449774182183,22.54268890430009,现金类资产>有息负债;近年盈利稳定,万咖壹联,万咖壹联有限公司,主板,20181221,1.05,2049908662.0,2049908662.0,2546270.0,1.18,31.78,31.78,10623656.979,9423072.0,补充宽筛,new,False
02258.HK,20251231,438171000.0,438171000.0,2820509000.0,387438000.0,-2382338000.0,0.15535174679463884,-8.615770191928654,1879652000.0,-0.03251576071257556,33099000.0,0.06895447934786936,3,14729000.0,2,0.4449983383183782,0.41448382126348227,,,,0.0,,0.0,11.761601880646124,现金类资产>有息负债;近年盈利稳定,华滋国际海洋,华滋国际海洋股份有限公司,主板,20181119,0.335,276509000.0,276509000.0,12910.0,0.35,7.55,7.55,2389416.0,362570.0,补充宽筛,new,False
01476.HK,20251231,12376782000.0,2660172000.0,34147558000.0,71960000.0,-21770776000.0,0.3624499883710572,-7.463117587403338,3346255000.0,0.08108869778272854,324944000.0,,3,-1537420000.0,1,-4.731338322911025,0.6056274311881432,,,,0.0,,0.0,3.2565706164213104,现金类资产>有息负债;近年盈利稳定;一次性/其他收益占比较高,金融街证券,金融街证券股份有限公司,主板,20151015,1.12,2917115501.0,504947520.0,29080.0,0.31,8.11,8.11,387520.0,30750.0,补充宽筛,new,False
02236.HK,20251231,3414433000.0,3137646000.0,7270030000.0,903221000.0,-3855597000.0,0.469658722178588,-1.8530370191609222,7604649000.0,0.1774315181159738,142392000.0,,2,-1252269000.0,2,-8.794517950446654,1.2950165739648294,,,3515000.0,3515000.0,,0.0016893428235239944,-2.5795390413061696,现金类资产>有息负债;一次性/其他收益占比较高,惠生工程,惠生工程技术服务有限公司,主板,20121228,0.51,2080690758.0,2080690758.0,32500.0,0.65,13.2,13.2,220427.66736842107,166960.0,补充宽筛,new,False
