序号,来源页,市场/类别,代码/标记,标的名称,数量,单位,浮盈亏,买入逻辑,识别置信度,识别备注,std_code,official_name,standard_market,asset_class,theme,quote_currency,quote_price,quote_time,quote_source,quantity,pnl_pct,inferred_cost_price,market_value_quote,cost_value_quote,market_value_cny,cost_value_cny,fx_cny_per_quote,instrument_note,ba_discount,report_date,latest_report_date,revenue_trend,profit_trend,profit_cagr,latest_profit_yoy,latest_revenue_yoy,roe,gross_margin,debt_to_assets,cfo_profit,dividend_yield,dividend_cash_ttm,pe_ttm,pb,total_mv_quote,turnover_rate,recent_announcements,risk_announcements,risk_announcement_count,financial_coverage,valuation_note,shareholder_return_yield,logic_status,logic_reason,logic_support,div_paid_latest,buyback_latest,shareholder_return_latest,oneoff_profit_ratio,dividend_yield_note,yield_pctile_all,yield_pctile_1y,yield_pctile_2y,yield_valuation_hint,position_weight,risk_level,risk_reason,position_comment,decision
7,照片1/Page10,港股/H股,H,联想国际H,1000,股,-5.19%,信誉稳定；股息,高,,00992.HK,联想集团,港股,港股,科技硬件,HKD,23.02,2026/06/30 16:08:11,tencent,1000.0,-0.0519,24.28013922582006,23020.0,24280.13922582006,19918.664013152204,21009.03281631917,0.865276455827637,,,20260331,20260331,增长,增长,0.061915638191500255,,,0.35937996359070384,,0.867874295496735,2.1045021551284524,0.0165349895939581,,19.06,8.18,285555260000.0,,29/06/2026 16:49: 更改註冊辦事處地址 || 27/02/2026 16:31: (1) 修訂與富士通的持續關連交易的現有年度上限及 (2) 續訂與富士通的持續關連交易 || 26/06/2026 17:17: 變更申請表格,,0,Tushare 港股财报,,0.0165349895939581,需复核,股东回报证据偏弱或暂无TTM股息,,4721653252.6,,4721653252.6,0.043991713176749825,以现金流表派息/回购除以当前总市值估算,,,,,0.018166981846449787,中,买入逻辑需复核；分红证据不足,小仓，仓位大体匹配,优先复核/降权候选
25,照片3/Page12,新加坡股,PCT,栢能集团,200,股,+110%,股东回报；AI硬件需求；已持续减仓,高,新加坡股，非港股,PCT.SI,栢能集团,新加坡股,新加坡股,AI硬件,SGD,2.89,2026-06-30 17:08:22 +08,yahoo,200.0,1.1,1.3761904761904762,578.0,275.23809523809524,3028.873866792433,1442.3208889487776,5.24026620552324,非港股，Tushare覆盖有限,,,,Tushare不覆盖,Tushare不覆盖,,,,,,,,0.0,0.0,,,,,,,0,Yahoo行情/分红事件；需SGX财报补验,,0.0,需复核,股东回报证据偏弱或暂无TTM股息；事件/产品期权逻辑，财务数据验证不足,,,,,,,,,,,0.0027625093990676893,中,买入逻辑需复核；分红证据不足,观察仓，仓位大体匹配,优先复核/降权候选
24,照片3/Page12,港股,,康方生物,1000,股,-10.09%,新药疗效,高,,09926.HK,康方生物,港股,港股,创新药,HKD,88.05,2026/06/30 16:08:09,tencent,1000.0,-0.1009,97.93126459793126,88050.0,97931.26459793127,76187.59193562344,84737.61754601651,0.865276455827637,,,20251231,20251231,增长,亏损/转亏,,,,-0.12301481427611774,,0.43810196469751017,0.8513986657981627,,,-65.82,6.49,81106660000.0,,29/06/2026 21:21: 於2026年6月29日（星期一）舉行的股東週年大會投票表決結果 || 29/04/2026 22:53: 致非登記持有人之通知信函及回條 - 以電子方式發布公司通訊安排的提示信函 || 29/04/2026 22:51: 致登記股東之通知信函及回條 - 以電子方式發布公司通訊安排的提示信函,,0,Tushare 港股财报,,,未破但需跟踪,事件/产品期权逻辑，财务数据验证不足；利润趋势为亏损/转亏,,,,0.0,0.3444226320163518,,,,,,0.06948752178887506,低,利润趋势压力,中等，仓位大体匹配,可继续持有
22,照片3/Page12,A股,,美的集团,600,股,+1.582%,股东回报；估值低；出海,高,,000333.SZ,美的集团,A股,A股,家电红利,CNY,75.53,2026-06-30 15:00:00,sina,600.0,0.01582,74.3537240849757,45318.0,44612.234450985416,45318.0,44612.234450985416,1.0,,,20251231,20260331,稳定,稳定,0.1413920293265296,0.020312,0.025501,0.19976500000000003,0.26391,0.61165,1.2139135528849645,0.05693102078644247,4.3,13.0107,2.4754,575043040117.0,0.008416,20260701: 关于调整股权激励计划行权价格和回购价格的公告 || 20260701: 北京市嘉源律师事务所关于美的集团股份有限公司相关股票激励计划涉及的价格调整的法律意见书 || 20260625: 2026年6月25日投资者关系活动记录表,,0,Tushare A股财务/分红/公告,,0.05693102078644247,未破但需跟踪,估值不贵但安全边际一般；股东回报/分红仍有数据支撑；盈利趋势未明显破坏出海/代工逻辑,股东回报/分红仍有数据支撑；盈利趋势未明显破坏出海/代工逻辑,,,,,,,,,,0.04133265578322903,低,暂无高优先级风险,中等，仓位大体匹配,可继续持有
30,照片4/Page13,港股,01024/快手,快手,1200,股,+10%,主业低估值；附送可灵期权,高,,01024.HK,快手-W,港股,港股,互联网AI,HKD,41.6,2026/06/30 16:08:09,tencent,1200.0,0.1,37.81818181818181,49920.0,45381.81818181818,43194.60067491564,39267.81879537785,0.865276455827637,,,20251231,20251231,稳定,增长,,,,0.2340053797229694,,0.516300052286628,1.4350324971799968,0.02626120448428261,,8.73,6.2,179999360000.0,,31/03/2026 19:37: 翌日披露報表 || 30/03/2026 19:23: 翌日披露報表 || 30/01/2026 19:05: 翌日披露報表,,0,Tushare 港股财报,,0.02626120448428261,未破但需跟踪,事件/产品期权逻辑，财务数据验证不足；低估值仍有估值指标支撑,低估值仍有估值指标支撑,1800000000.0,2927000000.0,4727000000.0,0.11553956061664071,以现金流表派息/回购除以当前总市值估算,,,,,0.039395991910285554,低,暂无高优先级风险,小仓，仓位大体匹配,可继续持有
15,照片2/Page11,A股,A,海信家电A,1500,股,+15.42%,低估；股东回报；出海；国补好,高,,000921.SZ,海信家电A,A股,A股,家电出海,CNY,27.32,2026-06-30 15:00:00,sina,1500.0,0.1542,23.670074510483452,40980.0,35505.11176572518,40980.0,35505.11176572518,1.0,,,20251231,20260331,稳定,稳定,0.30466900747451753,-0.082223,-0.071596,0.193568,0.21310199999999999,0.692495,1.8188905482431263,0.045021961932650074,1.23,12.2288,2.0451,37834407984.0,0.015018,20260627: 关于召开2025年度暨2026年第一季度业绩说明会的公告 || 20260627: H股公告-认购理财产品 || 20260626: 2025年度股东周年大会决议公告,,0,Tushare A股财务/分红/公告,,0.045021961932650074,未破但需跟踪,估值不贵但安全边际一般；股东回报/分红仍有数据支撑；盈利趋势未明显破坏出海/代工逻辑,股东回报/分红仍有数据支撑；盈利趋势未明显破坏出海/代工逻辑,,,,,,,,,,0.03737614709379774,低,暂无高优先级风险,小仓，仓位大体匹配,可继续持有
17,照片2/Page11,A股,A,云铝股份A,1600,股,-18.07%,铝价回报；电力紧张；中国控制电解铝产能,高,,000807.SZ,云铝股份A,A股,A股,铝周期,CNY,22.14,2026-06-30 15:00:00,sina,1600.0,-0.1807,27.02306847308678,35424.0,43236.90955693885,35424.0,43236.90955693885,1.0,,,20251231,20260331,稳定,增长,0.09841912637933437,2.694536,0.13684100000000002,0.200643,0.167871,0.19836700000000002,1.39269359592082,0.03157181571815718,0.6990000000000001,8.8455,2.1536,76780576836.0,0.024863,20260701: 云南铝业股份有限公司2026年第一次临时股东会决议公告 || 20260701: 云南海合律师事务所关于云南铝业股份有限公司2026年第一次临时股东会的见证意见书 || 20260613: 云南铝业股份有限公司第九届董事会第二十五次会议决议公告,,0,Tushare A股财务/分红/公告,,0.03157181571815718,未破但需跟踪,资源/商品价格假设，需独立跟踪周期拐点,,,,,,,,,,,0.03230875145560495,低,暂无高优先级风险,小仓，仓位大体匹配,可继续持有
6,照片1/Page10,B股,B,古井贡B,600,股,-22.88%,MSCI被动卖出；低估；分红,高,,200596.SZ,古井贡B,B股,B股,B/A折价,HKD,51.75,2026-06-30 15:00:00,sina,600.0,-0.2288,67.10321576763485,31050.0,40261.92946058091,26866.83395344813,34837.69962843378,0.865276455827637,,0.4388714713147842,20251231,20260331,稳定,明显下滑,0.04132181556702674,-0.310309,-0.18590399999999999,0.14279999999999998,0.79256,0.316596,0.548648473371272,0.022332367149758454,1.0,14.9258,1.6147,42182280000.0,0.008513,20260627: 第十一届董事会第一次会议决议公告 || 20260627: 2025年度股东会决议公告 || 20260627: 关于选举职工代表董事的公告,,0,Tushare A股财务/分红/公告,PE/PB取A股公司口径；B股吸引力另看B/A折价,0.022332367149758454,未破但需跟踪,股息率中等，需看持续性；估值不贵但安全边际一般；利润趋势为明显下滑；最新净利同比下滑超过20%；经营现金流/利润偏低；B/A折价仍较明显,B/A折价仍较明显,,,,,,,,,,0.024504117564390356,低,利润趋势压力,小仓，仓位大体匹配,可继续持有
35,照片4/Page13,港股,06049/保利物业,保利物业,1200,股,-24.53%,同其他物业,高,,06049.HK,保利物业,港股,港股,物业地产链,HKD,25.76,2026/06/30 16:08:12,tencent,1200.0,-0.24530000000000002,34.13276798727972,30912.000000000004,40959.32158473566,26747.42580254392,35441.13661394451,0.865276455827637,,,20251231,20251231,稳定,稳定,0.11661343454731754,,,0.14682032998922145,,0.4159194348351026,1.1792274678111587,0.05173521296321631,,8.31,2.81,14253870000.0,,31/03/2026 12:12: 董事會換屆選舉 || 31/03/2026 12:01: 截至2025年12月31日止年度的末期股息 || 31/03/2026 12:00: 截至2025年12月31日止年度全年業績公告,,0,Tushare 港股财报,,0.05173521296321631,未破但需跟踪,地产链仍是主要折价和风险来源,,737427000.0,,737427000.0,0.06088289393010423,以现金流表派息/回购除以当前总市值估算,,,,,0.02439521037521529,低,暂无高优先级风险,小仓，仓位大体匹配,可继续持有
20,照片3/Page12,A股,A,紫金矿业A,900,股,-16.42%,同洛阳钼业,高,,601899.SH,紫金矿业A,A股,A股,资源周期,CNY,25.14,2026-06-30 15:00:01,sina,900.0,-0.1642,30.078966259870782,22626.0,27071.069633883704,22626.0,27071.069633883704,1.0,,,20251231,20260331,稳定,增长,0.3721424266296107,0.975001,0.24793800000000002,0.318309,0.277273,0.515586,1.456805894062615,0.02386634844868735,0.6,10.8363,3.3886,668490565044.0,0.015081,20260622: 紫金矿业集团股份有限公司2025年年度权益分派实施公告 || 20260622: 福建至理律师事务所关于紫金矿业集团股份有限公司差异化分红事项的法律意见书 || 20260609: 紫金矿业集团股份有限公司第九届董事会临时会议决议公告,20260606: 紫金矿业集团股份有限公司内幕信息及知情人管理制度,1,Tushare A股财务/分红/公告,,0.02386634844868735,未破但需跟踪,近半年公告标题存在风险关键词,,,,,,,,,,,0.020636229969357434,低,公告风险关键词,小仓，仓位大体匹配,可继续持有
26,照片4/Page13,港股/H股,09618/京东H,京东H,250,股,-15%,股东回报,高,,09618.HK,京东集团-SW,港股,港股,互联网回购,HKD,99.25,2026/06/30 16:08:09,tencent,250.0,-0.15,116.76470588235294,24812.5,29191.176470588234,21469.67206022324,25258.437717909695,0.865276455827637,,,20251231,20251231,稳定,明显下滑,0.2366544269567723,,,0.0820189933443912,,0.616605583356293,0.9673985023687026,0.11732641396789603,,12.47,2.12,271115420000.0,,31/03/2026 07:45: 擬發行以人民幣計值的優先票據 || 28/04/2026 18:00: 董事會會議日期 || 20/02/2026 18:00: 董事會會議日期,,0,Tushare 港股财报,,0.11732641396789603,未破但需跟踪,利润趋势为明显下滑；股东回报/分红仍有数据支撑,股东回报/分红仍有数据支撑,10379000000.0,21430000000.0,31809000000.0,0.01971371809892517,以现金流表派息/回购除以当前总市值估算,,,,,0.019581591531930294,低,利润趋势压力,小仓，仓位大体匹配,可继续持有
8,照片1/Page10,A股,,顾家家居,900,股,-22.80%,分红；下行期业绩稳定；地产企稳,高,,603816.SH,顾家家居,A股,A股,地产链消费,CNY,22.36,2026-06-30 15:00:03,sina,900.0,-0.228,28.963730569948186,20124.0,26067.357512953367,20124.0,26067.357512953367,1.0,,,20251231,20260331,稳定,增长,-0.0040640124423935164,-0.043943,0.02421,0.175221,0.327631,0.427465,1.5498025200962413,0.12343470483005366,2.76,10.3934,1.657,18367655540.0,0.011412,20260630: 关于高级管理人员离任暨聘任高级管理人员的公告 || 20260626: 顾家家居差异化分红事项法律意见书 || 20260626: 顾家家居2025年年度权益分派实施公告,,0,Tushare A股财务/分红/公告,,0.12343470483005366,未破但需跟踪,地产链仍是主要折价和风险来源；股东回报/分红仍有数据支撑,股东回报/分红仍有数据支撑,,,,,,,,,,0.018354260227320295,低,暂无高优先级风险,小仓，仓位大体匹配,可继续持有
11,照片2/Page11,A股,A,赛轮轮胎A,1700,股,-26.86%,电车渗透率上升；车重大；轮胎需求大,高,,601058.SH,赛轮轮胎A,A股,A股,轮胎出海,CNY,11.53,2026-06-30 15:00:02,sina,1700.0,-0.2686,15.76428766748701,19601.0,26799.289034727917,19601.0,26799.289034727917,1.0,,,20251231,20260331,增长,稳定,0.38294164537859343,0.017166,0.124754,0.171311,0.24682400000000002,0.5006,1.1863181577055144,0.028620988725065046,0.32999999999999996,10.7086,1.6913,37911796459.0,0.015892,20260701: 赛轮轮胎关于股东部分股份质押延期购回的公告 || 20260626: 赛轮轮胎2026年第一次临时股东会会议材料 || 20260618: 赛轮轮胎第七届董事会第六次会议决议公告,20260701: 赛轮轮胎关于股东部分股份质押延期购回的公告,1,Tushare A股财务/分红/公告,,0.028620988725065046,未破但需跟踪,近半年公告标题存在风险关键词,,,,,,,,,,,0.017877253762458016,低,公告风险关键词,小仓，仓位大体匹配,可继续持有
3,照片1/Page10,A股,,雅戈尔,2100,股,-1.43%,分红,高,,600177.SH,雅戈尔,A股,A股,红利消费,CNY,7.53,2026-06-30 15:00:01,sina,2100.0,-0.0143,7.639241148422441,15813.0,16042.406411687125,15813.0,16042.406411687125,1.0,,,20251231,20260331,稳定,高点回落,-0.21542788396633705,0.147265,0.031029,0.058594999999999994,0.459046,0.39927799999999997,0.504176188698062,0.058432934926958835,0.44000000000000006,13.5695,0.8204,34814517507.0,0.0048720000000000005,20260610: 雅戈尔时尚股份有限公司关于控股股东及其一致行动人权益变动触及1%刻度的提示性公告 || 20260605: 雅戈尔时尚股份有限公司关于控股子公司互保的公告 || 20260605: 雅戈尔时尚股份有限公司与私募基金合作投资公告,,0,Tushare A股财务/分红/公告,,0.058432934926958835,未破但需跟踪,利润趋势为高点回落；经营现金流/利润偏低；股东回报/分红仍有数据支撑,股东回报/分红仍有数据支撑,,,,,,,,,,0.014422377110644794,低,利润趋势压力,小仓，仓位大体匹配,可继续持有
31,照片4/Page13,港股,01023/时代集团控股,时代集团控股,36000,股,-9%,低估值；业绩反转修复,高,,01023.HK,时代集团控股,港股,港股,特殊高息,HKD,0.46,2026/06/30 16:08:13,tencent,36000.0,-0.09,0.5054945054945055,16560.0,18197.802197802197,14328.97810850567,15746.129789566668,0.865276455827637,,,20250630,20250630,稳定,亏损/转亏,,,,-0.11337014421947489,,0.1657924841547781,-0.47551579680357603,0.12400548660211665,,-2.49,0.0,444100000.0,,27/02/2026 12:18: 截至二零二五年十二月三十一日止六個月之中期股息 || 27/02/2026 12:07: 截至二零二五年十二月三十一日止六個月的中期業績公佈 || 20/03/2026 06:37: 致非登記股東之通知信函 - 公司通訊之發佈通知,,0,Tushare 港股财报,,0.12400548660211665,未破但需跟踪,利润趋势为亏损/转亏；经营现金流/利润偏低；低估值仍有估值指标支撑,低估值仍有估值指标支撑,52678791.75,2392044.85,55070836.6,0.09732470770578522,以现金流表派息/回购除以当前总市值估算,,,,,0.013068862701008188,低,利润趋势压力,小仓，仓位大体匹配,可继续持有
19,照片3/Page12,A股,A,洛阳钼业A,800,股,-7.70%,铜金价格；利润增长；对冲家电；AI需求刺激,高,,603993.SH,洛阳钼业A,A股,A股,资源周期,CNY,17.55,2026-06-30 15:00:02,sina,800.0,-0.077,19.014084507042252,14040.0,15211.267605633802,14040.0,15211.267605633802,1.0,,,20251231,20260331,稳定,增长,0.4966423670442033,0.96655,0.443362,0.26507200000000003,0.239275,0.503382,1.0247955204461843,0.016296296296296295,0.286,15.5456,4.2251,375470144010.0,0.01394,20260617: 洛阳钼业关于2021年第一期员工持股计划2023年度对应权益分配期业绩考核情况暨存续期延长的公告 || 20260617: 洛阳钼业关于对下属子公司提供担保的进展公告 || 20260617: 洛阳钼业第七届董事会第十二次临时会议决议公告,,0,Tushare A股财务/分红/公告,,0.016296296296296295,未破但需跟踪,资源/商品价格假设，需独立跟踪周期拐点,,,,,,,,,,,0.01280529783301416,低,暂无高优先级风险,小仓，仓位大体匹配,可继续持有
29,照片4/Page13,港股/H股,02069/中海物业H,中海物业H,5000,股,-35%,股东回报；地产企稳,高,,02669.HK,中海物业,港股,港股,物业地产链,HKD,3.23,2026/06/30 16:08:12,tencent,5000.0,-0.35,4.969230769230769,16150.0,24846.153846153848,13974.214761616338,21498.791940948213,0.865276455827637,原表代码写作02069，按官方代码02669计算,,20251231,20251231,稳定,稳定,0.07714845699094997,,,0.23345892960818165,,0.5455578335339113,0.8439242920764806,0.056386847034888596,,7.01,3.08,10607190000.0,,29/04/2026 17:43: 重續持續關連交易 - 關於租賃物業及物業管理公用服務費 || 29/04/2026 17:15: 與中國海外發展、中國海外宏洋、中國建築國際、中建集團及中國建築興業關於提供物業管理服務及增值服務的持續關連交易 || 29/04/2026 12:11: 2025年可持續發展報告,,0,Tushare 港股财报,,0.056386847034888596,未破但需跟踪,地产链仍是主要折价和风险来源；股东回报/分红仍有数据支撑,股东回报/分红仍有数据支撑,598106000.0,,598106000.0,0.09517778660632041,以现金流表派息/回购除以当前总市值估算,,,,,0.012745297863604,低,暂无高优先级风险,小仓，仓位大体匹配,可继续持有
1,照片1/Page10,B股,B,宝信B,1700,股,-25.93%,B/A负溢价；MSCI被动卖出,高,,900926.SH,宝信B,B股,B股,B/A折价,USD,0.805,2026-06-30 15:00:01,sina,1700.0,-0.2593,1.0868097745375995,1368.5,1847.5766167139193,9286.150505530297,12536.992717065341,6.785641582411617,,0.6715308795044286,20251231,20260331,稳定,明显下滑,-0.1579675040436157,-0.142523,0.041722999999999996,0.11631,0.31692699999999996,0.46470100000000003,1.6451438209959846,0.04210571428571429,0.23,38.2776,4.1609,47526945183.0,0.007308,20260627: 上海市华诚律师事务所关于上海宝信软件股份有限公司2026年第一次临时股东会所涉相关问题的法律意见书 || 20260627: 2026年第一次临时股东会决议公告 || 20260619: 2026年第一次临时股东会会议资料,,0,Tushare A股财务/分红/公告,PE/PB取A股公司口径；B股吸引力另看B/A折价,0.04210571428571429,未破但需跟踪,利润趋势为明显下滑；B/A折价仍较明显,B/A折价仍较明显,,,,,,,,,,0.008469510181304162,低,利润趋势压力,观察仓，仓位大体匹配,可继续持有
32,照片4/Page13,港股,02156/建发物业,建发物业,4000,股,-7.61%,股东回报；地产修复,高,,02156.HK,建发物业,港股,港股,物业地产链,HKD,2.64,2026/06/30 16:08:12,tencent,4000.0,-0.0761,2.8574521052061916,10560.0,11429.808420824767,9137.319373539847,9889.944121160135,0.865276455827637,,,20251231,20251231,增长,稳定,0.13232631471392975,,,0.17885159128577566,,0.555823772835851,1.6687739789194476,0.056408594283746935,,9.36,2.63,3717819999.9999995,,30/04/2026 17:26: 股東周年大會適用的代表委任表格 || 30/04/2026 17:25: 股東周年大會通告 || 30/04/2026 17:23: (1)發行和回購股份的一般授權、(2)重選退任董事、(3)宣派末期股息及特別股息及(4)股東周年大會通告,,0,Tushare 港股财报,,0.056408594283746935,未破但需跟踪,地产链仍是主要折价和风险来源；股东回报/分红仍有数据支撑,股东回报/分红仍有数据支撑,209717000.0,,209717000.0,0.023457199457244036,以现金流表派息/回购除以当前总市值估算,,,,,0.008333767519483483,低,暂无高优先级风险,观察仓，仓位大体匹配,可继续持有
34,照片4/Page13,港股/H股,03900/绿城中国H,绿城中国H,1000,股,-28.88%,观察仓；地产修复,高,,03900.HK,绿城中国,港股,港股,地产链,HKD,6.76,2026/06/30 16:08:09,tencent,1000.0,-0.2888,9.50506186726659,6760.0,9505.061867266591,5849.268841394826,8224.506244930857,0.865276455827637,,,20251231,20251231,稳定,明显下滑,-0.7046760314741014,,,0.0019706162241767285,,0.9216343036063532,406.1292031159757,0.1628687959766282,,218.43,4.11,17167689999.999998,,31/03/2026 06:13: 須予披露及持續關連交易金融服務框架協議 || 31/03/2026 06:09: 截至2025年12月31日止年度全年業績公佈 || 30/03/2026 22:38: 董事名單及其角色與職能,,0,Tushare 港股财报,,0.1628687959766282,未破但需跟踪,地产链仍是主要折价和风险来源；利润趋势为明显下滑,,2768070000.0,28011000.0,2796081000.0,25.047035456197438,以现金流表派息/回购除以当前总市值估算,,,,,0.005334873904517835,低,利润趋势压力,观察仓，仓位大体匹配,可继续持有
14,照片2/Page11,ETF,,红利ETF易方达,76500,份,+7.64%,分红；防守,高,,515180.SH,易方达中证红利ETF,ETF,ETF,红利ETF,CNY,1.277,2026-06-30 15:00:03,sina,76500.0,0.0764,1.1863619472315123,97690.5,90756.68896321069,97690.5,90756.68896321069,1.0,,,20260629,20260629,ETF不适用,ETF不适用,,,,,,,,0.0479559748427672,0.061,,,,,,,0,Tushare fund_div/fund_daily + Sina行情,,0.0479559748427672,暂未打破,股东回报/分红仍有数据支撑,股东回报/分红仍有数据支撑,,,,,,0.9156363636363636,1.0,0.9254658385093169,股息率高位，但分红未回峰值,0.08909942649259756,低,暂无高优先级风险,偏重，需确认组合集中度,可继续持有
16,照片2/Page11,A股,A,中国移动A,800,股,-9.48%,防守；股息；公用事业,高,,600941.SH,中国移动A,A股,A股,通信公用,CNY,86.13,2026-06-30 15:00:01,sina,800.0,-0.09480000000000001,95.1502430402121,68904.0,76120.19443216968,68904.0,76120.19443216968,1.0,,,20251231,20260331,稳定,稳定,0.03000641948799565,-0.042081999999999994,0.010305,0.099709,0.288683,0.332236,1.698960574783909,0.05461163357715081,4.7036999999999995,13.7494,1.3124,1867247996724.0,0.009088,20260625: 港股公告：董事名单与其角色和职能 || 20260625: 中国移动：关于执行董事辞任的公告 || 20260617: 港股公告：董事名单与其角色和职能,,0,Tushare A股财务/分红/公告,,0.05461163357715081,暂未打破,股东回报/分红仍有数据支撑,股东回报/分红仍有数据支撑,,,,,,,,,,0.06284446167279256,低,暂无高优先级风险,中等，仓位大体匹配,可继续持有
18,照片2/Page11,港股/H股,H,中国电信H,16000,股,-18.54%,防守；股息,高,,00728.HK,中国电信,港股,港股,通信公用,HKD,4.27,2026/06/30 16:08:09,tencent,16000.0,-0.18539999999999998,5.241836484164007,68320.0,83869.38374662411,59115.68746214416,72570.20312072693,0.865276455827637,,,20251231,20251231,稳定,稳定,0.06344320432656425,,,0.07680130713811276,,0.462147729535949,3.7688413439807142,0.06432228780452699,,10.63,3.87,390735480000.0,,27/04/2026 19:16: 截至2025年12月31日止年度之末期股息（更新） || 27/04/2026 19:11: 2026年5月19日舉行之年度股東會之代表委任表格 || 27/04/2026 19:08: 年度股東會通告,,0,Tushare 港股财报,,0.06432228780452699,暂未打破,股东回报/分红仍有数据支撑,股东回报/分红仍有数据支撑,25133000000.0,,25133000000.0,,以现金流表派息/回购除以当前总市值估算,,,,,0.053916950466961315,低,暂无高优先级风险,中等，仓位大体匹配,可继续持有
9,照片1/Page10,A股,,安琪酵母,1600,股,+27.53%,国外产能利润释放；全球底部好；糖蜜价格下行改善成本,高,,600298.SH,安琪酵母,A股,A股,食品出海,CNY,36.2,2026-06-30 15:00:03,sina,1600.0,0.2753,28.38547792676233,57920.00000000001,45416.76468281973,57920.00000000001,45416.76468281973,1.0,,,20251231,20260331,稳定,增长,0.05340472574097466,0.1508,0.19491499999999998,0.135166,0.24706399999999998,0.493373,1.6044709955249998,0.015193370165745856,0.55,19.6324,2.5205,31416122940.000004,0.010138000000000001,20260701: 安琪酵母股份有限公司关于参加湖北辖区上市公司2026年投资者网上集体接待日活动的公告 || 20260701: 安琪酵母股份有限公司2026年第一次临时股东会决议公告 || 20260701: 北京市通商律师事务所关于安琪酵母股份有限公司2026年第一次临时股东会的法律意见书,,0,Tushare A股财务/分红/公告,,0.015193370165745856,暂未打破,暂无明显反证,,,,,,,,,,,0.05282641385243449,低,暂无高优先级风险,中等，仓位大体匹配,可继续持有
23,照片3/Page12,ETF,,红利低波100博时,57800,份,-0.836%,防守；股息,高,,159307.SZ,博时中证红利低波动100ETF,ETF,ETF,红利ETF,CNY,0.949,2026-06-30 15:00:00,sina,57800.0,-0.00836,0.957000524383849,54852.2,55314.63030938647,54852.2,55314.63030938647,1.0,,,20260629,20260629,ETF不适用,ETF不适用,,,,,,,,0.0534883720930232,0.0506,,,,,,,0,Tushare fund_div/fund_daily + Sina行情,,0.0534883720930232,暂未打破,股东回报/分红仍有数据支撑,股东回报/分红仍有数据支撑,,,,,,0.9602803738317756,0.9300411522633744,0.9602803738317756,股息率高位，偏便宜信号,0.05002840155242587,低,暂无高优先级风险,中等，仓位大体匹配,可继续持有
12,照片2/Page11,A股,A,药明康德A,400,股,+31.13%,行业景气度高；美股退市映射,高,,603259.SH,药明康德A,A股,A股,医药CXO,CNY,124.51,2026-06-30 15:00:03,sina,400.0,0.31129999999999997,94.95157477312591,49804.0,37980.62990925036,49804.0,37980.62990925036,1.0,,,20251231,20260331,增长,增长,0.29521249862407184,0.266767,0.288068,0.276853,0.476387,0.22181,0.8983101015967101,0.01549490000803148,1.9292699999999998,18.4553,4.4111,371507608972.00006,0.032092999999999997,20260627: 关于2026年股份回购实施结果暨股份变动的公告 || 20260626: H股公告 || 20260625: H股公告,,0,Tushare A股财务/分红/公告,,0.01549490000803148,暂未打破,暂无明显反证,,,,,,,,,,,0.04542414909369211,低,暂无高优先级风险,中等，仓位大体匹配,可继续持有
27,照片4/Page13,港股/H股,00883/中国海油H,中国海油H,2000,股,+3%,大幅盈利后的加仓；股东回报,高,,00883.HK,中国海洋石油,港股,港股,能源红利,HKD,20.32,2026/06/30 16:08:12,tencent,2000.0,0.03,19.728155339805824,40640.0,39456.31067961165,35164.83516483517,34140.61666488851,0.865276455827637,,,20251231,20251231,稳定,稳定,-0.048459534970900386,,,0.25385517516718237,,0.3877671052380316,1.712308120771285,0.06257140001208936,,7.15,4.55,965808660000.0,,30/06/2026 16:53: 致非登記持有人之通知信函及回條&ndash;以電子方式發布公司通訊之安排 || 30/06/2026 16:50: 致登記持有人之通知信函及回條&ndash;以電子方式發布公司通訊之安排 || 28/04/2026 18:31: 海外監管公告 獨立董事提名人及候選人聲明（李淑賢）,,0,Tushare 港股财报,,0.06257140001208936,暂未打破,股东回报/分红仍有数据支撑,股东回报/分红仍有数据支撑,60432000000.0,,60432000000.0,0.07277076063629363,以现金流表派息/回购除以当前总市值估算,,,,,0.03207237802952734,低,暂无高优先级风险,小仓，仓位大体匹配,可继续持有
13,照片2/Page11,港股/H股,H,申洲国际H,1000,股,-8.36%,行业龙头；估值修复；代工行业受益于美元走强,高,,02313.HK,申洲国际,港股,港股,纺织代工,HKD,39.36,2026/06/30 16:08:12,tencent,1000.0,-0.0836,42.95067656045395,39360.0,42950.67656045395,34057.28130137579,37164.20918962875,0.865276455827637,,,20251231,20251231,稳定,稳定,0.08483048981249808,,,0.1553738061627042,,0.3415885834596512,0.9526440184149657,0.062105399649240375,,9.17,2.54,59151620000.0,,31/03/2026 18:01: 翌日披露報表 || 30/03/2026 12:02: 二零二五年十二月三十一日止十二個月期間之宣派股息 || 30/03/2026 12:00: 截至二零二五年十二月三十一日止年度之初步年度業績公告,,0,Tushare 港股财报,,0.062105399649240375,暂未打破,盈利趋势未明显破坏出海/代工逻辑,盈利趋势未明显破坏出海/代工逻辑,3673635000.0,,3673635000.0,0.20202559129529282,以现金流表派息/回购除以当前总市值估算,,,,,0.03106222439080207,低,暂无高优先级风险,小仓，仓位大体匹配,可继续持有
21,照片3/Page12,A股,,福耀玻璃,600,股,-18.06%,股东回报；行业龙头；出海,高,,600660.SH,福耀玻璃,A股,A股,汽车玻璃,CNY,50.44,2026-06-30 15:00:03,sina,600.0,-0.18059999999999998,61.557237002684886,30264.0,36934.34220161093,30264.0,36934.34220161093,1.0,,,20251231,20260331,增长,增长,0.2510771160130698,-0.156769,0.050758,0.254258,0.37270000000000003,0.46401800000000004,1.2945335931709232,0.04163362410785092,2.1,14.6358,3.3631,131635462140.0,0.006965,20260610: 福耀玻璃2026年度第二期中期票据发行情况公告 || 20260602: H股市场公告 || 20260501: H股市场公告,,0,Tushare A股财务/分红/公告,,0.04163362410785092,暂未打破,股东回报/分红仍有数据支撑；盈利趋势未明显破坏出海/代工逻辑,股东回报/分红仍有数据支撑；盈利趋势未明显破坏出海/代工逻辑,,,,,,,,,,0.027602530884497187,低,暂无高优先级风险,小仓，仓位大体匹配,可继续持有
5,照片1/Page10,A股,,格力电器,800,股,-11.24%,低估；分红；空调反垄断；市场偏见,高,,000651.SZ,格力电器,A股,A股,家电红利,CNY,37.5,2026-06-30 15:00:00,sina,800.0,-0.1124,42.24876070301938,30000.0,33799.0085624155,30000.0,33799.0085624155,1.0,,,20251231,20260331,稳定,稳定,0.05775964923572552,0.030095999999999998,0.035157,0.204718,0.29807300000000003,0.617266,1.5992466080499779,0.08,3.0,7.1983,1.3817,210052715288.0,0.010421,20260701: 北京观韬（珠海）律师事务所关于珠海格力电器股份有限公司2025年年度股东会的法律意见书 || 20260701: 2025年年度股东会决议公告 || 20260627: 关于调整2025年年度股东会现场会议地点的公告,,0,Tushare A股财务/分红/公告,,0.08,暂未打破,股东回报/分红仍有数据支撑；低估值仍有估值指标支撑,股东回报/分红仍有数据支撑；低估值仍有估值指标支撑,,,,,,,,,,0.02736174750644051,低,暂无高优先级风险,小仓，仓位大体匹配,可继续持有
2,照片1/Page10,A股,A,海尔智家A,1100,股,-18.77%,低估值；出海品牌；受国际战况影响小；高股东回报,高,,600690.SH,海尔智家A,A股,A股,家电出海,CNY,20.41,2026-06-30 15:00:03,sina,1100.0,-0.1877,25.126184907054043,22451.0,27638.803397759446,22451.0,27638.803397759446,1.0,,,20251231,20260331,稳定,稳定,0.09948589065959923,-0.152189,-0.06865,0.169977,0.26660799999999996,0.574107,1.3298834097071675,0.06047231749142577,1.23424,10.2254,1.5289,191397422177.0,0.008338,20260701: 海尔智家股份有限公司关于以集中竞价交易方式回购A股股份的进展公告 || 20260701: 海尔智家股份有限公司2026年度A股核心员工持股计划第一次持有人会议决议公告 || 20260701: 海尔智家股份有限公司关于2026年度A股核心员工持股计划进展的公告,,0,Tushare A股财务/分红/公告,,0.06047231749142577,暂未打破,股东回报/分红仍有数据支撑；低估值仍有估值指标支撑；盈利趋势未明显破坏出海/代工逻辑,股东回报/分红仍有数据支撑；低估值仍有估值指标支撑；盈利趋势未明显破坏出海/代工逻辑,,,,,,,,,,0.020476619775569863,低,暂无高优先级风险,小仓，仓位大体匹配,可继续持有
10,照片2/Page11,A股,A,华域汽车A,1300,股,-24.56%,低估；分红,高,,600741.SH,华域汽车A,A股,A股,汽车零部件,CNY,15.52,2026-06-30 15:00:01,sina,1300.0,-0.24559999999999998,20.572640509013787,20176.0,26744.432661717925,20176.0,26744.432661717925,1.0,,,20251231,20260331,稳定,稳定,0.0001916828421175687,-0.026273,-0.009722,0.111577,0.123034,0.6428579999999999,1.3213193422251825,0.051546391752577324,0.8,6.8208,0.7184,48930276480.0,0.005945000000000001,20260630: 华域汽车2025年年度股东会决议公告 || 20260630: 华域汽车关于全资子公司参与上海尚颀尚成二号私募投资基金合伙企业（有限合伙）扩募暨关联交易的公告 || 20260630: 北京市嘉源律师事务所关于华域汽车2025年年度股东会的法律意见书,,0,Tushare A股财务/分红/公告,,0.051546391752577324,暂未打破,股东回报/分红仍有数据支撑；低估值仍有估值指标支撑,股东回报/分红仍有数据支撑；低估值仍有估值指标支撑,,,,,,,,,,0.01840168725633146,低,暂无高优先级风险,小仓，仓位大体匹配,可继续持有
28,照片4/Page13,港股,00799/IGG,IGG,7000,股,+5%,股东回报,高,,00799.HK,IGG,港股,港股,游戏股东回报,HKD,3.25,2026/06/30 16:08:09,tencent,7000.0,0.05,3.095238095238095,22750.0,21666.666666666664,19685.039370078743,18747.656542932134,0.865276455827637,,,20251231,20251231,稳定,稳定,,,,0.18140840977081438,,0.2931263778748238,1.1761778350471066,0.0866681451828287,,6.41,4.63,3721790000.0,,30/04/2026 20:07: 對股份獎勵計劃的修訂及根據股份獎勵計劃授出獎勵股份 || 27/05/2026 22:46: 根據股份獎勵計劃授出獎勵股份及根據股份激勵計劃授出受限制股份 || 27/05/2026 22:45: 二零二六年五月二十七日舉行的股東週年大會的投票結果,,0,Tushare 港股财报,,0.0866681451828287,暂未打破,股东回报/分红仍有数据支撑,股东回报/分红仍有数据支撑,207663826.3,114896809.76,322560636.06,0.15417756975536312,以现金流表派息/回购除以当前总市值估算,,,,,0.017953902563281176,低,暂无高优先级风险,小仓，仓位大体匹配,可继续持有
4,照片1/Page10,A股,,东阿阿胶,400,股,-0.42%,分红；桃花胶增长,高,用户校订,000423.SZ,东阿阿胶,A股,A股,中药消费,CNY,45.36,2026-06-30 15:00:00,sina,400.0,-0.0042,45.551315525205865,18144.0,18220.526210082346,18144.0,18220.526210082346,1.0,,,20251231,20260331,稳定,稳定,0.3063126164422709,0.071377,0.055199,0.16843,0.734697,0.225538,1.3165892193426312,0.05964687610229276,2.7055822999999997,16.5122,2.7065,29210787648.0,0.006986,20260625: 关于股份回购实施结果暨股份变动的公告 || 20260606: 2026年第一次临时股东会决议公告 || 20260606: 北京金诚同达律师事务所关于东阿阿胶股份有限公司2026年第一次临时股东会的法律意见书,,0,Tushare A股财务/分红/公告,,0.05964687610229276,暂未打破,股东回报/分红仍有数据支撑,股东回报/分红仍有数据支撑,,,,,,,,,,0.01654838489189522,低,暂无高优先级风险,小仓，仓位大体匹配,可继续持有
33,照片4/Page13,港股,01995/永升物业,永升物业,10000,股,-16.39%,同上,高,,01995.HK,永升服务,港股,港股,物业地产链,HKD,1.65,2026/06/30 16:08:12,tencent,10000.0,-0.16390000000000002,1.973448152134912,16500.0,19734.48152134912,14277.06152115601,17075.78222838896,0.865276455827637,,,20251231,20251231,稳定,稳定,-0.030542911284036967,,,0.08446595268042197,,0.43601691666768305,1.162581238041463,0.11018196659020223,,5.87,1.81,2842280000.0,,31/03/2026 18:30: 翌日披露報表 || 30/06/2026 16:42: 翌日披露報表 || 30/04/2026 18:05: 翌日披露報表,,0,Tushare 港股财报,,0.11018196659020223,暂未打破,暂无明显反证,,309829000.0,3339000.0,313168000.0,0.05170431295991076,以现金流表派息/回购除以当前总市值估算,,,,,0.013021511749192942,低,暂无高优先级风险,小仓，仓位大体匹配,小仓可继续跟踪
