ts_code,name,fullname,enname,cn_spell,market,list_status,list_date,delist_date,trade_unit,isin,curr_type,symbol,em_name,price_hkd,pct_chg,volume_shares,turnover_hkd,turnover_rate_pct,pe_dynamic,pb,pe_ttm,total_mv_hkd,float_mv_hkd,latest_high,latest_low,latest_open,prev_close,ts_latest_close,ts_days,ts_avg_amount_hkd,ts_median_amount_hkd,quote_time,quote_source,liquidity_ref_hkd,prefilter_pe,static_exclusion_hint,prefilter_rank
01240.HK,青建国际,青建国际控股有限公司,CNQC International Holdings Limited,QJGJ,主板,L,20121018,,2500.0,KYG2238G1073,HKD,1240,青建国际,0.17,0.0,0.0,0.0,0.0,3.8371428571428576,0.1068571428571428,3.8371428571428576,258114404.8571429,258114404.8571429,0.0,0.0,0.0,0.17,0.17,8.0,70182.8125,19631.25,2026/06/30 09:20:36,tencent,70182.8125,3.8371428571428576,低PB高分红旁路,0.09071072319201995
01756.HK,中国科教产业,中国科教产业集团有限公司,China Science and Education Industry Group Limited,ZGKJCY,主板,L,20191125,,1000.0,KYG4643F1046,HKD,1756,中国科教产业,0.43,-1.15,0.0,0.0,0.0,1.5002222222222223,0.1051111111111109,1.5002222222222223,516000000.0,516000000.0,0.0,0.0,0.0,0.435,0.445,15.0,71338.0,48230.0,2026/06/30 09:30:33,tencent,71338.0,1.5002222222222223,低PB高分红旁路,0.12107231920199502
01245.HK,NIRAKU,"Niraku GC Holdings, Inc.","Niraku GC Holdings, Inc.",NIRAKU,主板,L,20150408,,2000.0,JP3756380006,HKD,1245,NIRAKU,0.185,0.0,0.0,0.0,0.01,2.119597989949749,0.2138190954773869,2.119597989949749,221232335.52763823,221232335.52763823,0.0,0.0,0.0,0.185,0.192,17.0,92218.23529411764,23864.0,2026/06/30 09:20:36,tencent,92218.23529411764,2.119597989949749,低PB高分红旁路,0.13029925187032418
02779.HK,中国新华教育,中国新华教育集团有限公司,China Xinhua Education Group Limited,ZGXHJY,主板,L,20180326,,1000.0,KYG216231061,HKD,2779,中国新华教育,0.33,0.0,0.0,0.0,0.0,1.4142857142857144,0.1152380952380952,1.4142857142857144,530832390.0,530832390.0,0.0,0.0,0.0,0.33,0.31,19.0,96121.31578947368,83955.0,2026/06/30 09:20:36,tencent,96121.31578947368,1.4142857142857144,低PB高分红旁路,0.13684538653366585
00698.HK,通达集团,通达集团控股有限公司,Tongda Group Holdings Limited,TDJT,主板,L,20001222,,1000.0,KYG8917X1473,HKD,698,通达集团,1.78,0.0,0.0,0.0,0.01,2.88152466367713,0.1197309417040358,2.88152466367713,346587630.59192824,346587630.59192824,0.0,0.0,0.0,1.78,2.0,20.0,231375.65,116023.0,2026/06/30 09:20:36,tencent,231375.65,2.88152466367713,低PB高分红旁路,0.14781795511221946
01900.HK,中国智能交通,中国智能交通系统(控股)有限公司,"China ITS (Holdings) Co., Ltd.",ZGZNJT,主板,L,20100715,,1000.0,KYG2161M1050,HKD,1900,中国智能交通,0.219,0.0,0.0,0.0,0.0,4.828995815899582,0.1832635983263597,4.828995815899582,376720703.76150626,376720703.76150626,0.0,0.0,0.0,0.219,0.224,19.0,52505.57894736842,31940.0,2026/06/30 09:20:36,tencent,52505.57894736842,4.828995815899582,低PB高分红旁路,0.14844139650872817
01596.HK,翼辰实业,河北翼辰实业集团股份有限公司,Hebei Yichen Industrial Group Corporation Limited,YCSY,主板,L,20161221,,1000.0,CNE100002B30,HKD,1596,翼辰实业,0.38,0.0,0.0,0.0,0.17,1.0870886075949366,0.1154430379746835,1.0870886075949366,341179200.0,85294800.0,0.0,0.0,0.0,0.38,0.39,20.0,313921.5,176495.0,2026/06/30 09:20:36,tencent,313921.5,1.0870886075949366,低PB高分红旁路,0.14918952618453865
00154.HK,北京控股环境集团,北京控股环境集团有限公司,Beijing Enterprises Environment Group Limited,BJKGHJJT,主板,L,19800429,,1000.0,HK0154000803,HKD,154,北京控股环境集团,0.42,0.0,0.0,0.0,0.01,2.451627906976744,0.1465116279069767,2.451627906976744,630151263.4883721,630151263.4883721,0.0,0.0,0.0,0.42,0.425,19.0,74757.36842105263,72530.0,2026/06/30 09:20:36,tencent,74757.36842105263,2.451627906976744,低PB高分红旁路,0.15766832917705736
01778.HK,彩生活,彩生活服务集团有限公司,"Colour Life Services Group Co., Limited",CSH,主板,L,20140630,,1000.0,KYG229151058,HKD,1778,彩生活,0.147,0.0,0.0,0.0,0.02,10.29,0.0558227848101265,10.29,273332856.9113924,273332856.9113924,0.0,0.0,0.0,0.147,0.158,20.0,182927.9,77696.0,2026/06/30 09:20:36,tencent,182927.9,10.29,低PB高分红旁路,0.16234413965087283
01001.HK,沪港联合,沪港联合控股有限公司,Hong Kong Shanghai Alliance Holdings Limited,HGLH,主板,L,19940218,,2000.0,BMG8000T1027,HKD,1001,沪港联合,0.43,0.0,0.0,0.0,0.0,3.127272727272728,0.2540909090909091,3.127272727272728,273698575.8409091,273698575.8409091,0.0,0.0,0.0,0.43,0.445,18.0,99935.0,29665.0,2026/06/30 09:20:36,tencent,99935.0,3.127272727272728,低PB高分红旁路,0.16327930174563593
00096.HK,YUSEI,友成控股有限公司,Yusei Holdings Ltd.,YUSEI,主板,L,20101215,,2000.0,KYG9883K1013,HKD,96,YUSEI,0.49,0.0,0.0,0.0,0.0,2.78,0.27,2.78,311909304.0,311909304.0,0.0,0.0,0.0,0.49,0.49,13.0,69834.18461538461,15680.0,2026/06/30 09:20:36,tencent,69834.18461538461,2.78,低PB高分红旁路,0.16658354114713217
01148.HK,新晨动力,新晨中国动力控股有限公司,Xinchen China Power Holdings Ltd.,XCDL,主板,L,20130313,,1000.0,KYG9830E1098,HKD,1148,新晨动力,0.225,0.0,0.0,0.0,0.03,12.922826086956524,0.1467391304347826,12.922826086956524,288497654.0217391,288497654.0217391,0.0,0.0,0.0,0.225,0.227,19.0,68682.1052631579,37655.0,2026/06/30 09:20:36,tencent,68682.1052631579,12.922826086956524,低PB高分红旁路,0.17400249376558602
01420.HK,川控股,川控股有限公司,Chuan Holdings Limited,CKG,主板,L,20160608,,4000.0,KYG2123Y1061,HKD,1420,川控股,0.195,0.0,0.0,0.0,0.0,2.284558823529412,0.3345588235294117,2.284558823529412,261816984.19117647,261816984.19117647,0.0,0.0,0.0,0.195,0.196,12.0,59836.0,37974.0,2026/06/30 09:20:36,tencent,59836.0,2.284558823529412,低PB高分红旁路,0.17674563591022444
01563.HK,友联国际教育租赁,友联国际教育租赁控股有限公司,Alliance International Education Leasing Holdings Limited,YLGJJYZL,主板,L,20190315,,1000.0,KYG4815A1076,HKD,1563,友联国际教育租赁,0.131,0.0,105000.0,13691.0,0.01,19.965886524822693,0.0836170212765957,19.965886524822693,221509734.00000003,221509734.00000003,0.131,0.13,0.13,0.131,0.143,20.0,158354.45,95665.0,2026/06/30 09:30:27,tencent,158354.45,19.965886524822693,低PB高分红旁路,0.1788653366583541
00825.HK,新世界百货中国,新世界百货中国有限公司,New World Department Store China Limited,XSJBHZG,主板,L,20070712,,1000.0,KYG650071098,HKD,825,新世界百货中国,0.275,0.0,0.0,0.0,0.08,12.365833333333336,0.1283333333333333,12.365833333333336,463689875.00000006,463689875.00000006,0.0,0.0,0.0,0.275,0.295,19.0,56114.37789473684,18600.0,2026/06/30 09:20:36,tencent,56114.37789473684,12.365833333333336,低PB高分红旁路,0.18466334164588527
02002.HK,阳光纸业,中国阳光纸业控股有限公司,China Sunshine Paper Holdings Company Limited,YGZY,主板,L,20071212,,2000.0,KYG215A01058,HKD,2002,阳光纸业,0.81,0.0,0.0,0.0,0.0,4.869204545454545,0.1564772727272727,4.869204545454545,862766930.8636365,862766930.8636365,0.0,0.0,0.0,0.81,0.87,19.0,58072.63157894737,51260.0,2026/06/30 09:20:36,tencent,58072.63157894737,4.869204545454545,低PB高分红旁路,0.18547381546134667
02098.HK,卓尔智联,卓尔智联集团有限公司,Zall Smart Commerce Group Ltd.,ZEZL,主板,L,20110713,,1000.0,KYG9888C1125,HKD,2098,卓尔智联,0.085,0.0,0.0,0.0,0.01,6.453703703703704,0.0629629629629629,6.453703703703704,1053957993.2098764,1053957993.2098764,0.0,0.0,0.0,0.085,0.085,20.0,79853.95,44242.5,2026/06/30 09:20:36,tencent,79853.95,6.453703703703704,低PB高分红旁路,0.1859725685785536
01461.HK,中泰期货,中泰期货股份有限公司,Zhongtai Futures Company Limited,ZTQH,主板,L,20150707,,1000.0,CNE100001ZZ7,HKD,1461,中泰期货,0.55,0.0,0.0,0.0,0.01,5.8235294117647065,0.1941176470588235,5.8235294117647065,551045000.0,152399500.0,0.0,0.0,0.0,0.55,0.6,17.0,67115.29411764706,39060.0,2026/06/30 09:20:36,tencent,67115.29411764706,5.8235294117647065,低PB高分红旁路,0.18865336658354115
01317.HK,枫叶教育,中国枫叶教育集团有限公司,China Maple Leaf Educational Systems Limited,FYJY,主板,L,20141128,,2000.0,KYG211511160,HKD,1317,枫叶教育,0.182,0.0,0.0,0.0,0.02,1.5309411764705878,0.2355294117647058,1.5309411764705878,526229871.01176465,526229871.01176465,0.0,0.0,0.0,0.182,0.172,19.0,100216.2105263158,73900.0,2026/06/30 09:20:36,tencent,100216.2105263158,1.5309411764705878,低PB高分红旁路,0.18884039900249375
00717.HK,英皇资本,英皇资本集团有限公司,Emperor Capital Group Limited,YHZB,主板,L,20070424,,6000.0,BMG313751015,HKD,717,英皇资本,0.06,0.0,0.0,0.0,0.08,3.116417910447761,0.1074626865671641,3.116417910447761,404450743.880597,404450743.880597,0.0,0.0,0.0,0.06,0.066,20.0,809114.5063,499809.0,2026/06/30 09:32:02,tencent,809114.5063,3.116417910447761,低PB高分红旁路,0.18884039900249378
09983.HK,建业新生活,建业新生活有限公司,Central China New Life Limited,JYXSH,主板,L,20200515,,1000.0,KYG206AA1025,HKD,9983,建业新生活,0.34,0.0,0.0,0.0,0.02,2.53,0.21,2.53,441706920.0,441706920.0,0.0,0.0,0.0,0.34,0.34,20.0,164185.5,107585.0,2026/06/30 09:20:36,tencent,164185.5,2.53,低PB高分红旁路,0.1890274314214464
02377.HK,博奇环保,中国博奇环保(控股)有限公司,"China Boqi Environmental (Holding) Co., Ltd.",BQHB,主板,L,20180316,,1000.0,KYG2153A1013,HKD,2377,博奇环保,0.83,0.0,0.0,0.0,0.01,2.669204545454545,0.1980681818181817,2.669204545454545,709536024.0227271,709536024.0227271,0.0,0.0,0.0,0.83,0.83,19.0,82362.47052631578,36500.0,2026/06/30 09:20:36,tencent,82362.47052631578,2.669204545454545,低PB高分红旁路,0.19071072319201993
00382.HK,中汇集团,中汇集团控股有限公司,Edvantage Group Holdings Limited,ZHJT,主板,L,20190716,,2000.0,KYG2901A1067,HKD,382,中汇集团,0.475,0.0,10000.0,4750.0,0.03,1.379326923076923,0.1096153846153845,1.379326923076923,569556692.5480767,569556692.5480767,0.475,0.475,0.475,0.475,0.48,20.0,478017.3765,442327.76,2026/06/30 09:20:36,tencent,478017.3765,1.379326923076923,低PB高分红旁路,0.1925810473815461
00311.HK,联泰控股,联泰控股有限公司,Luen Thai Holdings Ltd.,LTKG,主板,L,20040715,,1000.0,KYG5697P1046,HKD,311,联泰控股,0.255,0.0,0.0,0.0,0.0,7.504285714285714,0.2104761904761904,7.504285714285714,263698730.00000003,263698730.00000003,0.0,0.0,0.0,0.255,0.27,13.0,149012.6923076923,12590.0,2026/06/30 09:20:36,tencent,149012.6923076923,7.504285714285714,低PB高分红旁路,0.19283042394014963
02146.HK,荣万家,荣万家生活服务股份有限公司,"Roiserv Lifestyle Services Co., Ltd.",RWJ,主板,L,20210115,,500.0,CNE1000049J8,HKD,2146,荣万家,1.45,0.0,0.0,0.0,0.0,4.370422535211268,0.2144366197183098,4.370422535211268,545200000.0,136300000.0,0.0,0.0,0.0,1.45,1.39,14.0,105147.85714285714,40055.0,2026/06/30 09:20:36,tencent,105147.85714285714,4.370422535211268,低PB高分红旁路,0.19850374064837906
03662.HK,星悦康旅,星悦康旅股份有限公司,Starjoy Wellness And Travel Company Limited,XYKL,主板,L,20190318,,1000.0,KYG0404F1019,HKD,3662,星悦康旅,0.36,1.41,0.0,0.0,0.04,4.57875,0.19125,4.57875,261450000.0,261450000.0,0.0,0.0,0.0,0.355,0.355,20.0,505010.46875,313755.0,2026/06/30 09:30:22,tencent,505010.46875,4.57875,低PB高分红旁路,0.19931421446384037
01203.HK,广南(集团),粤海广南(集团)有限公司,GDH Guangnan (Holdings) Limited,GNJT,主板,L,19941209,,2000.0,HK1203033175,HKD,1203,广南(集团),0.65,-1.52,40000.0,26000.0,0.0,5.287313432835822,0.2134328358208955,5.287313432835822,589935635.2985075,589935635.2985075,0.65,0.65,0.65,0.66,0.67,18.0,74133.0,32120.0,2026/06/30 09:20:36,tencent,74133.0,5.287313432835822,低PB高分红旁路,0.199501246882793
03601.HK,鲁大师,360鲁大师控股有限公司,360 Ludashi Holdings Limited,LDS,主板,L,20191010,,1000.0,KYG8R49A1078,HKD,3601,鲁大师,0.75,0.0,2000.0,1500.0,0.01,6.977848101265822,0.2658227848101266,6.977848101265822,201750000.0,201750000.0,0.75,0.75,0.75,0.75,0.79,18.0,167797.77777777778,144870.0,2026/06/30 09:20:36,tencent,167797.77777777778,6.977848101265822,低PB高分红旁路,0.20012468827930174
01292.HK,长安民生物流,重庆长安民生物流股份有限公司,"Changan Minsheng APLL Logistics Co., Ltd.",CAMSWL,主板,L,20130718,,1000.0,CNE1000002X8,HKD,1292,长安民生物流,2.18,0.0,0.0,0.0,0.0,9.88398190045249,0.187420814479638,9.88398190045249,440499520.00000006,283061664.00000006,0.0,0.0,0.0,2.18,2.2,12.0,59842.5,44720.0,2026/06/30 09:20:36,tencent,59842.5,9.88398190045249,低PB高分红旁路,0.20361596009975064
00296.HK,英皇娱乐酒店,英皇娱乐酒店有限公司,Emperor Entertainment Hotel Limited,YHYLJD,主板,L,19881230,,5000.0,BMG313891027,HKD,296,英皇娱乐酒店,0.194,0.0,0.0,0.0,0.0,-3.369473684210526,0.0612631578947367,-3.369473684210526,230567250.93684208,230567250.93684208,0.0,0.0,0.0,0.194,0.194,20.0,98582.77765,66219.199,2026/06/30 09:20:36,tencent,98582.77765,-3.369473684210526,负PE/亏损口径,0.2057356608478803
00320.HK,金宝通,金宝通集团有限公司,Computime Group Limited,JBT,主板,L,20061009,,2000.0,KYG2341T1031,HKD,320,金宝通,0.465,0.0,0.0,0.0,0.01,5.785578947368422,0.2838947368421052,5.785578947368422,391781100.00000006,391781100.00000006,0.0,0.0,0.0,0.465,0.475,16.0,68412.5,35690.0,2026/06/30 09:20:36,tencent,68412.5,5.785578947368422,低PB高分红旁路,0.206857855361596
02210.HK,京城佳业,北京京城佳业物业股份有限公司,"Beijing Capital Jiaye Property Services Co., Limited",JCJY,主板,L,20211110,,400.0,CNE100004SN2,HKD,2210,京城佳业,1.8,0.0,0.0,0.0,0.4,4.586170212765958,0.2680851063829788,4.586170212765958,264000960.00000003,66000960.00000001,0.0,0.0,0.0,1.8,1.82,16.0,265864.0,195392.0,2026/06/30 09:20:36,tencent,265864.0,4.586170212765958,低PB高分红旁路,0.20847880299251872
00606.HK,中骏商管,中骏商管智慧服务控股有限公司,SCE Intelligent Commercial Management Holdings Limited,ZJSG,主板,L,20210702,,1000.0,KYG7849R1039,HKD,606,中骏商管,0.25,0.0,20000.0,5000.0,0.0,7.541666666666669,0.1583333333333333,7.541666666666669,483750000.00000006,483750000.00000006,0.25,0.25,0.25,0.25,0.3,17.0,186885.58823529413,186225.0,2026/06/30 09:30:23,tencent,186885.58823529413,7.541666666666669,低PB高分红旁路,0.21334164588528676
03689.HK,康华医疗,广东康华医疗集团股份有限公司,"Guangdong Kanghua Healthcare Group Co., Ltd.",KHYL,主板,L,20161108,,200.0,CNE100002B55,HKD,3689,康华医疗,1.53,0.0,0.0,0.0,0.0,4.639891304347826,0.3076630434782608,4.639891304347826,511622819.99999994,129122820.0,0.0,0.0,0.0,1.53,1.6,7.0,57328.57142857143,34390.0,2026/06/30 09:20:36,tencent,57328.57142857143,4.639891304347826,低PB高分红旁路,0.21496259351620944
00184.HK,激成投资,激成投资(香港)有限公司,Keck Seng Investments (Hong Kong) Ltd.,JCTZ,主板,L,19730224,,2000.0,HK0184000948,HKD,184,激成投资,2.32,0.43,0.0,0.0,0.0,3.063589743589744,0.2280341880341879,3.063589743589744,789264000.0000001,789264000.0000001,0.0,0.0,0.0,2.31,2.3,13.0,98623.07692307692,46300.0,2026/06/30 09:30:03,tencent,98623.07692307692,3.063589743589744,低PB高分红旁路,0.21596009975062344
01522.HK,京投交通科技,京投轨道交通科技控股有限公司,BII Railway Transportation Technology Holdings Company Limited,JTJTKJ,主板,L,20131206,,4000.0,KYG1267V1005,HKD,1522,京投交通科技,0.245,0.0,0.0,0.0,0.05,3.838333333333334,0.1724074074074074,3.838333333333334,513800947.8518518,513800947.8518518,0.0,0.0,0.0,0.245,0.255,20.0,404699.775,233680.0,2026/06/30 09:20:36,tencent,404699.775,3.838333333333334,低PB高分红旁路,0.21708229426433917
06989.HK,卓越商企服务,卓越商企服务集团有限公司,Excellence Commercial Property & Facilities Management Group Limited,ZYSQFW,主板,L,20201019,,1000.0,KYG3235S1021,HKD,6989,卓越商企服务,0.55,0.0,0.0,0.0,0.01,5.891525423728814,0.1584745762711864,5.891525423728814,671191400.0000001,671191400.0000001,0.0,0.0,0.0,0.55,0.57,20.0,168694.5,121295.0,2026/06/30 09:20:36,tencent,168694.5,5.891525423728814,低PB高分红旁路,0.21751870324189526
01278.HK,中国新城镇,中国新城镇发展有限公司,China New Town Development Company Limited,ZGXCZ,主板,L,20101022,,2500.0,VGG2156N1006,HKD,1278,中国新城镇,0.063,0.0,0.0,0.0,0.01,7.551,0.1349999999999999,7.551,612753524.0999999,612753524.0999999,0.0,0.0,0.0,0.063,0.068,20.0,189883.24565,142204.514,2026/06/30 09:20:36,tencent,189883.24565,7.551,低PB高分红旁路,0.2185785536159601
01008.HK,力图控股,力图控股有限公司,Litu Holdings Limited,LTKG,主板,L,20090330,,2000.0,KYG1643V1059,HKD,1008,力图控股,0.175,0.0,40000.0,7000.0,0.0,185.89224137931035,0.1307471264367815,185.89224137931035,274379810.6321839,274379810.6321839,0.175,0.175,0.175,0.175,0.174,11.0,133877.0909090909,28426.0,2026/06/30 09:30:00,tencent,133877.0909090909,185.89224137931035,PE偏高,0.21932668329177057
00922.HK,安贤园中国,安贤园中国控股有限公司,Anxian Yuan China Holdings Limited,AXYZG,主板,L,19991221,,10000.0,BMG0400Q1197,HKD,922,安贤园中国,0.108,0.0,0.0,0.0,0.04,8.669189189189188,0.2627027027027027,8.669189189189188,239907220.54054052,239907220.54054052,0.0,0.0,0.0,0.108,0.112,20.0,173502.2,132530.0,2026/06/30 09:20:36,tencent,173502.2,8.669189189189188,低PB高分红旁路,0.221072319201995
00701.HK,CNT GROUP,北海集团有限公司,CNT Group Ltd.,CNTGROUP,主板,L,19910521,,2000.0,BMG2237T1009,HKD,701,CNT GROUP,0.107,0.0,0.0,0.0,0.0,-3.691009174311927,0.1668807339449541,-3.691009174311927,203694368.62385327,203694368.62385327,0.0,0.0,0.0,0.107,0.113,20.0,64181.372,55662.0,2026/06/30 09:20:36,tencent,64181.372,-3.691009174311927,负PE/亏损口径,0.22481296758104738
00169.HK,万达酒店发展,万达酒店发展有限公司,Wanda Hotel Development Company Limited,WDJDFZ,主板,L,20020604,,1000.0,BMG9430N1039,HKD,169,万达酒店发展,0.102,0.0,0.0,0.0,0.04,0.2692799999999999,0.2692799999999999,0.2692799999999999,479129341.776,479129341.776,0.0,0.0,0.0,0.102,0.113,20.0,279070.897,229934.5,2026/06/30 09:20:36,tencent,279070.897,0.2692799999999999,低PB高分红旁路,0.2268703241895262
01282.HK,中泽丰,中泽丰国际有限公司,Renze Harvest International Limited,ZZF,主板,L,20101215,,8000.0,KYG3997H1386,HKD,1282,中泽丰,0.077,-1.28,256000.0,18512.0,0.0,-3.2147499999999996,0.0673749999999999,-3.2147499999999996,384999999.99999994,384999999.99999994,0.077,0.071,0.071,0.078,0.082,20.0,71969.3,64661.1,2026/06/30 09:30:46,tencent,71969.3,-3.2147499999999996,负PE/亏损口径,0.2277431421446384
09982.HK,中原建业,中原建业有限公司,Central China Management Company Limited,ZYJY,主板,L,20210531,,2000.0,KYG206AR1059,HKD,9982,中原建业,0.102,0.0,0.0,0.0,0.38,7.476382978723404,0.1410638297872339,7.476382978723404,394292937.2553192,394292937.2553192,0.0,0.0,0.0,0.102,0.113,20.0,620805.4762,456090.762,2026/06/30 09:20:36,tencent,620805.4762,7.476382978723404,低PB高分红旁路,0.2296758104738154
01556.HK,建业建荣,建业建荣控股有限公司,Chinney Kin Wing Holdings Ltd.,JYJR,主板,L,20151111,,5000.0,BMG2118K1036,HKD,1556,建业建荣,0.245,0.0,0.0,0.0,0.05,2.764339622641509,0.4160377358490565,2.764339622641509,367499999.99999994,367499999.99999994,0.0,0.0,0.0,0.245,0.25,16.0,59208.203125,27362.5,2026/06/30 09:20:36,tencent,59208.203125,2.764339622641509,低PB高分红旁路,0.22986284289276807
00219.HK,顺豪物业,顺豪物业投资有限公司,Shun Ho Property Investments Ltd.,SHWY,主板,L,19730510,,2000.0,HK0219009344,HKD,219,顺豪物业,0.69,0.0,0.0,0.0,0.03,-2.252083333333333,0.0574999999999999,-2.252083333333333,400029769.3333333,400029769.3333333,0.0,0.0,0.0,0.69,0.69,15.0,68712.0,34440.0,2026/06/30 09:20:36,tencent,68712.0,-2.252083333333333,负PE/亏损口径,0.22998753117206983
00750.HK,水发兴业能源,中国水发兴业能源集团有限公司,China Shuifa Singyes Energy Holdings Limited,SFXYNY,主板,L,20090113,,1000.0,BMG2161E1113,HKD,750,水发兴业能源,0.221,0.0,0.0,0.0,0.0,17.88178260869565,0.1153043478260869,17.88178260869565,557159072.9956522,557159072.9956522,0.0,0.0,0.0,0.221,0.233,19.0,117980.07368421053,47263.6,2026/06/30 09:20:36,tencent,117980.07368421053,17.88178260869565,低PB高分红旁路,0.2300498753117207
01431.HK,原生态牧业,原生态牧业有限公司,YuanShengTai Dairy Farm Limited,YSTMY,主板,L,20131126,,1000.0,BMG987851018,HKD,1431,原生态牧业,0.234,0.0,0.0,0.0,0.0,1.790608695652174,0.1729565217391304,1.790608695652174,1097576157.6,1097576157.6,0.0,0.0,0.0,0.234,0.223,19.0,209642.5618421053,122169.0,2026/06/30 09:20:36,tencent,209642.5618421053,1.790608695652174,低PB高分红旁路,0.2304862842892768
01289.HK,盛力达科技,无锡盛力达科技股份有限公司,Wuxi Sunlit Science and Technology Company Limited,SLDKJ,主板,L,20141111,,500.0,CNE100001SD9,HKD,1289,盛力达科技,2.1,4.17,20000.0,42680.0,0.03,7.177464788732395,0.3253521126760563,7.177464788732395,268800000.0,67200000.0,2.18,2.1,2.18,2.016,2.2,18.0,115763.05555555556,63265.0,2026/06/30 09:30:59,tencent,115763.05555555556,7.177464788732395,低PB高分红旁路,0.2304862842892768
01765.HK,希教国际控股,希教国际控股有限公司,"XJ International Holdings Co.,Ltd.",XJGJKG,主板,L,20180803,,2000.0,KYG4600E1089,HKD,1765,希教国际控股,0.127,-0.78,1590000.0,201930.0,0.02,1.4,0.0899999999999999,1.4,1101589890.0,1101589890.0,0.127,0.127,0.127,0.128,0.126,20.0,778437.837,612465.0,2026/06/30 09:31:04,tencent,778437.837,1.4,低PB高分红旁路,0.2330423940149626
02619.HK,香江电器,湖北香江电器集团股份有限公司,"X.J. Electrics (Hu Bei) Group Co., Ltd",XJDQ,主板,L,20250625,,1000.0,CNE100006Z61,HKD,2619,香江电器,1.41,0.0,0.0,0.0,0.0,6.847254901960784,0.3133333333333332,6.847254901960784,384760107.90196073,96190200.0,0.0,0.0,0.0,1.41,1.42,19.0,90160.52631578948,59460.0,2026/06/30 09:20:36,tencent,90160.52631578948,6.847254901960784,低PB高分红旁路,0.2350374064837905
00591.HK,中国高精密,中国高精密自动化集团有限公司,China High Precision Automation Group Limited,ZGGJM,主板,L,20091113,,1000.0,KYG211221091,HKD,591,中国高精密,0.232,0.0,0.0,0.0,0.06,38.505974025974034,0.1305627705627705,38.505974025974034,240700000.0,240700000.0,0.0,0.0,0.0,0.232,0.235,20.0,388155.581,317223.5,2026/06/30 09:20:36,tencent,388155.581,38.505974025974034,PE偏高,0.23728179551122194
01786.HK,铁建装备,中国铁建高新装备股份有限公司,CRCC High-Tech Equipment Corporation Limited,TJZB,主板,L,20151216,,500.0,CNE1000023F1,HKD,1786,铁建装备,0.7,0.0,0.0,0.0,0.0,6.673972602739726,0.1534246575342465,6.673972602739726,1063918800.0,372330000.0,0.0,0.0,0.0,0.7,0.75,19.0,146673.68421052632,75680.0,2026/06/30 09:20:36,tencent,146673.68421052632,6.673972602739726,低PB高分红旁路,0.2420199501246883
01727.HK,河北建设,河北建设集团股份有限公司,Hebei Construction Group Corporation Limited,HBJS,主板,L,20171215,,500.0,CNE100002R32,HKD,1727,河北建设,0.249,0.0,0.0,0.0,0.01,-0.681025641025641,0.0744871794871794,-0.681025641025641,438584491.5,114884491.5,0.0,0.0,0.0,0.249,0.229,18.0,56390.91666666666,17793.75,2026/06/30 09:20:36,tencent,56390.91666666666,-0.681025641025641,负PE/亏损口径,0.24258104738154612
01222.HK,WANG ON GROUP,宏安集团有限公司,Wang On Group Limited,WANGONGROUP,主板,L,19950228,,20000.0,BMG9429S2464,HKD,1222,WANG ON GROUP,0.021,0.0,0.0,0.0,0.01,-0.2205,0.0735,-0.2205,297500635.95,297500635.95,0.0,0.0,0.0,0.021,0.021,20.0,113600.7796,42306.8035,2026/06/30 09:20:36,tencent,113600.7796,-0.2205,负PE/亏损口径,0.243142144638404
02693.HK,金岩高岭新材,安徽金岩高岭土新材料股份有限公司,"Anhui Jinyan Kaolin New Materials Co., Ltd.",JYGLXC,主板,L,20251203,,500.0,CNE100007B84,HKD,2693,金岩高岭新材,2.89,0.35,0.0,0.0,0.0,6.535340909090908,0.4187215909090908,6.535340909090908,280891572.9772727,70226999.99999999,0.0,0.0,0.0,2.88,2.98,19.0,60706.05263157895,33080.0,2026/06/30 09:30:03,tencent,60706.05263157895,6.535340909090908,低PB高分红旁路,0.24401496259351618
00583.HK,长城环亚控股,长城环亚控股有限公司,Great Wall Pan Asia Holdings Limited,CCHYKG,主板,L,19900629,,2000.0,BMG4079W1001,HKD,583,长城环亚控股,0.199,0.0,0.0,0.0,0.0,-0.6565989847715736,0.0909137055837563,-0.6565989847715736,311981373.1878173,311981373.1878173,0.0,0.0,0.0,0.199,0.219,9.0,106243.55555555556,24000.0,2026/06/30 09:20:36,tencent,106243.55555555556,-0.6565989847715736,负PE/亏损口径,0.24625935162094761
00353.HK,能源国际投资,能源国际投资控股有限公司,Energy International Investments Holdings Limited,NYGJTZ,主板,L,20010726,,4000.0,KYG3041H1598,HKD,353,能源国际投资,0.355,0.0,0.0,0.0,0.0,2.772837837837838,0.2782432432432432,2.772837837837838,751024825.6621622,751024825.6621622,0.0,0.0,0.0,0.355,0.37,15.0,153828.64666666667,72400.0,2026/06/30 09:20:36,tencent,153828.64666666667,2.772837837837838,低PB高分红旁路,0.24694513715710723
00367.HK,庄士机构国际,庄士机构国际有限公司,Chuang's Consortium International Ltd.,ZSJGGJ,主板,L,19870116,,4000.0,BMG2122V1458,HKD,367,庄士机构国际,0.26,0.0,0.0,0.0,0.0,-0.8241509433962264,0.0588679245283018,-0.8241509433962264,434863807.4716981,434863807.4716981,0.0,0.0,0.0,0.26,0.265,14.0,83255.29142857144,43510.0,2026/06/30 09:20:36,tencent,83255.29142857144,-0.8241509433962264,负PE/亏损口径,0.2488778054862843
01273.HK,香港信贷,香港信贷集团有限公司,Hong Kong Finance Group Limited,XGXD,主板,L,20131002,,4000.0,KYG4643B1032,HKD,1273,香港信贷,0.71,0.0,0.0,0.0,0.03,6.0,0.34,6.0,294650000.0,294650000.0,0.0,0.0,0.0,0.71,0.74,11.0,198960.0,39040.0,2026/06/30 09:20:36,tencent,198960.0,6.0,低PB高分红旁路,0.25149625935162095
02455.HK,润华服务,润华生活服务集团控股有限公司,Runhua Living Service Group Holdings Limited,RHFW,主板,L,20230117,,2000.0,KYG771601021,HKD,2455,润华服务,0.69,0.0,0.0,0.0,0.0,4.034583333333334,0.4791666666666666,4.034583333333334,207000000.0,207000000.0,0.0,0.0,0.0,0.69,0.67,20.0,107466.0,59710.0,2026/06/30 09:20:36,tencent,107466.0,4.034583333333334,低PB高分红旁路,0.2515586034912718
01285.HK,嘉士利集团,嘉士利集团有限公司,Jiashili Group Limited,JSLJT,主板,L,20140925,,1000.0,KYG513761042,HKD,1285,嘉士利集团,1.0,0.0,0.0,0.0,0.0,3.443396226415094,0.3584905660377358,3.443396226415094,415000000.0,415000000.0,0.0,0.0,0.0,1.0,1.01,18.0,156134.59777777776,96650.0,2026/06/30 09:20:36,tencent,156134.59777777776,3.443396226415094,低PB高分红旁路,0.2519950124688279
01969.HK,中国春来,中国春来教育集团有限公司,"China Chunlai Education Group Co., Ltd.",ZGCL,主板,L,20180913,,1000.0,KYG2121L1068,HKD,1969,中国春来,0.91,0.0,0.0,0.0,0.08,1.132857142857143,0.1949999999999999,1.132857142857143,1092000000.0000002,1092000000.0000002,0.0,0.0,0.0,0.91,0.98,20.0,359895.6,301450.0,2026/06/30 09:20:36,tencent,359895.6,1.132857142857143,低PB高分红旁路,0.252930174563591
03989.HK,首创环境,首创环境控股有限公司,Capital Environment Holdings Limited,SCHJ,主板,L,20060713,,2000.0,KYG1941T1094,HKD,3989,首创环境,0.083,-1.19,0.0,0.0,0.01,3.904772727272728,0.1509090909090908,3.904772727272728,1186462853.1477275,1186462853.1477275,0.0,0.0,0.0,0.084,0.084,19.0,381030.1052631579,311238.0,2026/06/30 09:30:03,tencent,381030.1052631579,3.904772727272728,低PB高分红旁路,0.2536783042394015
01742.HK,HPC HOLDINGS,HPC Holdings Limited,HPC Holdings Limited,HPCHOLDINGS,主板,L,20180511,,5000.0,KYG169491027,HKD,1742,HPC HOLDINGS,0.189,0.0,0.0,0.0,0.06,1.4094915254237288,0.4484745762711864,1.4094915254237288,302400000.0,302400000.0,0.0,0.0,0.0,0.189,0.175,20.0,135097.5,86695.0,2026/06/30 09:20:36,tencent,135097.5,1.4094915254237288,低PB高分红旁路,0.2537406483790523
01599.HK,城建设计,北京城建设计发展集团股份有限公司,"Beijing Urban Construction Design & Dev. Group Co., Ltd.",CJSJ,主板,L,20140708,,1000.0,CNE100001SV1,HKD,1599,城建设计,0.99,-2.94,35000.0,34720.0,0.0,2.3442452830188674,0.1494339622641509,2.3442452830188674,1335183300.0,384057630.0,1.01,0.99,1.01,1.02,1.04,20.0,457202.356,353915.0,2026/06/30 09:30:14,tencent,457202.356,2.3442452830188674,低PB高分红旁路,0.25610972568578555
01697.HK,山东国信,山东省国际信托股份有限公司,"Shandong International Trust Co., Ltd.",SDGX,主板,L,20171208,,1800.0,CNE100002R24,HKD,1697,山东国信,0.28,0.0,0.0,0.0,0.0,21.376551724137936,0.106206896551724,21.376551724137936,1304478000.0000002,326125800.00000006,0.0,0.0,0.0,0.28,0.285,15.0,66101.0,53559.0,2026/06/30 09:20:36,tencent,66101.0,21.376551724137936,低PB高分红旁路,0.25660847880299253
00225.HK,博富临置业,博富临置业有限公司,Pokfulam Development Co. Ltd.,BFLZY,主板,L,19721219,,2000.0,HK0225001145,HKD,225,博富临置业,5.3,0.0,0.0,0.0,0.0,-14.22,0.13,-14.22,583950741.0,583950741.0,0.0,0.0,0.0,5.3,5.3,10.0,77768.0,53000.0,2026/06/30 09:20:36,tencent,77768.0,-14.22,负PE/亏损口径,0.25710723192019946
01098.HK,路劲,路劲基建有限公司,Road King Infrastructure Limited,LJ,主板,L,19960704,,1000.0,BMG760581097,HKD,1098,路劲,0.57,0.0,0.0,0.0,0.01,-0.0725454545454545,0.0829090909090908,-0.0725454545454545,427121842.3090908,427121842.3090908,0.0,0.0,0.0,0.57,0.56,18.0,78790.55555555556,39650.0,2026/06/30 09:20:36,tencent,78790.55555555556,-0.0725454545454545,负PE/亏损口径,0.25729426433915215
00366.HK,陆氏集团(越南),陆氏集团(越南控股)有限公司,Luks Group (Vietnam Holdings) Company Limited,LSJTYN,主板,L,19870107,,2000.0,BMG5700D1065,HKD,366,陆氏集团(越南),0.8,0.0,0.0,0.0,0.0,22.20487804878049,0.1756097560975609,22.20487804878049,401297134.63414645,401297134.63414645,0.0,0.0,0.0,0.8,0.8,17.0,212049.41176470587,104920.0,2026/06/30 09:20:36,tencent,212049.41176470587,22.20487804878049,低PB高分红旁路,0.2584164588528678
00439.HK,瀚源控股,瀚源控股有限公司,Genesis Scale Holdings Limited,HYKG,主板,L,19920311,,2000.0,BMG5326A1146,HKD,439,瀚源控股,0.55,0.0,0.0,0.0,0.0,-2.3964285714285714,0.1178571428571428,-2.3964285714285714,338631087.14285713,338631087.14285713,0.0,0.0,0.0,0.55,0.57,20.0,138133.09,112378.0,2026/06/30 09:20:36,tencent,138133.09,-2.3964285714285714,负PE/亏损口径,0.26041147132169573
00078.HK,REGAL INT'L,富豪酒店国际控股有限公司,Regal Hotels International Holdings Ltd.,REGALINTL,主板,L,19801103,,2000.0,BMG7475M1626,HKD,78,REGAL INT'L,0.41,0.0,0.0,0.0,0.03,-0.3063736263736263,0.072087912087912,-0.3063736263736263,368500756.9670329,368500756.9670329,0.0,0.0,0.0,0.41,0.425,20.0,125838.896,87455.0,2026/06/30 09:20:36,tencent,125838.896,-0.3063736263736263,负PE/亏损口径,0.2607231920199501
01641.HK,红星冷链,红星冷链(湖南)股份有限公司,"Hongxing Coldchain (Hunan) Co., Ltd.",HXLL,主板,L,20260113,,500.0,CNE100007B68,HKD,1641,红星冷链,4.26,2.68,0.0,0.0,0.04,4.952551984877127,0.3382230623818525,4.952551984877127,418600379.99999994,104653136.99432892,0.0,0.0,0.0,4.149,5.05,20.0,195025.75,151267.5,2026/06/30 09:30:04,tencent,195025.75,4.952551984877127,低PB高分红旁路,0.26178304239401495
00227.HK,第一上海,第一上海投资有限公司,First Shanghai Investments Ltd.,DYSH,主板,L,19720824,,8000.0,HK0227001168,HKD,227,第一上海,0.169,0.0,0.0,0.0,0.03,-3.940114285714287,0.1545142857142857,-3.940114285714287,370224903.5828572,370224903.5828572,0.0,0.0,0.0,0.169,0.178,18.0,98088.08888888887,60720.8,2026/06/30 09:20:36,tencent,98088.08888888887,-3.940114285714287,负PE/亏损口径,0.26408977556109725
00771.HK,自动系统,自动系统集团有限公司,Automated Systems Holdings Limited,ZDXT,主板,L,19971105,,2000.0,BMG0666H1007,HKD,771,自动系统,0.76,0.0,0.0,0.0,0.0,7.7425,0.266,7.7425,637966414.3,637966414.3,0.0,0.0,0.0,0.76,0.76,20.0,130002.0,77400.0,2026/06/30 09:20:36,tencent,130002.0,7.7425,低PB高分红旁路,0.2661471321695761
00798.HK,中电光谷,中电光谷联合控股有限公司,China Electronics Optics Valley Union Holding Company Limited,ZDGG,主板,L,20140328,,4000.0,KYG2119Q1091,HKD,798,中电光谷,0.134,0.0,0.0,0.0,0.02,27.51466666666667,0.1072,27.51466666666667,992747040.0,992747040.0,0.0,0.0,0.0,0.134,0.132,17.0,112242.35294117648,68432.0,2026/06/30 09:20:36,tencent,112242.35294117648,27.51466666666667,PE偏高,0.2662094763092269
00160.HK,汉国置业,汉国置业有限公司,"Hon Kwok Land Investment Company, Limited",HGZY,主板,L,19720916,,2000.0,HK0160011786,HKD,160,汉国置业,0.78,0.0,0.0,0.0,0.0,-0.6485393258426967,0.0525842696629213,-0.6485393258426967,561934854.8764045,561934854.8764045,0.0,0.0,0.0,0.78,0.8,11.0,92298.94181818182,74440.0,2026/06/30 09:20:36,tencent,92298.94181818182,-0.6485393258426967,负PE/亏损口径,0.2667705735660848
00256.HK,冠城钟表珠宝,冠城钟表珠宝集团有限公司,Citychamp Watch & Jewellery Group Limited,GCZBZB,主板,L,19911210,,2000.0,KYG2161T1004,HKD,256,冠城钟表珠宝,0.062,0.0,0.0,0.0,0.05,-1.6883076923076925,0.0667692307692307,-1.6883076923076925,359756092.15384614,359756092.15384614,0.0,0.0,0.0,0.062,0.064,20.0,232397.1,190296.0,2026/06/30 09:20:36,tencent,232397.1,-1.6883076923076925,负PE/亏损口径,0.26701995012468827
06169.HK,宇华教育,中国宇华教育集团有限公司,China Yuhua Education Corporation Limited,YHJY,主板,L,20170228,,2000.0,KYG2120K1094,HKD,6169,宇华教育,0.325,-1.52,12000.0,3900.0,0.01,1.573188405797102,0.1318840579710144,1.573188405797102,1394089224.8550727,1394089224.8550727,0.325,0.325,0.325,0.33,0.345,20.0,1194673.1,1234275.0,2026/06/30 09:30:03,tencent,1234275.0,1.573188405797102,低PB高分红旁路,0.2701371571072319
00912.HK,信佳国际,信佳国际集团有限公司,Suga International Holdings Ltd.,XJGJ,主板,L,20020918,,2000.0,BMG8550G1042,HKD,912,信佳国际,1.09,0.0,0.0,0.0,0.0,9.568942307692309,0.3877884615384615,9.568942307692309,310421100.0,310421100.0,0.0,0.0,0.0,1.09,1.05,17.0,84914.11764705883,38500.0,2026/06/30 09:20:36,tencent,84914.11764705883,9.568942307692309,低PB高分红旁路,0.2703865336658354
01739.HK,齐屹科技,齐屹科技(开曼)有限公司,Qeeka Home (Cayman) Inc.,QYKJ,主板,L,20180712,,500.0,KYG730661058,HKD,1739,齐屹科技,0.187,0.0,0.0,0.0,0.0,-3.1327319587628866,0.2506185567010309,-3.1327319587628866,214117073.38659793,214117073.38659793,0.0,0.0,0.0,0.187,0.189,16.0,86592.0,70291.75,2026/06/30 09:20:36,tencent,86592.0,-3.1327319587628866,负PE/亏损口径,0.2724438902743142
06118.HK,奥星生命科技,奥星生命科技有限公司,Austar Lifesciences Limited,AXSMKJ,主板,L,20141107,,1000.0,KYG0632L1023,HKD,6118,奥星生命科技,0.7,0.0,0.0,0.0,0.01,9.583098591549296,0.3943661971830986,9.583098591549296,358807400.0,358807400.0,0.0,0.0,0.0,0.7,0.74,20.0,61998.0,42070.0,2026/06/30 09:20:36,tencent,61998.0,9.583098591549296,低PB高分红旁路,0.2726932668329177
06698.HK,星空华文,星空华文控股有限公司,STAR CM Holdings Limited,XKHW,主板,L,20221229,,100.0,KYG8438D1097,HKD,6698,星空华文,0.9,0.0,0.0,0.0,0.02,-2.74390243902439,0.1317073170731706,-2.74390243902439,358623781.4634146,358623781.4634146,0.0,0.0,0.0,0.9,0.8,20.0,163185.63900000002,90614.89,2026/06/30 09:20:36,tencent,163185.63900000002,-2.74390243902439,负PE/亏损口径,0.2736907730673317
01569.HK,民生教育,民生教育集团有限公司,Minsheng Education Group Company Limited,MSJY,主板,L,20170322,,2000.0,KYG6145R1065,HKD,1569,民生教育,0.113,0.0,0.0,0.0,0.0,-0.5742622950819672,0.1018852459016393,-0.5742622950819672,476602360.00000006,476602360.00000006,0.0,0.0,0.0,0.113,0.12,16.0,111270.875,64634.0,2026/06/30 09:20:36,tencent,111270.875,-0.5742622950819672,负PE/亏损口径,0.27375311720698253
00560.HK,珠江船务,珠江船务企业(股份)有限公司,Chu Kong Shipping Enterprises (Group) Company Limited,ZJCW,主板,L,19970523,,2000.0,HK0560006634,HKD,560,珠江船务,0.67,0.0,0.0,0.0,0.01,14.44441176470588,0.2364705882352941,14.44441176470588,751181813.1470587,751181813.1470587,0.0,0.0,0.0,0.67,0.68,16.0,67876.25,55450.0,2026/06/30 09:20:36,tencent,67876.25,14.44441176470588,低PB高分红旁路,0.27394014962593516
01265.HK,天津津燃公用,天津津燃公用事业股份有限公司,Tianjin Jinran Public Utilities Company Limited,TJJRGY,主板,L,20111018,,10000.0,CNE1000001C4,HKD,1265,天津津燃公用,0.155,-0.64,0.0,0.0,0.16,-5.817957746478874,0.1964788732394365,-5.817957746478874,285092709.43661976,77509300.0,0.0,0.0,0.0,0.156,0.156,18.0,138847.22222222222,96980.0,2026/06/30 09:31:08,tencent,138847.22222222222,-5.817957746478874,负PE/亏损口径,0.27443890274314214
00124.HK,粤海置地,粤海置地控股有限公司,Guangdong Land Holdings Limited,YHZD,主板,L,19970808,,2000.0,BMG4182K1009,HKD,124,粤海置地,0.198,0.0,0.0,0.0,0.0,-0.5697169811320756,0.1120754716981132,-0.5697169811320756,338884296.1132076,338884296.1132076,0.0,0.0,0.0,0.198,0.211,20.0,176817.87235,165193.271,2026/06/30 09:20:36,tencent,176817.87235,-0.5697169811320756,负PE/亏损口径,0.2752493765586035
06138.HK,哈尔滨银行,哈尔滨银行股份有限公司,"Harbin Bank Co., Ltd.",HEBYH,主板,L,20140331,,1000.0,CNE100001SB3,HKD,6138,哈尔滨银行,0.29,-1.69,1000.0,290.0,0.03,2.5164516129032255,0.0561290322580645,2.5164516129032255,3188723869.967742,876835300.0,0.29,0.29,0.29,0.295,0.31,20.0,705018.75,621972.5,2026/06/30 09:20:36,tencent,705018.75,2.5164516129032255,低PB高分红旁路,0.2758104738154613
01623.HK,海隆控股,海隆控股有限公司,Hilong Holding Limited,HLKG,主板,L,20110421,,1000.0,KYG4509G1055,HKD,1623,海隆控股,0.232,-0.43,30000.0,6990.0,0.05,-1.1017351598173517,0.1165296803652966,-1.1017351598173517,393573754.7762556,393573754.7762556,0.233,0.233,0.233,0.233,0.229,20.0,142710.774,81456.0,2026/06/30 09:30:40,tencent,142710.774,-1.1017351598173517,负PE/亏损口径,0.2760598503740648
03913.HK,合景悠活,合景悠活集团控股有限公司,KWG Living Group Holdings Limited,HJYH,主板,L,20201030,,1000.0,KYG5322R1039,HKD,3913,合景悠活,0.147,0.0,0.0,0.0,0.13,-0.8575,0.1036538461538461,-0.8575,297801260.75,297801260.75,0.0,0.0,0.0,0.147,0.133,20.0,285807.37930000003,327226.456,2026/06/30 09:20:36,tencent,327226.456,-0.8575,负PE/亏损口径,0.27805486284289277
00438.HK,彩虹新能源,彩虹集团新能源股份有限公司,IRICO Group New Energy Company Limited,CHXNY,主板,L,20041220,,200.0,CNE1000003H9,HKD,438,彩虹新能源,1.28,0.0,0.0,0.0,0.0,-0.3643076923076922,0.2461538461538461,-0.3643076923076922,225692249.6,123198297.6,0.0,0.0,0.0,1.28,1.3,17.0,65838.23529411765,41358.0,2026/06/30 09:20:36,tencent,65838.23529411765,-0.3643076923076922,负PE/亏损口径,0.2782418952618454
00681.HK,中民控股,中民控股有限公司,Chinese People Holdings Company Limited,ZMKG,主板,L,19970424,,2000.0,BMG2112G1087,HKD,681,中民控股,0.031,0.0,0.0,0.0,0.03,-1.5226470588235297,0.1094117647058823,-1.5226470588235297,276971397.38235295,276971397.38235295,0.0,0.0,0.0,0.031,0.033,20.0,383511.2153,256392.1155,2026/06/30 09:20:36,tencent,383511.2153,-1.5226470588235297,负PE/亏损口径,0.2791147132169576
01460.HK,扬科集团,扬科集团有限公司,ICO Group Limited,YKJT,主板,L,20161012,,8000.0,KYG4706W1502,HKD,1460,扬科集团,0.23,0.0,0.0,0.0,0.0,11.845,0.3545833333333333,11.845,201845771.875,201845771.875,0.0,0.0,0.0,0.23,0.23,15.0,219276.66666666663,198000.0,2026/06/30 09:20:36,tencent,219276.66666666663,11.845,低PB高分红旁路,0.27973815461346635
00201.HK,华大酒店,华大酒店投资有限公司,Magnificent Hotel Investments Limited,HDJD,主板,L,19721117,,2000.0,HK0201008726,HKD,201,华大酒店,0.066,0.0,0.0,0.0,0.0,72.00895522388059,0.1379104477611939,72.00895522388059,590505387.6716418,590505387.6716418,0.0,0.0,0.0,0.066,0.068,16.0,217484.375,26065.0,2026/06/30 09:20:36,tencent,217484.375,72.00895522388059,PE偏高,0.2798004987531172
03838.HK,中国淀粉,中国淀粉控股有限公司,China Starch Holdings Ltd.,ZGDF,主板,L,20070927,,5000.0,KYG2161A1195,HKD,3838,中国淀粉,0.151,-4.43,640000.0,96970.0,0.02,4.398695652173913,0.1875776397515526,4.398695652173913,900638298.5652175,900638298.5652175,0.153,0.151,0.153,0.158,0.159,20.0,862629.4188999999,741712.0800000001,2026/06/30 09:31:40,tencent,862629.4188999999,4.398695652173913,低PB高分红旁路,0.28023690773067333
00970.HK,新耀莱,新耀莱国际集团有限公司,New Sparkle Roll International Group Limited,XYL,主板,L,19970918,,2000.0,BMG8310J1172,HKD,970,新耀莱,0.38,0.0,0.0,0.0,0.0,-1.2666666666666668,0.2229333333333333,-1.2666666666666668,256637624.85333335,256637624.85333335,0.0,0.0,0.0,0.38,0.38,15.0,95671.0,84200.0,2026/06/30 09:20:36,tencent,95671.0,-1.2666666666666668,负PE/亏损口径,0.2804239401496259
00505.HK,兴业合金,兴业合金材料集团有限公司,Xingye Alloy Materials Group Limited,XYHJ,主板,L,20071227,,1000.0,KYG9831C1024,HKD,505,兴业合金,0.9,0.0,0.0,0.0,0.0,5.513684210526318,0.3221052631578948,5.513684210526318,809602355.3684213,809602355.3684213,0.0,0.0,0.0,0.9,0.99,12.0,121625.16666666669,117985.0,2026/06/30 09:20:36,tencent,121625.16666666669,5.513684210526318,低PB高分红旁路,0.2809850374064838
00111.HK,信达国际控股,信达国际控股有限公司,Cinda International Holdings Limited,XDGJKG,主板,L,20000801,,2000.0,BMG2143M1082,HKD,111,信达国际控股,0.63,-1.56,4000.0,2560.0,0.01,5.019344262295082,0.3821311475409835,5.019344262295082,403959528.0,403959528.0,0.64,0.64,0.64,0.64,0.65,20.0,248007.0,146750.0,2026/06/30 09:30:54,tencent,248007.0,5.019344262295082,低PB高分红旁路,0.2817955112219451
02001.HK,新高教集团,中国新高教集团有限公司,China New Higher Education Group Limited,XGJJT,主板,L,20170419,,1000.0,KYG2163K1076,HKD,2001,新高教集团,0.58,0.0,0.0,0.0,0.08,1.22,0.19,1.22,1143726234.0,1143726234.0,0.0,0.0,0.0,0.58,0.59,20.0,1057981.9300000002,948975.43,2026/06/30 09:20:36,tencent,1057981.9300000002,1.22,低PB高分红旁路,0.2827306733167082
01916.HK,江西银行,江西银行股份有限公司,"Jiangxi Bank Co.,Ltd.",JXYH,主板,L,20180626,,500.0,CNE1000031B3,HKD,1916,江西银行,0.6,0.0,0.0,0.0,0.02,3.383606557377049,0.0786885245901638,3.383606557377049,3614566140.9836063,807300000.0,0.0,0.0,0.0,0.6,0.59,20.0,557080.25,440467.5,2026/06/30 09:20:36,tencent,557080.25,3.383606557377049,低PB高分红旁路,0.2840399002493766
08646.HK,中国宏光,中国宏光控股有限公司,China Hongguang Holdings Limited,ZGHG,创业板,L,20200113,,3000.0,KYG2164A1085,HKD,8646,中国宏光,0.265,-5.36,345000.0,92925.0,3.48,3.287796610169492,0.3683050847457626,3.287796610169492,207492350.00000003,207492350.00000003,0.27,0.265,0.27,0.28,0.33,20.0,2745537.5055,216151.5,2026/06/30 09:32:02,tencent,2745537.5055,3.287796610169492,低PB高分红旁路,0.28435162094763095
03368.HK,百盛集团,百盛商业集团有限公司,Parkson Retail Group Limited,BSJT,主板,L,20051130,,500.0,KYG693701156,HKD,3368,百盛集团,0.165,0.0,0.0,0.0,0.01,-2.649428571428572,0.132,-2.649428571428572,434697821.4857143,434697821.4857143,0.0,0.0,0.0,0.165,0.165,20.0,160487.05,42064.0,2026/06/30 09:20:36,tencent,160487.05,-2.649428571428572,负PE/亏损口径,0.28584788029925184
02355.HK,宝业集团,宝业集团股份有限公司,"Baoye Group Co., Ltd.",BYJT,主板,L,20030630,,2000.0,CNE100000213,HKD,2355,宝业集团,3.37,0.0,0.0,0.0,0.36,5.469189944134078,0.1223743016759776,5.469189944134078,1754516538.8547487,572515820.0,0.0,0.0,0.0,3.37,3.45,20.0,731320.0,510710.0,2026/06/30 09:20:36,tencent,731320.0,5.469189944134078,低PB高分红旁路,0.2893391521197008
01935.HK,嘉宏教育,嘉宏教育科技有限公司,JH Educational Technology INC.,JHJY,主板,L,20190618,,2000.0,KYG6578D1034,HKD,1935,嘉宏教育,0.8,0.0,0.0,0.0,0.0,5.1220779220779225,0.3532467532467532,5.1220779220779225,1280664000.0,1280664000.0,0.0,0.0,0.0,0.8,0.81,15.0,51692.0,29400.0,2026/06/30 09:20:36,tencent,51692.0,5.1220779220779225,低PB高分红旁路,0.2908977556109726
01260.HK,皓天财经集团,皓天财经集团控股有限公司,Wonderful Sky Financial Group Holdings Limited,HTCJJT,主板,L,20120330,,2000.0,KYG9737K1094,HKD,1260,皓天财经集团,0.44,2.33,24000.0,10560.0,0.03,7.300408163265307,0.3232653061224489,7.300408163265307,506639760.0,506639760.0,0.44,0.44,0.44,0.43,0.5,17.0,279167.64705882355,175120.0,2026/06/30 09:31:24,tencent,279167.64705882355,7.300408163265307,低PB高分红旁路,0.2943266832917706
03828.HK,明辉国际,明辉国际控股有限公司,Ming Fai International Holdings Limited,MHGJ,主板,L,20071102,,1000.0,KYG6141X1079,HKD,3828,明辉国际,0.76,0.0,0.0,0.0,0.0,5.537142857142857,0.4046753246753246,5.537142857142857,558039650.025974,558039650.025974,0.0,0.0,0.0,0.76,0.76,19.0,132549.47368421053,119060.0,2026/06/30 09:20:36,tencent,132549.47368421053,5.537142857142857,低PB高分红旁路,0.2945137157107232
00873.HK,世茂服务,世茂服务控股有限公司,Shimao Services Holdings Limited,SMFW,主板,L,20201030,,1000.0,KYG8104A1085,HKD,873,世茂服务,0.44,0.0,0.0,0.0,0.05,9.493333333333334,0.1244444444444444,9.493333333333334,1085996120.0,1085996120.0,0.0,0.0,0.0,0.44,0.45,20.0,634246.487,547332.39,2026/06/30 09:20:36,tencent,634246.487,9.493333333333334,低PB高分红旁路,0.29507481296758103
00829.HK,神冠控股,神冠控股(集团)有限公司,Shenguan Holdings (Group) Limited,SGKG,主板,L,20091013,,2000.0,KYG8116M1087,HKD,829,神冠控股,0.157,0.0,0.0,0.0,0.01,-6.565454545454545,0.214090909090909,-6.565454545454545,507185360.0,507185360.0,0.0,0.0,0.0,0.157,0.151,18.0,86307.55555555556,46107.0,2026/06/30 09:20:36,tencent,86307.55555555556,-6.565454545454545,负PE/亏损口径,0.2967581047381546
01170.HK,信星集团,信星鞋业集团有限公司,Kingmaker Footwear Holdings Limited,XXJT,主板,L,19940929,,2000.0,BMG5256W1029,HKD,1170,信星集团,0.44,0.0,0.0,0.0,0.0,-10.7525,0.2841666666666667,-10.7525,295507276.1666667,295507276.1666667,0.0,0.0,0.0,0.44,0.46,10.0,104859.0,56640.0,2026/06/30 09:20:36,tencent,104859.0,-10.7525,负PE/亏损口径,0.29682044887780545
06885.HK,金马能源,河南金马能源股份有限公司,Henan Jinma Energy Company Limited,JMNY,主板,L,20171010,,1000.0,CNE100002QZ4,HKD,6885,金马能源,0.7,0.0,0.0,0.0,0.0,-0.6402439024390243,0.1280487804878048,-0.6402439024390243,374794700.0,374794700.0,0.0,0.0,0.0,0.7,0.65,20.0,249440.0,202860.0,2026/06/30 09:20:36,tencent,249440.0,-0.6402439024390243,负PE/亏损口径,0.29688279301745635
00228.HK,中能控股,中国能源开发控股有限公司,China Energy Development Holdings Limited,ZNKG,主板,L,20020218,,2000.0,KYG2153W1116,HKD,228,中能控股,1.24,0.0,0.0,0.0,0.05,21.862153846153845,0.267076923076923,21.862153846153845,565688496.0,565688496.0,0.0,0.0,0.0,1.24,1.32,18.0,117482.08333333331,97902.5,2026/06/30 09:20:36,tencent,117482.08333333331,21.862153846153845,低PB高分红旁路,0.29700748129675814
06968.HK,港龙中国地产,港龙中国地产集团有限公司,Ganglong China Property Group Limited,GLZGDC,主板,L,20200715,,1000.0,KYG373041055,HKD,6968,港龙中国地产,0.155,0.0,0.0,0.0,0.07,-0.1788461538461538,0.1092948717948717,-0.1788461538461538,251378845.0000001,251378845.0000001,0.0,0.0,0.0,0.155,0.166,20.0,677122.7,400737.0,2026/06/30 09:20:36,tencent,677122.7,-0.1788461538461538,负PE/亏损口径,0.29750623441396506
01525.HK,建桥教育,上海建桥教育集团有限公司,Shanghai Gench Education Group Limited,JQJY,主板,L,20200116,,500.0,KYG8064A1067,HKD,1525,建桥教育,1.87,0.0,0.0,0.0,0.08,2.894521276595745,0.2785106382978723,2.894521276595745,776050000.0000001,776050000.0000001,0.0,0.0,0.0,1.87,1.92,20.0,789676.5,674275.0,2026/06/30 09:20:36,tencent,789676.5,2.894521276595745,低PB高分红旁路,0.29756857855361596
00057.HK,震雄集团,震雄集团有限公司,Chen Hsong Holdings Ltd.,ZXJT,主板,L,19911022,,2000.0,BMG208741063,HKD,57,震雄集团,1.54,0.0,0.0,0.0,0.01,6.4812269938650315,0.3117791411042945,6.4812269938650315,971064864.0,971064864.0,0.0,0.0,0.0,1.54,1.62,17.0,124465.88235294116,128780.0,2026/06/30 09:20:36,tencent,128780.0,6.4812269938650315,低PB高分红旁路,0.2976309226932668
00831.HK,利亚零售,利亚零售有限公司,Convenience Retail Asia Limited,LYLS,主板,L,20110620,,2000.0,KYG239801080,HKD,831,利亚零售,0.345,0.0,0.0,0.0,0.08,7.981343283582088,0.4119402985074626,7.981343283582088,269837255.73134327,269837255.73134327,0.0,0.0,0.0,0.345,0.34,19.0,264849.4736842105,172700.0,2026/06/30 09:20:36,tencent,264849.4736842105,7.981343283582088,低PB高分红旁路,0.2976932668329177
00543.HK,太平洋网络,太平洋网络有限公司,Pacific Online Limited,TPYWL,主板,L,20071218,,1000.0,KYG9684P1019,HKD,543,太平洋网络,0.25,0.0,0.0,0.0,0.01,52.08333333333333,0.3981481481481481,52.08333333333333,283899416.6666666,283899416.6666666,0.0,0.0,0.0,0.25,0.27,12.0,60411.22083333333,22021.5,2026/06/30 09:20:36,tencent,60411.22083333333,52.08333333333333,PE偏高,0.2978802992518703
03813.HK,宝胜国际,宝胜国际(控股)有限公司,Pou Sheng International (Holdings) Ltd.,BSGJ,主板,L,20080606,,1000.0,BMG7208D1092,HKD,3813,宝胜国际,0.35,0.0,0.0,0.0,0.01,6.3909090909090915,0.1909090909090909,6.3909090909090915,1860430115.4545453,1860430115.4545453,0.0,0.0,0.0,0.35,0.37,20.0,235319.55,169307.5,2026/06/30 09:20:36,tencent,235319.55,6.3909090909090915,低PB高分红旁路,0.29856608478802993
01118.HK,高力集团,高力集团有限公司,Golik Holdings Limited,GLJT,主板,L,19940715,,10000.0,BMG2618A1009,HKD,1118,高力集团,1.15,0.0,0.0,0.0,0.0,4.365929203539824,0.4376106194690264,4.365929203539824,660534847.5663717,660534847.5663717,0.0,0.0,0.0,1.15,1.15,4.0,100575.0,68800.0,2026/06/30 09:20:36,tencent,100575.0,4.365929203539824,低PB高分红旁路,0.2989401496259351
00235.HK,中策资本控股,中策资本控股有限公司,CSC Holdings Limited,ZCZBKG,主板,L,19721204,,5000.0,HK0235034623,HKD,235,中策资本控股,0.02,-4.76,200000.0,4000.0,0.04,-30.72380952380952,0.1809523809523809,-30.72380952380952,407705077.14285713,407705077.14285713,0.02,0.02,0.02,0.021,0.021,20.0,334570.46525,242026.25,2026/06/30 09:31:56,tencent,334570.46525,-30.72380952380952,负PE/亏损口径,0.2989401496259351
00099.HK,王氏国际,王氏国际集团有限公司,Wong's International Holdings Ltd.,WSGJ,主板,L,19831215,,1000.0,BMG9738G1078,HKD,99,王氏国际,1.25,0.0,0.0,0.0,0.0,-3.62,0.18,-3.62,598104743.0,598104743.0,0.0,0.0,0.0,1.25,1.25,2.0,85655.0,85655.0,2026/06/30 09:20:36,tencent,85655.0,-3.62,负PE/亏损口径,0.300498753117207
01036.HK,万科海外,万科海外投资控股有限公司,Vanke Overseas Investment Holding Company Limited,WKHW,主板,L,19961108,,1000.0,KYG9320E1061,HKD,1036,万科海外,1.6,0.63,0.0,0.0,0.01,-6.746666666666666,0.151111111111111,-6.746666666666666,623244691.5555556,623244691.5555556,0.0,0.0,0.0,1.59,1.64,18.0,146466.11111111112,82775.0,2026/06/30 09:30:03,tencent,146466.11111111112,-6.746666666666666,负PE/亏损口径,0.30149625935162094
01250.HK,山高新能源,山高新能源集团有限公司,Shandong Hi-Speed New Energy Group Limited,SGXNY,主板,L,20130705,,1000.0,KYG1146W1134,HKD,1250,山高新能源,1.11,0.0,0.0,0.0,0.01,9.844426229508198,0.1637704918032786,9.844426229508198,2493713486.114754,2493713486.114754,0.0,0.0,0.0,1.11,1.19,19.0,104746.12105263158,68300.0,2026/06/30 09:20:36,tencent,104746.12105263158,9.844426229508198,低PB高分红旁路,0.30199501246882793
02136.HK,利福中国,利福中国集团有限公司,Lifestyle China Group Ltd.,LFZG,主板,L,20160715,,500.0,KYG548741050,HKD,2136,利福中国,0.59,0.0,5000.0,2950.0,0.05,-25.064827586206896,0.0813793103448275,-25.064827586206896,864024614.9999999,864024614.9999999,0.59,0.59,0.59,0.59,0.6,20.0,334388.5,287075.0,2026/06/30 09:20:36,tencent,334388.5,-25.064827586206896,负PE/亏损口径,0.30224438902743145
01314.HK,翠华控股,翠华控股有限公司,Tsui Wah Holdings Limited,CHKG,主板,L,20121126,,2000.0,KYG911501057,HKD,1314,翠华控股,0.148,0.0,0.0,0.0,0.0,19.29563909774436,0.4451127819548872,19.29563909774436,208861514.7669173,208861514.7669173,0.0,0.0,0.0,0.148,0.134,16.0,90413.25,33121.0,2026/06/30 09:20:36,tencent,90413.25,19.29563909774436,低PB高分红旁路,0.3023067331670823
09857.HK,柠萌影视,柠萌影视传媒有限公司,Linmon Media Limited,NMYS,主板,L,20220810,,100.0,KYG5571U1040,HKD,9857,柠萌影视,1.99,0.0,0.0,0.0,0.01,20.835299999999997,0.2785999999999999,20.835299999999997,720297526.4399999,720297526.4399999,0.0,0.0,0.0,1.99,1.96,18.0,78067.16666666667,43397.0,2026/06/30 09:20:36,tencent,78067.16666666667,20.835299999999997,低PB高分红旁路,0.30261845386533665
01601.HK,中关村科技租赁,中关村科技租赁股份有限公司,"Zhongguancun Science-Tech Leasing Co., Ltd.",ZGCKJZL,主板,L,20200121,,2000.0,CNE100003Q08,HKD,1601,中关村科技租赁,0.8,0.0,0.0,0.0,0.03,4.293670886075951,0.3544303797468354,4.293670886075951,1292081600.0000002,394667200.00000006,0.0,0.0,0.0,0.8,0.79,19.0,98838.94736842104,92240.0,2026/06/30 09:20:36,tencent,98838.94736842104,4.293670886075951,低PB高分红旁路,0.3036159600997506
00616.HK,财富链,财富链有限公司,Asset Chain Limited,CFL,主板,L,19910916,,5000.0,BMG0094B1476,HKD,616,财富链,0.19,0.0,0.0,0.0,0.1,-2.3774358974358973,0.0682051282051281,-2.3774358974358973,354791626.2564103,354791626.2564103,0.0,0.0,0.0,0.19,0.19,20.0,975653.8665,561311.165,2026/06/30 09:20:36,tencent,975653.8665,-2.3774358974358973,负PE/亏损口径,0.3041147132169576
08512.HK,凯富善集团控股,凯富善集团控股有限公司,Hyfusin Group Holdings Limited,KFSJTKG,创业板,L,20180719,,10000.0,KYG4713A1004,HKD,8512,凯富善集团控股,0.395,0.0,0.0,0.0,0.01,3.5757894736842104,0.4885526315789474,3.5757894736842104,362807500.00000006,362807500.00000006,0.0,0.0,0.0,0.395,0.405,18.0,220794.44444444444,91625.0,2026/06/30 09:20:36,tencent,220794.44444444444,3.5757894736842104,低PB高分红旁路,0.30492518703241894
01733.HK,易大宗,易大宗控股有限公司,E-Commodities Holdings Limited,YDZ,主板,L,20101011,,2000.0,VGG2921V1067,HKD,1733,易大宗,0.59,0.0,0.0,0.0,0.0,4.9855,0.177,4.9855,1575171947.3833332,1575171947.3833332,0.0,0.0,0.0,0.59,0.59,20.0,744420.725,548640.0,2026/06/30 09:20:36,tencent,744420.725,4.9855,低PB高分红旁路,0.3050498753117207
02258.HK,华滋国际海洋,华滋国际海洋股份有限公司,Watts International Maritime Company Limited,HZGJHY,主板,L,20181119,,2000.0,KYG949091014,HKD,2258,华滋国际海洋,0.315,0.0,0.0,0.0,0.0,7.099253731343283,0.3291044776119403,7.099253731343283,260000999.99999997,260000999.99999997,0.0,0.0,0.0,0.315,0.33,16.0,2250343.875,291625.0,2026/06/30 09:20:36,tencent,2250343.875,7.099253731343283,低PB高分红旁路,0.305860349127182
02369.HK,酷派集团,酷派集团有限公司,Coolpad Group Limited,KPJT,主板,L,20041209,,4000.0,KYG2418K1343,HKD,2369,酷派集团,0.67,0.0,0.0,0.0,0.02,-2.0020238095238096,0.135595238095238,-2.0020238095238096,222393232.40476197,222393232.40476197,0.0,0.0,0.0,0.67,0.75,20.0,1291346.2295,488247.8,2026/06/30 09:20:36,tencent,1291346.2295,-2.0020238095238096,负PE/亏损口径,0.3062967581047381
01216.HK,中原银行,中原银行股份有限公司,"Zhongyuan Bank Co., Ltd.",ZYYH,主板,L,20170719,,1000.0,CNE100002GY8,HKD,1216,中原银行,0.28,0.0,0.0,0.0,0.0,2.577931034482759,0.1158620689655172,2.577931034482759,10233950529.793104,1944600000.0,0.0,0.0,0.0,0.28,0.28,20.0,325044.75,123002.5,2026/06/30 09:20:36,tencent,325044.75,2.577931034482759,低PB高分红旁路,0.30654613466334163
01416.HK,CTR HOLDINGS,CTR Holdings Limited,CTR Holdings Limited,CTRHOLDINGS,主板,L,20200115,,10000.0,KYG2587H1020,HKD,1416,CTR HOLDINGS,0.188,0.0,0.0,0.0,0.01,2.9624242424242424,0.5791919191919191,2.9624242424242424,263200000.0,263200000.0,0.0,0.0,0.0,0.188,0.182,20.0,167637.0,73885.0,2026/06/30 09:20:36,tencent,167637.0,2.9624242424242424,低PB高分红旁路,0.3077306733167082
01813.HK,合景泰富集团,合景泰富集团控股有限公司,KWG Group Holdings Limited,HJTFJT,主板,L,20070703,,500.0,KYG532241042,HKD,1813,合景泰富集团,0.102,0.0,500.0,51.0,0.03,-0.0979199999999999,0.1876799999999999,-0.0979199999999999,348726162.288,348726162.288,0.102,0.102,0.102,0.102,0.11,20.0,151267.78999999998,117516.25,2026/06/30 09:30:08,tencent,151267.78999999998,-0.0979199999999999,负PE/亏损口径,0.3089152119700748
00713.HK,世界(集团),世界(集团)有限公司,World Houseware (Holdings) Limited,SJJT,主板,L,19930415,,2000.0,KYG9768F1028,HKD,713,世界(集团),0.365,0.0,0.0,0.0,0.0,-1.3918666666666668,0.3114666666666666,-1.3918666666666668,289122858.78666663,289122858.78666663,0.0,0.0,0.0,0.365,0.37,17.0,62089.41176470588,31880.0,2026/06/30 09:20:36,tencent,62089.41176470588,-1.3918666666666668,负PE/亏损口径,0.30972568578553616
03390.HK,满贯集团,满贯集团控股有限公司,Tycoon Group Holdings Limited,MGJT,主板,L,20200415,,2000.0,KYG9143T1085,HKD,3390,满贯集团,0.24,-0.41,0.0,0.0,0.05,13.6896,0.4031999999999999,13.6896,214560000.0,214560000.0,0.0,0.0,0.0,0.241,0.245,20.0,270994.1,192002.0,2026/06/30 09:30:01,tencent,270994.1,13.6896,低PB高分红旁路,0.30997506234413963
00420.HK,福田实业,福田实业(集团)有限公司,Fountain Set (Holdings) Ltd.,FTSY,主板,L,19880420,,2000.0,HK0420001817,HKD,420,福田实业,0.65,0.0,0.0,0.0,0.02,11.168181818181818,0.2462121212121212,11.168181818181818,796267524.3939394,796267524.3939394,0.0,0.0,0.0,0.65,0.66,19.0,240387.36842105264,210300.0,2026/06/30 09:20:36,tencent,240387.36842105264,11.168181818181818,低PB高分红旁路,0.31022443890274315
00603.HK,中油燃气,中油燃气集团有限公司,China Oil And Gas Group Limited,ZYRQ,主板,L,19930528,,20000.0,BMG2155W1010,HKD,603,中油燃气,0.133,0.0,0.0,0.0,0.03,9.291398601398605,0.186013986013986,9.291398601398605,749694909.6783217,749694909.6783217,0.0,0.0,0.0,0.133,0.137,20.0,932776.696,568026.0,2026/06/30 09:20:36,tencent,932776.696,9.291398601398605,低PB高分红旁路,0.3109102244389027
03315.HK,金邦达宝嘉,金邦达宝嘉控股有限公司,Goldpac Group Limited,JBDBJ,主板,L,20131204,,1000.0,HK0000172855,HKD,3315,金邦达宝嘉,0.68,0.0,0.0,0.0,0.04,12.338550724637685,0.2463768115942029,12.338550724637685,547945360.0000001,547945360.0000001,0.0,0.0,0.0,0.68,0.67,20.0,447348.0,350695.0,2026/06/30 09:20:36,tencent,447348.0,12.338550724637685,低PB高分红旁路,0.31109725685785533
00025.HK,CHEVALIER INT'L,其士国际集团有限公司,Chevalier International Holdings Ltd.,CHEVALIERINTL,主板,L,19841205,,2000.0,BMG2097Z1471,HKD,25,CHEVALIER INT'L,4.19,0.0,0.0,0.0,0.0,-3.91,0.1299999999999999,-3.91,1262314763.9999998,1262314763.9999998,0.0,0.0,0.0,4.19,4.18,12.0,73291.39666666667,41970.0,2026/06/30 09:20:36,tencent,73291.39666666667,-3.91,负PE/亏损口径,0.3111596009975062
01075.HK,首都信息,首都信息发展股份有限公司,"Capinfo Co., Ltd.",SDXX,主板,L,20110121,,1000.0,CNE100006K27,HKD,1075,首都信息,2.04,0.0,0.0,0.0,0.0,4.315384615384617,0.4315384615384615,4.315384615384617,591209562.6346154,157997592.00000003,0.0,0.0,0.0,2.04,2.1,15.0,200124.8,152130.0,2026/06/30 09:20:36,tencent,200124.8,4.315384615384617,低PB高分红旁路,0.31302992518703243
00951.HK,超威动力,超威动力控股有限公司,Chaowei Power Holdings Limited,CWDL,主板,L,20100707,,1000.0,KYG204791043,HKD,951,超威动力,1.33,0.0,0.0,0.0,0.03,3.6719565217391312,0.2023913043478261,3.6719565217391312,1468488882.050725,1468488882.050725,0.0,0.0,0.0,1.33,1.35,20.0,1424540.0,1296270.0,2026/06/30 09:20:36,tencent,1424540.0,3.6719565217391312,低PB高分红旁路,0.31433915211970076
01578.HK,天津银行,天津银行股份有限公司,"Bank of Tianjin Co., Ltd.",TJYH,主板,L,20160330,,500.0,CNE100002623,HKD,1578,天津银行,2.06,0.0,0.0,0.0,0.01,2.9214545454545453,0.1591818181818181,2.9214545454545453,12505336752.945454,3635074070.154546,0.0,0.0,0.0,2.06,2.16,20.0,159178.57,163180.0,2026/06/30 09:20:36,tencent,163180.0,2.9214545454545453,低PB高分红旁路,0.31452618453865333
06860.HK,指尖悦动,指尖悦动控股有限公司,Finger Tango Inc.,ZJYD,主板,L,20180712,,1000.0,KYG3R10G1007,HKD,6860,指尖悦动,0.146,0.0,0.0,0.0,0.11,-7.1550354609929085,0.3209929078014184,-7.1550354609929085,280040848.00000006,280040848.00000006,0.0,0.0,0.0,0.146,0.14,19.0,117622.52631578948,85407.0,2026/06/30 09:20:36,tencent,117622.52631578948,-7.1550354609929085,负PE/亏损口径,0.314713216957606
02325.HK,云康集团,云康集团有限公司,Yunkang Group Limited,YKJT,主板,L,20220518,,3000.0,KYG9889T1067,HKD,2325,云康集团,0.69,0.0,0.0,0.0,0.01,132.59661971830985,0.3304225352112676,132.59661971830985,428662844.99999994,428662844.99999994,0.0,0.0,0.0,0.69,0.74,19.0,84128.94736842105,59780.0,2026/06/30 09:20:36,tencent,84128.94736842105,132.59661971830985,PE偏高,0.3149002493765586
00807.HK,上海实业环境,上海实业环境控股有限公司,SIIC Environment Holdings Ltd.,SHSYHJ,主板,L,20180323,,1000.0,SG1BI7000000,HKD,807,上海实业环境,0.98,0.0,0.0,0.0,0.02,3.73,0.2099999999999999,3.73,2524152411.0,2524152411.0,0.0,0.0,0.0,0.98,0.97,20.0,402308.5,426500.0,2026/06/30 09:20:36,tencent,426500.0,3.73,低PB高分红旁路,0.3172069825436409
01110.HK,金活医药集团,金活医药集团有限公司,Kingworld Medicines Group Limited,JHYYJT,主板,L,20101125,,4000.0,KYG5268M1006,HKD,1110,金活医药集团,0.365,0.0,0.0,0.0,0.08,18.186124999999997,0.3284999999999999,18.186124999999997,227212500.0,227212500.0,0.0,0.0,0.0,0.365,0.385,20.0,566858.0,573520.0,2026/06/30 09:20:36,tencent,573520.0,18.186124999999997,低PB高分红旁路,0.31758104738154613
02298.HK,都市丽人,都市丽人(中国)控股有限公司,Cosmo Lady (China) Holdings Company Limited,DSLR,主板,L,20140626,,1000.0,KYG244421080,HKD,2298,都市丽人,0.34,0.0,0.0,0.0,0.01,5.6,0.3199999999999999,5.6,764815452.0,764815452.0,0.0,0.0,0.0,0.34,0.335,20.0,433986.25,430902.5,2026/06/30 09:20:36,tencent,433986.25,5.6,低PB高分红旁路,0.31764339152119697
00730.HK,首惠产业金融,首惠产业金融服务集团有限公司,Capital Industrial Financial Services Group Limited,SHCYJR,主板,L,19910808,,1000.0,BMG8114P1032,HKD,730,首惠产业金融,0.125,0.0,0.0,0.0,0.0,16.894531250000004,0.341796875,16.894531250000004,494242337.89062506,494242337.89062506,0.0,0.0,0.0,0.125,0.123,20.0,118348.6,110014.5,2026/06/30 09:20:36,tencent,118348.6,16.894531250000004,低PB高分红旁路,0.31776807980049876
00987.HK,中国再生能源投资,中国再生能源投资有限公司,China Renewable Energy Investment Limited,ZGZSNYTZ,主板,L,19940127,,2000.0,KYG2161D1051,HKD,987,中国再生能源投资,0.184,0.0,0.0,0.0,0.0,23.65574468085106,0.2446808510638297,23.65574468085106,461132973.1489361,461132973.1489361,0.0,0.0,0.0,0.184,0.179,20.0,422297.6576,233406.0605,2026/06/30 09:20:36,tencent,422297.6576,23.65574468085106,低PB高分红旁路,0.3180798004987531
01890.HK,中国科培,中国科培教育集团有限公司,China Kepei Education Group Limited,ZGKP,主板,L,20190125,,2000.0,KYG2122A1094,HKD,1890,中国科培,0.83,0.0,0.0,0.0,0.02,2.110864197530864,0.2459259259259258,2.110864197530864,1671826393.333333,1671826393.333333,0.0,0.0,0.0,0.83,0.8,20.0,792255.511,674090.0,2026/06/30 09:20:36,tencent,792255.511,2.110864197530864,低PB高分红旁路,0.3193266832917705
00131.HK,卓能(集团),卓能(集团)有限公司,Cheuk Nang (Holdings) Ltd.,ZNJT,主板,L,19880815,,1000.0,HK0131037993,HKD,131,卓能(集团),1.35,0.0,0.0,0.0,0.0,-1.164503816793893,0.1442748091603053,-1.164503816793893,881113654.2366413,881113654.2366413,0.0,0.0,0.0,1.35,1.37,17.0,96572.38823529411,52900.6,2026/06/30 09:20:36,tencent,96572.38823529411,-1.164503816793893,负PE/亏损口径,0.3199501246882793
01980.HK,天鸽互动,天鸽互动控股有限公司,Tian Ge Interactive Holdings Limited,TGHD,主板,L,20140709,,1000.0,KYG887641085,HKD,1980,天鸽互动,0.51,0.0,0.0,0.0,0.01,-54.91,0.241578947368421,-54.91,565788982.3157896,565788982.3157896,0.0,0.0,0.0,0.51,0.55,19.0,172988.94736842104,103570.0,2026/06/30 09:20:36,tencent,172988.94736842104,-54.91,负PE/亏损口径,0.3203241895261845
02165.HK,领悦服务集团,领悦服务集团有限公司,Ling Yue Services Group Limited,LYFWJT,主板,L,20210712,,1000.0,KYG5500R1074,HKD,2165,领悦服务集团,1.51,0.0,0.0,0.0,0.0,4.909935483870967,0.555290322580645,4.909935483870967,431384349.99999994,431384349.99999994,0.0,0.0,0.0,1.51,1.55,16.0,88377.5,27625.0,2026/06/30 09:20:36,tencent,88377.5,4.909935483870967,低PB高分红旁路,0.32038653366583536
02120.HK,康宁医院,温州康宁医院股份有限公司,"Wenzhou Kangning Hospital Co., Ltd.",KNYY,主板,L,20151120,,100.0,CNE100002383,HKD,2120,康宁医院,7.68,0.0,0.0,0.0,0.0,9.225142857142856,0.4205714285714285,9.225142857142856,555716352.0,150519552.0,0.0,0.0,0.0,7.68,7.69,12.0,94665.33333333331,72366.5,2026/06/30 09:20:36,tencent,94665.33333333331,9.225142857142856,低PB高分红旁路,0.3203865336658354
02023.HK,中国绿岛科技,中国绿岛科技有限公司,China Ludao Technology Company Limited,ZGLDKJ,主板,L,20131011,,4000.0,KYG215821045,HKD,2023,中国绿岛科技,0.78,0.0,0.0,0.0,0.02,6.1568000000000005,0.5824000000000001,6.1568000000000005,383604000.0000001,383604000.0000001,0.0,0.0,0.0,0.78,0.74,19.0,59046.31578947369,45600.0,2026/06/30 09:20:36,tencent,59046.31578947369,6.1568000000000005,低PB高分红旁路,0.3214463840399002
00711.HK,亚洲联合基建控股,亚洲联合基建控股有限公司,Asia Allied Infrastructure Holdings Limited,YZLHJJKG,主板,L,19930212,,2000.0,BMG0578N1048,HKD,711,亚洲联合基建控股,0.405,0.0,0.0,0.0,0.01,14.6016,0.324,14.6016,748144230.1200001,748144230.1200001,0.0,0.0,0.0,0.405,0.395,15.0,103886.8,62020.0,2026/06/30 09:20:36,tencent,103886.8,14.6016,低PB高分红旁路,0.32300498753117207
02138.HK,医思健康,医思健康,EC Healthcare,YSJK,主板,L,20160311,,1000.0,KYG3037S1021,HKD,2138,医思健康,0.395,0.0,0.0,0.0,0.0,-2.4468055555555557,0.2633333333333333,-2.4468055555555557,468158449.2361112,468158449.2361112,0.0,0.0,0.0,0.395,0.375,20.0,95346.25,70487.5,2026/06/30 09:20:36,tencent,95346.25,-2.4468055555555557,负PE/亏损口径,0.3240648379052369
03991.HK,长虹佳华,长虹佳华控股有限公司,Changhong Jiahua Holdings Limited,CHJH,主板,L,20200318,,2000.0,BMG2042K1045,HKD,3991,长虹佳华,0.73,0.0,0.0,0.0,0.01,2.6451764705882357,0.3177647058823529,2.6451764705882357,1061895960.0,1061895960.0,0.0,0.0,0.0,0.73,0.83,18.0,690670.0,458440.0,2026/06/30 09:20:36,tencent,690670.0,2.6451764705882357,低PB高分红旁路,0.3243765586034913
02503.HK,中深建业,中深建业控股有限公司,Zhongshen Jianye Holding Limited,ZSJY,主板,L,20240109,,4000.0,KYG989MA1008,HKD,2503,中深建业,0.195,0.0,0.0,0.0,0.0,-16.575,0.2306451612903225,-16.575,669405962.8225807,669405962.8225807,0.0,0.0,0.0,0.195,0.174,19.0,124052.84210526316,105432.0,2026/06/30 09:20:36,tencent,124052.84210526316,-16.575,负PE/亏损口径,0.3247506234413965
09930.HK,宏信建发,宏信建设发展有限公司,Horizon Construction Development Limited,HXJF,主板,L,20230525,,1000.0,KYG4R39T1073,HKD,9930,宏信建发,0.67,0.0,0.0,0.0,0.0,13.160714285714286,0.1722857142857142,13.160714285714286,2142153480.0,2142153480.0,0.0,0.0,0.0,0.67,0.76,20.0,160971.611,130961.275,2026/06/30 09:20:36,tencent,160971.611,13.160714285714286,低PB高分红旁路,0.3258728179551122
00950.HK,李氏大药厂,李氏大药厂控股有限公司,Lee's Pharmaceutical Holdings Ltd.,LSDYC,主板,L,20100514,,500.0,KYG5438W1116,HKD,950,李氏大药厂,1.04,0.0,21500.0,22360.0,0.03,6.663703703703703,0.2985185185185185,6.663703703703703,612388756.2962964,612388756.2962964,1.04,1.04,1.04,1.04,1.04,20.0,1042022.25,823167.5,2026/06/30 09:20:36,tencent,1042022.25,6.663703703703703,低PB高分红旁路,0.3271197007481296
00050.HK,香港小轮(集团),香港小轮(集团)有限公司,Hong Kong Ferry (Holdings) Co. Ltd.,XGXLJT,主板,L,19210101,,1000.0,HK0050000345,HKD,50,香港小轮(集团),4.85,0.0,0.0,0.0,0.0,5.153757828810019,0.2328810020876826,5.153757828810019,1727928332.985386,1727928332.985386,0.0,0.0,0.0,4.85,4.73,20.0,539156.574,427795.0,2026/06/30 09:20:36,tencent,539156.574,5.153757828810019,低PB高分红旁路,0.32736907730673315
00487.HK,实德环球,实德环球有限公司,Success Universe Group Ltd.,SDHQ,主板,L,19880503,,4000.0,BMG8550S1089,HKD,487,实德环球,0.044,0.0,0.0,0.0,0.01,-0.5260869565217392,0.3826086956521739,-0.5260869565217392,216765612.6086957,216765612.6086957,0.0,0.0,0.0,0.044,0.048,15.0,59782.93333333333,3040.0,2026/06/30 09:20:36,tencent,59782.93333333333,-0.5260869565217392,负PE/亏损口径,0.32899002493765583
00716.HK,胜狮货柜,胜狮货柜企业有限公司,Singamas Container Holdings Limited,SSHG,主板,L,19930708,,2000.0,HK0716002271,HKD,716,胜狮货柜,0.44,0.0,0.0,0.0,0.09,7.736263736263736,0.2417582417582417,7.736263736263736,1048170604.2197804,1048170604.2197804,0.0,0.0,0.0,0.44,0.45,20.0,662364.5,556490.0,2026/06/30 09:20:36,tencent,662364.5,7.736263736263736,低PB高分红旁路,0.3299251870324189
01702.HK,东光化工,东光化工有限公司,Dongguang Chemical Limited,DGHG,主板,L,20170711,,4000.0,KYG2815R1048,HKD,1702,东光化工,1.59,0.0,0.0,0.0,0.0,6.37,0.46,6.37,987300960.0,987300960.0,0.0,0.0,0.0,1.59,1.59,3.0,58613.333333333336,11760.0,2026/06/30 09:20:36,tencent,58613.333333333336,6.37,低PB高分红旁路,0.33036159600997506
01257.HK,中国光大绿色环保,中国光大绿色环保有限公司,China Everbright Greentech Limited,ZGGDLSHB,主板,L,20170508,,1000.0,KYG2R55E1030,HKD,1257,中国光大绿色环保,0.77,0.0,5000.0,3900.0,0.01,14.064683544303795,0.1656962025316455,14.064683544303795,1590880060.0,1590880060.0,0.78,0.78,0.78,0.77,0.77,17.0,317372.19588235294,226640.0,2026/06/30 09:31:35,tencent,317372.19588235294,14.064683544303795,低PB高分红旁路,0.33154613466334165
01335.HK,顺泰控股,顺泰控股集团有限公司,Sheen Tai Holdings Group Company Limited,STKG,主板,L,20120713,,2000.0,KYG8079L1133,HKD,1335,顺泰控股,0.102,0.0,0.0,0.0,0.0,-3.2697196261682246,0.4099065420560747,-3.2697196261682246,248281889.1588785,248281889.1588785,0.0,0.0,0.0,0.102,0.105,19.0,61702.63157894737,33578.0,2026/06/30 09:20:36,tencent,61702.63157894737,-3.2697196261682246,负PE/亏损口径,0.3317331670822943
02389.HK,北京健康,北京健康(控股)有限公司,Beijing Health (Holdings) Limited,BJJK,主板,L,20020426,,6000.0,KYG0957Q1082,HKD,2389,北京健康,0.078,0.0,0.0,0.0,0.0,-4.68,0.2799999999999999,-4.68,472584218.00000006,472584218.00000006,0.0,0.0,0.0,0.078,0.078,17.0,112564.58823529413,56544.0,2026/06/30 09:20:36,tencent,112564.58823529413,-4.68,负PE/亏损口径,0.3321072319201995
03818.HK,中国动向,中国动向(集团)有限公司,"China Dongxiang (Group) Co., Ltd.",ZGDX,主板,L,20071010,,1000.0,KYG2112Y1098,HKD,3818,中国动向,0.3,0.0,0.0,0.0,0.02,5.980327868852459,0.1770491803278688,5.980327868852459,1768521907.8688524,1768521907.8688524,0.0,0.0,0.0,0.3,0.29,20.0,1639832.25,844647.5,2026/06/30 09:20:36,tencent,1639832.25,5.980327868852459,低PB高分红旁路,0.3339152119700748
06828.HK,北京燃气蓝天,北京燃气蓝天控股有限公司,Beijing Gas Blue Sky Holdings Limited,BJRQLT,主板,L,20110712,,8000.0,BMG095871098,HKD,6828,北京燃气蓝天,0.029,0.0,0.0,0.0,0.01,6.834333333333334,0.435,6.834333333333334,659347326.3000001,659347326.3000001,0.0,0.0,0.0,0.029,0.03,20.0,151033.2,124052.0,2026/06/30 09:20:36,tencent,151033.2,6.834333333333334,低PB高分红旁路,0.3339152119700748
00882.HK,天津发展,天津发展控股有限公司,Tianjin Development Holdings Limited,TJFZ,主板,L,19971210,,2000.0,HK0882007260,HKD,882,天津发展,2.11,0.0,0.0,0.0,0.01,5.285047619047619,0.1708095238095238,5.285047619047619,2263544964.252381,2263544964.252381,0.0,0.0,0.0,2.11,2.1,20.0,1344658.34,913100.0,2026/06/30 09:20:36,tencent,1344658.34,5.285047619047619,低PB高分红旁路,0.3339775561097257
00318.HK,黄河实业,黄河实业有限公司,Vongroup Ltd.,HHSY,主板,L,20011009,,5000.0,KYG9387J1132,HKD,318,黄河实业,0.91,1.11,10000.0,9250.0,0.02,23.725,0.4766666666666666,23.725,262315578.41666663,262315578.41666663,0.91,0.91,0.91,0.9,0.89,18.0,101646.18055555556,71600.0,2026/06/30 09:30:51,tencent,101646.18055555556,23.725,低PB高分红旁路,0.3345386533665835
00408.HK,叶氏化工集团,叶氏化工集团有限公司,Yip's Chemical Holdings Ltd.,YSHGJT,主板,L,19910822,,2000.0,KYG9842Z1164,HKD,408,叶氏化工集团,2.08,0.0,0.0,0.0,0.0,8.45,0.29,8.45,1161597000.0000002,1161597000.0000002,0.0,0.0,0.0,2.08,2.14,20.0,235966.5175,175230.0,2026/06/30 09:20:36,tencent,235966.5175,8.45,低PB高分红旁路,0.3346945137157107
00194.HK,廖创兴企业,廖创兴企业有限公司,Liu Chong Hing Investment Ltd.,LCXQY,主板,L,19721113,,2000.0,HK0194000995,HKD,194,廖创兴企业,4.28,0.0,0.0,0.0,0.0,134.50148837209304,0.1493023255813953,134.50148837209304,1620337123.2000003,1620337123.2000003,0.0,0.0,0.0,4.28,4.27,17.0,179141.17647058822,107900.0,2026/06/30 09:20:36,tencent,179141.17647058822,134.50148837209304,PE偏高,0.33572319201995016
00822.HK,嘉瑞国际,嘉瑞国际控股有限公司,Ka Shui International Holdings Ltd.,JRGJ,主板,L,20070627,,2000.0,KYG5217R1011,HKD,822,嘉瑞国际,0.375,0.0,0.0,0.0,0.0,-12.009493670886076,0.2848101265822784,-12.009493670886076,335160525.0,335160525.0,0.0,0.0,0.0,0.375,0.385,19.0,299849.4736842105,164390.0,2026/06/30 09:20:36,tencent,299849.4736842105,-12.009493670886076,负PE/亏损口径,0.33578553615960094
00018.HK,东方传媒集团,东方传媒集团有限公司,Oriental Media Group Limited,DFCMJT,主板,L,19870818,,2000.0,HK0018000155,HKD,18,东方传媒集团,0.26,0.0,0.0,0.0,0.0,46.7,0.37,46.7,623458653.0,623458653.0,0.0,0.0,0.0,0.26,0.26,17.0,53787.05882352941,46440.0,2026/06/30 09:20:36,tencent,53787.05882352941,46.7,PE偏高,0.33609725685785535
01568.HK,承达集团,承达集团有限公司,Sundart Holdings Ltd.,CDJT,主板,L,20151229,,2000.0,VGG857251026,HKD,1568,承达集团,0.63,0.0,0.0,0.0,0.02,5.137758620689656,0.3801724137931034,5.137758620689656,1373532300.0000002,1373532300.0000002,0.0,0.0,0.0,0.63,0.57,18.0,155436.66666666666,133980.0,2026/06/30 09:20:36,tencent,155436.66666666666,5.137758620689656,低PB高分红旁路,0.33653366583541144
09928.HK,时代邻里,时代邻里控股有限公司,Times Neighborhood Holdings Limited,SDLL,主板,L,20191219,,1000.0,KYG8903A1013,HKD,9928,时代邻里,0.465,0.0,0.0,0.0,0.0,24.21957446808511,0.3067021276595744,24.21957446808511,458337827.26595753,458337827.26595753,0.0,0.0,0.0,0.465,0.46,20.0,359028.00425,238327.5,2026/06/30 09:20:36,tencent,359028.00425,24.21957446808511,低PB高分红旁路,0.33715710723192016
00450.HK,鸿兴印刷集团,鸿兴印刷集团有限公司,Hung Hing Printing Group Ltd.,HXYSJT,主板,L,19920316,,2000.0,HK0450001869,HKD,450,鸿兴印刷集团,0.73,0.0,0.0,0.0,0.01,-8.395,0.2497368421052631,-8.395,662741430.7894738,662741430.7894738,0.0,0.0,0.0,0.73,0.76,18.0,120142.15555555554,81090.0,2026/06/30 09:20:36,tencent,120142.15555555554,-8.395,负PE/亏损口径,0.3375311720698254
01023.HK,时代集团控股,时代集团控股有限公司,Sitoy Group Holdings Limited,SDJTKG,主板,L,20111206,,1000.0,KYG8190E1052,HKD,1023,时代集团控股,0.46,0.0,0.0,0.0,0.03,-4.5806315789473695,0.2808421052631579,-4.5806315789473695,444097800.00000006,444097800.00000006,0.0,0.0,0.0,0.46,0.47,18.0,191232.22222222225,133565.0,2026/06/30 09:20:36,tencent,191232.22222222225,-4.5806315789473695,负PE/亏损口径,0.34806733167082293
