ts_code,latest_report_date,cash_like,strict_cash_like,total_liabilities,interest_debt,net_cash_after_all_liab,cash_to_liab,net_cash_to_mv,revenue_latest,revenue_cagr_3y,profit_latest,profit_cagr_3y,profit_positive_years,cfo_latest,cfo_positive_years,cfo_to_profit_latest,oneoff_ratio_latest,dps_latest,div_paid_latest,buyback_latest,shareholder_return_hkd,dps_yield_est,dividend_paid_yield_est,score,flags,name,fullname,market,list_date,price_hkd,total_mv_hkd,float_mv_hkd,turnover_hkd,liquidity_ref_hkd,pb,pe_ttm,pe_dynamic,prefilter_pe,static_exclusion_hint,annual_mmdd,annual_period,financial_source,special_label,watch_score
03601.HK,20251231,479260000.0,429260000.0,79431000.0,1741000.0,399829000.0,6.033664438317533,1.9818042131350682,1091373000.0,0.4484998697320677,26104000.0,-0.2442977210931474,4,26899000.0,3,1.030455102666258,0.4416181428133619,,24645000.0,,24645000.0,,0.12215613382899629,129.0582686857068,现金类资产>总负债;近年盈利稳定;经营现金流稳定;股东回报率较高,鲁大师,360鲁大师控股有限公司,主板,20191010,0.75,201750000.0,201750000.0,1500.0,167797.77777777778,0.2658227848101266,6.977848101265822,6.977848101265822,6.977848101265822,低PB高分红旁路,1231,FY-12-31,cache,可复核,77.07557170932256
01568.HK,20251231,3585994753.48,3585994753.48,3113044374.54,56131510.12,472950378.94000006,1.1519253573151798,0.3443314576147936,4638746437.36,0.035380117156582847,241409028.72,-0.020444159134611728,4,166505897.34,4,0.6897252278543529,0.14222002723776173,,389867687.24,,389867687.24,,0.28384311547678925,105.64623806679937,现金类资产>总负债;近年盈利稳定;经营现金流稳定;股东回报率较高,承达集团,承达集团有限公司,主板,20151229,0.63,1373532300.0000002,1373532300.0000002,0.0,155436.66666666666,0.3801724137931034,5.137758620689656,5.137758620689656,5.137758620689656,低PB高分红旁路,1231,FY-12-31,cache,可复核,73.8410333453956
00018.HK,20260331,495204273.4,495204273.4,123751623.15,10646611.1,371452650.25,4.001598207724195,0.5957935597855918,419232606.55,-0.10905748762258283,11788265.45,-0.5675999316909796,4,116075403.06,3,9.846690639291637,2.454947194966669,,154901629.65,,154901629.65,,0.24845533686096744,106.53269695656945,现金类资产>总负债;近年盈利稳定;经营现金流稳定;一次性/其他收益占比较高;股东回报率较高,东方传媒集团,东方传媒集团有限公司,主板,19870818,0.26,623458653.0,623458653.0,0.0,53787.05882352941,0.37,46.7,46.7,46.7,PE偏高,0331,FY-03-31,cache,可复核,70.65087831122841
03662.HK,20251231,1940552000.0,1940552000.0,996930000.0,65262000.0,943622000.0,1.9465278404702437,3.6091872250908397,1219825000.0,-0.09205663789257101,51568000.0,-0.3149551739931714,4,22171000.0,3,0.42993717033819423,-0.12835479367049332,,19448000.0,,19448000.0,,0.0743851596863645,113.49344291721586,现金类资产>总负债;近年盈利稳定;经营现金流稳定;股东回报率较高,星悦康旅,星悦康旅股份有限公司,主板,20190318,0.36,261450000.0,261450000.0,0.0,505010.46875,0.19125,4.57875,4.57875,4.57875,低PB高分红旁路,1231,FY-12-31,cache,可复核,68.85913237643054
03315.HK,20251231,1259341000.0,1259341000.0,420600000.0,7183000.0,838741000.0,2.9941535901093674,1.5307018933420657,930819000.0,-0.15270588648831462,40116000.0,-0.35199225265989553,4,160335000.0,4,3.996784325456177,0.8738657892112872,,40172000.0,3110000.0,43282000.0,,0.07898962772492496,122.17065379374412,现金类资产>总负债;近年盈利稳定;经营现金流稳定;一次性/其他收益占比较高;股东回报率较高,金邦达宝嘉,金邦达宝嘉控股有限公司,主板,20131204,0.68,547945360.0000001,547945360.0000001,0.0,447348.0,0.2463768115942029,12.338550724637685,12.338550724637685,12.338550724637685,低PB高分红旁路,1231,FY-12-31,cache,可复核,66.44617605191164
01778.HK,20251231,2249750000.0,2249750000.0,1466916000.0,19218000.0,782834000.0,1.533659732390948,2.864031821296095,2097055000.0,0.16949478843900234,23987000.0,-0.08544633786947975,4,122453000.0,4,5.104973527327302,0.18818526701963564,,17249000.0,,17249000.0,,0.0631062075555435,122.57058748807488,现金类资产>总负债;近年盈利稳定;经营现金流稳定;股东回报率较高,彩生活,彩生活服务集团有限公司,主板,20140630,0.147,273332856.9113924,273332856.9113924,0.0,182927.9,0.0558227848101265,10.29,10.29,10.29,低PB高分红旁路,1231,FY-12-31,cache,可复核,65.15156667964077
00922.HK,20250331,304260742.32,294498123.75,285991476.81,41148066.87,18269265.50999999,1.0638804544589182,0.07615137830715175,218183774.07,-0.047123485295166856,47136310.74,-0.07369395131137413,4,66863647.65,4,1.4185167782606993,0.11962097184697912,,37352467.08,,37352467.08,,0.1556954684225022,104.80707377086932,现金类资产>总负债;近年盈利稳定;经营现金流稳定;股东回报率较高,安贤园中国,安贤园中国控股有限公司,主板,19991221,0.108,239907220.54054052,239907220.54054052,0.0,173502.2,0.2627027027027027,8.669189189189188,8.669189189189188,8.669189189189188,低PB高分红旁路,0331,FY-03-31,cache,可复核,64.1398478401176
06138.HK,20251231,,,954557282000.0,29305817000.0,,,,14545995000.0,0.04163473534828377,1145550000.0,0.27340716217861316,4,54767480000.0,4,47.808895290471824,0.0,,574650000.0,,574650000.0,,0.18021315844002928,97.46814324357226,非严格净现金;近年盈利稳定;经营现金流稳定;股东回报率较高,哈尔滨银行,哈尔滨银行股份有限公司,主板,20140331,0.29,3188723869.967742,876835300.0,290.0,705018.75,0.0561290322580645,2.5164516129032255,2.5164516129032255,2.5164516129032255,低PB高分红旁路,1231,FY-12-31,cache,可复核,63.24736907638141
00050.HK,20251231,1906763355.06,1906763355.06,308380082.06,20134580.240000002,1598383273.0,6.183159892567284,0.9250286846320949,385902551.44,0.15465587588034357,302909278.52,-0.36091532502943924,4,63159464.94,3,0.20850950901403242,0.40045502525598903,,80447998.96,,80447998.96,,0.04655748587732683,89.41201398576317,现金类资产>总负债;近年盈利稳定;经营现金流稳定;股东回报率较高,香港小轮(集团),香港小轮(集团)有限公司,主板,19210101,4.85,1727928332.985386,1727928332.985386,0.0,539156.574,0.2328810020876826,5.153757828810019,5.153757828810019,5.153757828810019,低PB高分红旁路,1231,FY-12-31,cache,可复核,62.75357048499433
00184.HK,20251231,1220755119.98,1220755119.98,1772934150.88,1164185548.1599998,-552179030.9000001,0.6885507391089936,-0.699612589577125,1459985582.06,0.045671090796993274,232558375.94,0.5054665320629064,4,286780478.98,4,1.2331548060603472,0.26689762580735366,,152122118.84,,152122118.84,,0.1927392087311723,91.86257880952242,现金类资产>有息负债;近年盈利稳定;经营现金流稳定;股东回报率较高,激成投资,激成投资(香港)有限公司,主板,19730224,2.32,789264000.0000001,789264000.0000001,0.0,98623.07692307692,0.2280341880341879,3.063589743589744,3.063589743589744,3.063589743589744,低PB高分红旁路,1231,FY-12-31,cache,可复核,60.36064024346632
00681.HK,20251231,902183000.0,902183000.0,578440000.0,69460000.0,323743000.0,1.559682940322246,1.1688679880293917,2286332000.0,-0.07273896383875667,-163910000.0,,2,196627000.0,4,,-0.08241107925080837,,24795000.0,,24795000.0,,0.08952187927828174,103.63274451775521,现金类资产>总负债;经营现金流稳定;股东回报率较高,中民控股,中民控股有限公司,主板,19970424,0.031,276971397.38235295,276971397.38235295,0.0,383511.2153,0.1094117647058823,-1.5226470588235297,-1.5226470588235297,-1.5226470588235297,负PE/亏损口径,1231,FY-12-31,cache,反转观察,58.736440564867365
01599.HK,20251231,2640047828.05,2640047828.05,15969442281.71,4764786812.49,-13329394453.66,0.1653187244412211,-9.983194407584337,7527306503.62,-0.10310410737517162,515193735.86,-0.18711959284823065,4,307663040.24,4,0.5971793110535899,0.1435112337237182,,338420448.73,,338420448.73,,0.25346366205299303,62.28864486672146,非严格净现金;近年盈利稳定;经营现金流稳定;股东回报率较高,城建设计,北京城建设计发展集团股份有限公司,主板,20140708,0.99,1335183300.0,384057630.0,34720.0,457202.356,0.1494339622641509,2.3442452830188674,2.3442452830188674,2.3442452830188674,低PB高分红旁路,1231,FY-12-31,cache,可复核,57.61261374122362
02377.HK,20251231,672991000.0,440792000.0,1849544000.0,308219000.0,-1176553000.0,0.36386860761355233,-1.6582005143720706,2229805000.0,0.05475647536396333,239885000.0,0.1649101200876426,4,318208000.0,4,1.326502282343623,0.18645601017154054,,35838000.0,173374000.0,209212000.0,,0.29485747434481036,78.22238347548728,现金类资产>有息负债;近年盈利稳定;经营现金流稳定;股东回报率较高,博奇环保,中国博奇环保(控股)有限公司,主板,20180316,0.83,709536024.0227271,709536024.0227271,0.0,82362.47052631578,0.1980681818181817,2.669204545454545,2.669204545454545,2.669204545454545,低PB高分红旁路,1231,FY-12-31,cache,可复核,57.52173074426031
09982.HK,20251231,2575888000.0,2575888000.0,548983000.0,821000.0,2026905000.0,4.69210886311598,5.1406069155316985,187771000.0,-0.32319742712446753,47609000.0,-0.46092053776511854,4,32341000.0,4,0.6793043332143082,0.3704131571761642,,,,0.0,,0.0,92.9894767796005,现金类资产>总负债;近年盈利稳定;经营现金流稳定,中原建业,中原建业有限公司,主板,20210531,0.102,394292937.2553192,394292937.2553192,0.0,620805.4762,0.1410638297872339,7.476382978723404,7.476382978723404,7.476382978723404,低PB高分红旁路,1231,FY-12-31,cache,可复核,57.45740044016422
01733.HK,20251231,1925517815.14,1869703335.24,7855546402.96,3045899902.96,-5930028587.82,0.24511570759921392,-3.764686514174487,22798468663.28,-0.09483408959986628,285129392.82,-0.4234769882837156,4,275386358.68,4,0.9658294290755541,0.1923302321013935,,252846503.58,18857427.16,271703930.74,,0.17249160080037804,61.830755384173564,非严格净现金;近年盈利稳定;经营现金流稳定;股东回报率较高,易大宗,易大宗控股有限公司,主板,20101011,0.59,1575171947.3833332,1575171947.3833332,0.0,744420.725,0.177,4.9855,4.9855,4.9855,低PB高分红旁路,1231,FY-12-31,cache,可复核,57.073711768507714
00366.HK,20251231,556187521.26,556187521.26,307783053.64,,248404467.62,1.8070764932709633,0.6190038407487378,310875678.92,-0.10952362323817177,16324798.28,-0.30093106986033147,3,79514972.7,4,4.870808896757774,-0.963926081664269,,18152915.56,474190.5,18627106.06,,0.04641724162068067,101.33798941985472,现金类资产>总负债;近年盈利稳定;经营现金流稳定;股东回报率较高,陆氏集团(越南),陆氏集团(越南控股)有限公司,主板,19870107,0.8,401297134.63414645,401297134.63414645,0.0,212049.41176470587,0.1756097560975609,22.20487804878049,22.20487804878049,22.20487804878049,低PB高分红旁路,1231,FY-12-31,cache,可复核,56.96530538330697
00169.HK,20251231,339561042.9,339561042.9,775403531.36,2014180.6,-435842488.46000004,0.4379152649774953,-0.9096551817186825,106224994.54,-0.47392666263962946,1605443743.74,1.102988703951413,3,270717614.5,4,0.16862479022114052,0.0041778553413368575,,1960146366.72,,1960146366.72,,4.09105891835862,73.62685591976907,现金类资产>有息负债;近年盈利稳定;经营现金流稳定;股东回报率较高,万达酒店发展,万达酒店发展有限公司,主板,20020604,0.102,479129341.776,479129341.776,0.0,279070.897,0.2692799999999999,0.2692799999999999,0.2692799999999999,0.2692799999999999,低PB高分红旁路,1231,FY-12-31,cache,可复核,56.67842648141264
00716.HK,20251231,1343063104.0,1337158912.0,1439420923.2,399256926.40000004,-96357819.20000005,0.9330579279160501,-0.09192951873681408,3384676467.2,-0.1446019993991592,122378436.8,-0.2762016904083965,4,-333938288.0,1,-2.7287347079432545,0.2643156625122049,,190107953.6,,190107953.6,,0.18137119361547957,67.6283486443855,现金类资产>有息负债;近年盈利稳定;股东回报率较高,胜狮货柜,胜狮货柜企业有限公司,主板,19930708,0.44,1048170604.2197804,1048170604.2197804,0.0,662364.5,0.2417582417582417,7.736263736263736,7.736263736263736,7.736263736263736,低PB高分红旁路,1231,FY-12-31,cache,现金流待验证,55.00249528835882
01289.HK,20251231,349492000.0,349492000.0,195186000.0,,154306000.0,1.790558749090611,0.5740550595238095,184418000.0,-0.03939114092596563,33809000.0,0.1436215811053474,4,23582000.0,4,0.697506581087876,0.23990653376319915,,10240000.0,,10240000.0,,0.0380952380952381,98.41711573023494,现金类资产>总负债;近年盈利稳定;经营现金流稳定,盛力达科技,无锡盛力达科技股份有限公司,主板,20141111,2.1,268800000.0,67200000.0,42680.0,115763.05555555556,0.3253521126760563,7.177464788732395,7.177464788732395,7.177464788732395,低PB高分红旁路,1231,FY-12-31,cache,可复核,54.935419924953166
01008.HK,20251231,360339619.0,360339619.0,337116026.36,136112544.34,23223592.639999986,1.068889019874718,0.084640311495557,502668123.38,-0.1537289960873668,1333152.72,-0.37806959606671753,3,69858647.68,4,52.401084010840115,-6.5453929539295395,,28323172.76,,28323172.76,,0.10322615463121025,95.00070180970256,现金类资产>总负债;近年盈利稳定;经营现金流稳定;股东回报率较高,力图控股,力图控股有限公司,主板,20090330,0.175,274379810.6321839,274379810.6321839,7000.0,133877.0909090909,0.1307471264367815,185.89224137931035,185.89224137931035,185.89224137931035,PE偏高,1231,FY-12-31,cache,可复核,54.91487272824334
08512.HK,20251231,732773353.8,732773353.8,101784765.02,11049993.479999999,630988588.78,7.199243950271095,1.7391828690972482,811189107.76,0.09856931610020303,91645217.3,0.11983256451052648,4,182526310.48,4,1.9916621495096831,0.06315478243729365,,,,0.0,,0.0,117.57209109704047,现金类资产>总负债;近年盈利稳定;经营现金流稳定,凯富善集团控股,凯富善集团控股有限公司,创业板,20180719,0.395,362807500.00000006,362807500.00000006,0.0,220794.44444444444,0.4885526315789474,3.5757894736842104,3.5757894736842104,3.5757894736842104,低PB高分红旁路,1231,FY-12-31,cache,可复核,53.77955523061431
03818.HK,20250331,4791885000.0,3408648000.0,832421000.0,47219000.0,3959464000.0,5.756564286580949,2.2388549343849125,1680135000.0,-0.04279950379783948,207000000.0,,2,141647000.0,3,0.6842850241545894,1.5616618357487924,,112012000.0,,112012000.0,,0.06333650688838763,91.475232259753,现金类资产>总负债;经营现金流稳定;一次性/其他收益占比较高;股东回报率较高,中国动向,中国动向(集团)有限公司,主板,20071010,0.3,1768521907.8688524,1768521907.8688524,0.0,1639832.25,0.1770491803278688,5.980327868852459,5.980327868852459,5.980327868852459,低PB高分红旁路,0331,FY-03-31,cache,谨慎观察,53.32863729889338
02165.HK,20251231,823786000.0,823786000.0,338625000.0,,485161000.0,2.4327382798080475,1.1246606419542111,664471000.0,0.04774931795343895,79418000.0,0.010342340843149112,4,110273000.0,4,1.3885139389055379,0.18494547835503286,,153000.0,,153000.0,,0.00035467211548124083,103.19658449375864,现金类资产>总负债;近年盈利稳定;经营现金流稳定,领悦服务集团,领悦服务集团有限公司,主板,20210712,1.51,431384349.99999994,431384349.99999994,0.0,88377.5,0.555290322580645,4.909935483870967,4.909935483870967,4.909935483870967,低PB高分红旁路,1231,FY-12-31,cache,可复核,52.51932486618827
00603.HK,20251231,4580119330.38,4580119330.38,12929291721.3,6074784044.339999,-8349172390.919999,0.3542436375563103,-11.136760144873403,13691543466.24,-0.03948899484453472,72907015.18,-0.5182822124464892,3,1320885185.96,4,18.117394913217456,0.8619284183401676,,566831065.74,,566831065.74,,0.7560823188504978,59.033244455931566,非严格净现金;近年盈利稳定;经营现金流稳定;一次性/其他收益占比较高;股东回报率较高,中油燃气,中油燃气集团有限公司,主板,19930528,0.133,749694909.6783217,749694909.6783217,0.0,932776.696,0.186013986013986,9.291398601398605,9.291398601398605,9.291398601398605,低PB高分红旁路,1231,FY-12-31,cache,可复核,52.46806571458722
01556.HK,20251231,670509883.1,670509883.1,1042368266.76,15962607.06,-371858383.65999997,0.6432562314892319,-1.0118595473741496,2052962157.14,0.08369250171859743,120244775.38,0.11918330871482086,4,269100850.7,4,2.237942146339265,0.2299724327531943,,54193200.0,,54193200.0,,0.1474644897959184,87.20260914806427,现金类资产>有息负债;近年盈利稳定;经营现金流稳定;股东回报率较高,建业建荣,建业建荣控股有限公司,主板,20151111,0.245,367499999.99999994,367499999.99999994,0.0,59208.203125,0.4160377358490565,2.764339622641509,2.764339622641509,2.764339622641509,低PB高分红旁路,1231,FY-12-31,cache,可复核,51.679418752528846
01980.HK,20200930,1221376000.0,1085057000.0,163070000.0,,1058306000.0,7.4898877782547375,1.8704959500418779,297881000.0,-0.24225986682287337,74400000.0,-0.3216139798217953,4,113122000.0,3,1.5204569892473119,0.4425,,,,0.0,,0.0,95.42137631754258,现金类资产>总负债;近年盈利稳定;经营现金流稳定,天鸽互动,天鸽互动控股有限公司,主板,20140709,0.51,565788982.3157896,565788982.3157896,0.0,172988.94736842104,0.241578947368421,-54.91,-54.91,-54.91,负PE/亏损口径,0930,FY-09-30,cache,可复核,51.543405133087724
01023.HK,20250630,398880546.35,398880546.35,284684343.45,15637206.65,114196202.90000004,1.401132712519741,0.25714201443916185,1444747668.0,-0.029097319467123017,-162394584.3,,3,77221190.15,3,,0.09732470770578522,,52678791.75,2392044.85,55070836.6,,0.1240061009084035,94.16676456391251,现金类资产>总负债;近年盈利稳定;经营现金流稳定;股东回报率较高,时代集团控股,时代集团控股有限公司,主板,20111206,0.46,444097800.00000006,444097800.00000006,0.0,191232.22222222225,0.2808421052631579,-4.5806315789473695,-4.5806315789473695,-4.5806315789473695,负PE/亏损口径,0630,FY-06-30,cache,反转观察,51.12458128630119
01278.HK,20251231,5569013000.0,2196275000.0,4543980000.0,3756482000.0,1025033000.0,1.2255804382941826,1.672830852348908,388917000.0,0.08435611278431354,73295000.0,1.9987594685658148,4,-177224000.0,1,-2.4179548400300157,0.3813902721877345,,48590000.0,,48590000.0,,0.07929778954983248,98.27310148799222,现金类资产>总负债;近年盈利稳定;股东回报率较高,中国新城镇,中国新城镇发展有限公司,主板,20101022,0.063,612753524.0999999,612753524.0999999,0.0,189883.24565,0.1349999999999999,7.551,7.551,7.551,低PB高分红旁路,1231,FY-12-31,cache,现金流待验证,50.92621187223674
00382.HK,20250831,2463375000.0,2350467000.0,4725524000.0,2241661000.0,-2262149000.0,0.521291395409271,-3.971771431355888,2489038000.0,0.1386591046480814,513872000.0,-0.03253944417342547,4,914592000.0,4,1.779805087648286,0.18479310022729395,,78331000.0,,78331000.0,,0.13752976837049108,80.75337973235715,现金类资产>有息负债;近年盈利稳定;经营现金流稳定;股东回报率较高,中汇集团,中汇集团控股有限公司,主板,20190716,0.475,569556692.5480767,569556692.5480767,4750.0,478017.3765,0.1096153846153845,1.379326923076923,1.379326923076923,1.379326923076923,低PB高分红旁路,0831,FY-08-31,cache,可复核,50.91548625517335
01890.HK,20250831,1163742000.0,1163742000.0,2830073000.0,1160859000.0,-1666331000.0,0.4112056473454925,-0.9967129401980691,1872180000.0,0.09150038132909799,748091000.0,0.020344049303066658,4,811386000.0,4,1.0846086906539445,0.22157197453251007,,240615000.0,,240615000.0,,0.14392343664359505,73.87918142595254,现金类资产>有息负债;近年盈利稳定;经营现金流稳定;股东回报率较高,中国科培,中国科培教育集团有限公司,主板,20190125,0.83,1671826393.333333,1671826393.333333,0.0,792255.511,0.2459259259259258,2.110864197530864,2.110864197530864,2.110864197530864,低PB高分红旁路,0831,FY-08-31,cache,可复核,50.516286637129056
00296.HK,20250331,984129905.5799999,984129905.5799999,372318531.99,25294770.3,611811373.5899999,2.6432471688152024,2.653505088446363,772367182.65,0.3180695167956964,-174284750.97,,1,175099609.86,2,,-1.7078614204247615,,16451290.41,,16451290.41,,0.07135137511140471,96.40541253342141,现金类资产>总负债;股东回报率较高,英皇娱乐酒店,英皇娱乐酒店有限公司,主板,19881230,0.194,230567250.93684208,230567250.93684208,0.0,98582.77765,0.0612631578947367,-3.369473684210526,-3.369473684210526,-3.369473684210526,负PE/亏损口径,0331,FY-03-31,cache,谨慎观察,50.371375331909576
00717.HK,20250930,3732384579.32,3732384579.32,2104850739.54,5402102.66,1627533839.7800002,1.7732300486711405,4.024059454469652,666358538.56,0.1283745647922796,134149629.28,,2,915042421.82,4,6.821058147765013,-2.326121576740894,,,,0.0,,0.0,101.91814087608053,现金类资产>总负债;经营现金流稳定,英皇资本,英皇资本集团有限公司,主板,20070424,0.06,404450743.880597,404450743.880597,0.0,809114.5063,0.1074626865671641,3.116417910447761,3.116417910447761,3.116417910447761,低PB高分红旁路,0930,FY-09-30,cache,谨慎观察,49.915388920582124
00882.HK,20251231,5528541878.5,4718384247.98,4362172344.38,1802945441.8200002,1166369534.12,1.2673827263204516,0.5152844553742878,2886870860.78,-0.044537254051221886,386525773.24,0.06505507831147495,4,42255341.26,2,0.10932088927938832,1.4112496553271237,,196510865.74,,196510865.74,,0.08681553441325385,72.34277350027202,现金类资产>总负债;近年盈利稳定;一次性/其他收益占比较高;股东回报率较高,天津发展,天津发展控股有限公司,主板,19971210,2.11,2263544964.252381,2263544964.252381,0.0,1344658.34,0.1708095238095238,5.285047619047619,5.285047619047619,5.285047619047619,低PB高分红旁路,1231,FY-12-31,cache,可复核,49.89390613674699
01170.HK,20250331,325476604.02,325476604.02,297734488.56,4040149.74,27742115.45999998,1.0931773661633066,0.09387963579060359,577577149.08,-0.054548693245125346,-31274708.7,,2,3719927.73,3,,0.8379167896134553,,55821063.87,11647960.26,67469024.13,,0.2283159487820778,72.1242652882277,现金类资产>总负债;经营现金流稳定;一次性/其他收益占比较高;股东回报率较高,信星集团,信星鞋业集团有限公司,主板,19940929,0.44,295507276.1666667,295507276.1666667,0.0,104859.0,0.2841666666666667,-10.7525,-10.7525,-10.7525,负PE/亏损口径,0331,FY-03-31,cache,反转观察,49.70552927733856
00606.HK,20251231,1331659000.0,1331659000.0,735636000.0,2043000.0,596023000.0,1.8102145626369563,1.2320888888888888,1192737000.0,0.0029138776619273,57916000.0,-0.3470743553629293,4,146504000.0,4,2.529594585261413,0.9036881000069066,,,,0.0,,0.0,90.51154004234597,现金类资产>总负债;近年盈利稳定;经营现金流稳定;一次性/其他收益占比较高,中骏商管,中骏商管智慧服务控股有限公司,主板,20210702,0.25,483750000.00000006,483750000.00000006,5000.0,186885.58823529413,0.1583333333333333,7.541666666666669,7.541666666666669,7.541666666666669,低PB高分红旁路,1231,FY-12-31,cache,可复核,49.14628742074299
01285.HK,20251231,448536000.0,448536000.0,1221040000.0,720890000.0,-772504000.0,0.36733931730328245,-1.861455421686747,1627152000.0,-0.026557785292514957,108763000.0,0.18949452512102494,4,202185000.0,4,1.8589501944595128,0.39586991899818874,,58303000.0,,58303000.0,,0.14048915662650602,80.52316074157744,非严格净现金;近年盈利稳定;经营现金流稳定;股东回报率较高,嘉士利集团,嘉士利集团有限公司,主板,20140925,1.0,415000000.0,415000000.0,0.0,156134.59777777776,0.3584905660377358,3.443396226415094,3.443396226415094,3.443396226415094,低PB高分红旁路,1231,FY-12-31,cache,可复核,49.14246363573019
01110.HK,20251231,274586000.0,264410000.0,753537000.0,433866000.0,-478951000.0,0.3643961743086272,-2.1079430048962977,917341000.0,-0.01424961690915394,11282000.0,-0.20836404250816154,4,84559000.0,4,7.495036341074278,1.6968622584648112,,40646000.0,,40646000.0,,0.1788898057985366,60.39185028739206,非严格净现金;近年盈利稳定;经营现金流稳定;一次性/其他收益占比较高;股东回报率较高,金活医药集团,金活医药集团有限公司,主板,20101125,0.365,227212500.0,227212500.0,0.0,573520.0,0.3284999999999999,18.186124999999997,18.186124999999997,18.186124999999997,低PB高分红旁路,1231,FY-12-31,cache,可复核,48.95279160880461
01036.HK,20251231,1239958480.4,1239958480.4,185594548.82,16438604.0,1054363931.5800002,6.681007003080578,1.691733513122133,538955890.1,0.19537761044021784,-83451205.46,,2,272319023.56,3,,-0.757643977357592,,21110057.84,,21110057.84,,0.03387121964458523,95.16136589337557,现金类资产>总负债;经营现金流稳定,万科海外,万科海外投资控股有限公司,主板,19961108,1.6,623244691.5555556,623244691.5555556,0.0,146466.11111111112,0.151111111111111,-6.746666666666666,-6.746666666666666,-6.746666666666666,负PE/亏损口径,1231,FY-12-31,cache,反转观察,48.7086558986793
01702.HK,20251231,577675000.0,577675000.0,283498000.0,28171000.0,294177000.0,2.0376686960754573,0.2979608163249431,2383719000.0,-0.08686682190438899,140023000.0,-0.1035709263121476,4,323274000.0,4,2.3087207101690437,0.36688972525942165,,20818000.0,,20818000.0,,0.021085769024269965,96.61900853912408,现金类资产>总负债;近年盈利稳定;经营现金流稳定,东光化工,东光化工有限公司,主板,20170711,1.59,987300960.0,987300960.0,0.0,58613.333333333336,0.46,6.37,6.37,6.37,低PB高分红旁路,1231,FY-12-31,cache,可复核,48.53153328022687
03828.HK,20251231,386467063.94,377875635.3,623299476.92,35753060.48,-236832412.97999996,0.6200343145636921,-0.4244006908272137,2022081065.34,0.08079457548123736,90985866.7,0.1049102149321044,4,185843837.54,4,2.0425572045465823,0.07701394748597806,,65338934.8,,65338934.8,,0.11708654536816297,96.67020714817028,现金类资产>有息负债;近年盈利稳定;经营现金流稳定;股东回报率较高,明辉国际,明辉国际控股有限公司,主板,20071102,0.76,558039650.025974,558039650.025974,0.0,132549.47368421053,0.4046753246753246,5.537142857142857,5.537142857142857,5.537142857142857,低PB高分红旁路,1231,FY-12-31,cache,可复核,47.261682225004186
06989.HK,20251231,1363004000.0,1104730000.0,1626279000.0,7327000.0,-263275000.0,0.8381120336670399,-0.3922502582720815,4019477000.0,0.04449198068968507,102896000.0,-0.3658570960802733,4,344243000.0,2,3.3455430726170112,0.3104882599906702,,74141000.0,,74141000.0,,0.11046178482024649,76.90554687823385,现金类资产>有息负债;近年盈利稳定;股东回报率较高,卓越商企服务,卓越商企服务集团有限公司,主板,20201019,0.55,671191400.0000001,671191400.0000001,0.0,168694.5,0.1584745762711864,5.891525423728814,5.891525423728814,5.891525423728814,低PB高分红旁路,1231,FY-12-31,cache,可复核,46.50109082204338
01522.HK,20251231,1482433308.72,1482433308.72,1779862751.5,312953988.14,-297429442.78,0.8328919224084341,-0.5788806813679918,1603891108.56,0.030882068658321327,121007996.28,-0.08913131765244997,4,185225131.84,3,1.530685058294893,0.14318449848478065,,49029491.26,,49029491.26,,0.09542506969865897,78.10212474255441,现金类资产>有息负债;近年盈利稳定;经营现金流稳定;股东回报率较高,京投交通科技,京投轨道交通科技控股有限公司,主板,20131206,0.245,513800947.8518518,513800947.8518518,0.0,404699.775,0.1724074074074074,3.838333333333334,3.838333333333334,3.838333333333334,低PB高分红旁路,1231,FY-12-31,cache,可复核,44.88590863192065
01240.HK,20251231,979084157.46,979084157.46,4610771004.3,2171271332.06,-3631686846.84,0.2123471663517679,-14.070066522827384,8108817419.94,0.031460530533172104,60718964.5,,2,967788488.14,2,15.938817404239494,0.7417924879137227,,189129751.9,,189129751.9,,0.7327361369260912,50.92073913936715,非严格净现金;一次性/其他收益占比较高;股东回报率较高,青建国际,青建国际控股有限公司,主板,20121018,0.17,258114404.8571429,258114404.8571429,0.0,70182.8125,0.1068571428571428,3.8371428571428576,3.8371428571428576,3.8371428571428576,低PB高分红旁路,1231,FY-12-31,cache,谨慎观察,44.2979739630422
03838.HK,20251231,1858562000.0,1858562000.0,2172074000.0,1329869000.0,-313512000.0,0.8556623761437225,-0.3480997871170341,10058486000.0,-0.055789531243889634,184928000.0,-0.1931063424604652,4,298913000.0,4,1.6163750216300399,0.6577208427063506,,80305000.0,,80305000.0,,0.08916454044640532,77.75791152199086,现金类资产>有息负债;近年盈利稳定;经营现金流稳定;一次性/其他收益占比较高;股东回报率较高,中国淀粉,中国淀粉控股有限公司,主板,20070927,0.151,900638298.5652175,900638298.5652175,96970.0,862629.4188999999,0.1875776397515526,4.398695652173913,4.398695652173913,4.398695652173913,低PB高分红旁路,1231,FY-12-31,cache,可复核,44.286015827151886
01216.HK,20251231,,,1314967957000.0,,,,,26507022000.0,0.011525930968330877,3588598000.0,-0.005654757607441385,4,94802980000.0,3,26.417832256496826,0.0,,995347000.0,,995347000.0,,0.09725931321461279,80.06469881223501,非严格净现金;近年盈利稳定;经营现金流稳定;股东回报率较高,中原银行,中原银行股份有限公司,主板,20170719,0.28,10233950529.793104,1944600000.0,0.0,325044.75,0.1158620689655172,2.577931034482759,2.577931034482759,2.577931034482759,低PB高分红旁路,1231,FY-12-31,cache,可复核,44.00852288508297
01460.HK,20260331,216312154.6,175243501.25,428949471.3,32683277.2,-212637316.70000002,0.5042835323807053,-1.0534643095307592,1054277618.0,0.11137721234571551,25439555.4,0.3838316440004501,4,81532030.5,3,3.2049314234477544,0.47848118839372483,,25532860.44,,25532860.44,,0.12649688028051492,82.011962202137,现金类资产>有息负债;近年盈利稳定;经营现金流稳定;股东回报率较高,扬科集团,扬科集团有限公司,主板,20161012,0.23,201845771.875,201845771.875,0.0,219276.66666666663,0.3545833333333333,11.845,11.845,11.845,低PB高分红旁路,0331,FY-03-31,cache,可复核,43.98048557617154
00591.HK,20250630,2912832000.0,2912832000.0,95807000.0,147000.0,2817025000.0,30.40312294508752,11.703469048608225,193546000.0,0.1184278096599145,17445000.0,,1,34775000.0,3,1.993407853253081,0.5995414158784752,,,,0.0,,0.0,88.75276583548295,现金类资产>总负债;经营现金流稳定;一次性/其他收益占比较高,中国高精密,中国高精密自动化集团有限公司,主板,20091113,0.232,240700000.0,240700000.0,0.0,388155.581,0.1305627705627705,38.505974025974034,38.505974025974034,38.505974025974034,PE偏高,0630,FY-06-30,cache,谨慎观察,43.53626101010942
00829.HK,20251231,534126000.0,533845000.0,638303000.0,405856000.0,-104177000.0,0.8367906777815551,-0.2054022221777064,1023274000.0,-0.0028763748793052546,-69773000.0,,3,-88461000.0,2,,0.48836942656901666,,118328000.0,,118328000.0,,0.23330326411629862,66.91536352639649,现金类资产>有息负债;近年盈利稳定;股东回报率较高,神冠控股,神冠控股(集团)有限公司,主板,20091013,0.157,507185360.0,507185360.0,0.0,86307.55555555556,0.214090909090909,-6.565454545454545,-6.565454545454545,-6.565454545454545,负PE/亏损口径,1231,FY-12-31,cache,谨慎观察,43.22565979414473
02001.HK,20250831,828766000.0,828766000.0,5814449000.0,2613697000.0,-4985683000.0,0.14253560397554438,-4.359157682834089,2599427000.0,0.10592776465427223,829161000.0,0.1017465314075976,4,1252685000.0,4,1.5107862043680298,0.5683781557502101,,149304000.0,2291000.0,151595000.0,,0.13254483065394126,69.86632326565348,非严格净现金;近年盈利稳定;经营现金流稳定;一次性/其他收益占比较高;股东回报率较高,新高教集团,中国新高教集团有限公司,主板,20170419,0.58,1143726234.0,1143726234.0,0.0,1057981.9300000002,0.19,1.22,1.22,1.22,低PB高分红旁路,0831,FY-08-31,cache,可复核,43.17411396206479
01250.HK,20251231,5044083000.0,4616294000.0,28797121000.0,25626617000.0,-23753038000.0,0.1751592806794818,-9.525167238441501,4408662000.0,-0.02324275458604419,228773000.0,-0.0027552831420604162,4,3600244000.0,4,15.737189266215855,0.5772884037889087,,322480000.0,,322480000.0,,0.1293171817033516,72.17030054392256,非严格净现金;近年盈利稳定;经营现金流稳定;一次性/其他收益占比较高;股东回报率较高,山高新能源,山高新能源集团有限公司,主板,20130705,1.11,2493713486.114754,2493713486.114754,0.0,104746.12105263158,0.1637704918032786,9.844426229508198,9.844426229508198,9.844426229508198,低PB高分红旁路,1231,FY-12-31,cache,可复核,42.98782262076196
00912.HK,20250331,258687705.60000002,258684937.11,272519081.64,5513909.25,-13831376.039999962,0.9492462107359098,-0.04455681665969215,1280894499.81,-0.05235397917415496,31742583.51,-0.11499530150791426,4,174829220.67,4,5.507718696397941,0.13001133819809868,,21025758.72,,21025758.72,,0.06773302046800297,88.83338677855673,现金类资产>有息负债;近年盈利稳定;经营现金流稳定;股东回报率较高,信佳国际,信佳国际集团有限公司,主板,20020918,1.09,310421100.0,310421100.0,0.0,84914.11764705883,0.3877884615384615,9.568942307692309,9.568942307692309,9.568942307692309,低PB高分红旁路,0331,FY-03-31,cache,可复核,42.934495742157914
01314.HK,20250331,135266575.74,135266575.74,357317930.34,229091624.67000002,-222051354.59999996,0.3785608396737587,-1.0631511259879645,836120893.2,0.012474232674549501,11389567.86,,3,97505294.97,4,8.560930157186842,1.8727920920434291,,44166643.8,9382412.61,53549056.41,,0.25638546416633534,59.81409511412765,非严格净现金;近年盈利稳定;经营现金流稳定;一次性/其他收益占比较高;股东回报率较高,翠华控股,翠华控股有限公司,主板,20121126,0.148,208861514.7669173,208861514.7669173,0.0,90413.25,0.4451127819548872,19.29563909774436,19.29563909774436,19.29563909774436,低PB高分红旁路,0331,FY-03-31,cache,可复核,42.75860946282265
01697.HK,20251231,4406085969.53,160740677.64,2436447730.72,3780060.31,1969638238.81,1.8084057022753974,1.5099052945392712,688161274.21,-0.22280003193805664,55112662.94,-0.41859876091193904,4,-221031903.8,1,-4.010546615042587,0.6214930570001596,,42221722.23,,42221722.23,,0.032366756840667296,75.80341300915542,现金类资产>总负债;近年盈利稳定;一次性/其他收益占比较高,山东国信,山东省国际信托股份有限公司,主板,20171208,0.28,1304478000.0000002,326125800.00000006,0.0,66101.0,0.106206896551724,21.376551724137936,21.376551724137936,21.376551724137936,低PB高分红旁路,1231,FY-12-31,cache,现金流待验证,42.63098991781664
01260.HK,20250331,867443589.06,789849274.17,104041699.86,,763401889.1999999,8.33746075109542,1.50679427370643,176109185.88,-0.10569407484624094,38039975.43,,2,50067218.82,4,1.3161737949103613,1.1427427767400111,,,,0.0,,0.0,86.81647703840275,现金类资产>总负债;经营现金流稳定;一次性/其他收益占比较高,皓天财经集团,皓天财经集团控股有限公司,主板,20120330,0.44,506639760.0,506639760.0,10560.0,279167.64705882355,0.3232653061224489,7.300408163265307,7.300408163265307,7.300408163265307,低PB高分红旁路,0331,FY-03-31,cache,谨慎观察,42.449151062909756
09983.HK,20251231,415514000.0,413398000.0,2364709000.0,59500000.0,-1949195000.0,0.17571464395830522,-4.412869510851222,2768451000.0,-0.04193666096634885,157484000.0,-0.34571582497901987,3,-524144000.0,2,-3.3282365192654493,0.009753371771100557,,130617000.0,140000.0,130757000.0,,0.29602660515257495,41.13150663041589,现金类资产>有息负债;近年盈利稳定;股东回报率较高,建业新生活,建业新生活有限公司,主板,20200515,0.34,441706920.0,441706920.0,0.0,164185.5,0.21,2.53,2.53,2.53,低PB高分红旁路,1231,FY-12-31,cache,现金流待验证,42.33210139536881
02210.HK,20251231,1220223000.0,1220223000.0,1637797000.0,123431000.0,-417574000.0,0.7450392203673594,-1.581713945282623,2292046000.0,0.13510567310807442,51975000.0,-0.23079376116664507,4,71301000.0,4,1.3718326118326118,0.0,,21515000.0,,21515000.0,,0.08149591577242749,68.2182663696687,现金类资产>有息负债;近年盈利稳定;经营现金流稳定;股东回报率较高,京城佳业,北京京城佳业物业股份有限公司,主板,20211110,1.8,264000960.00000003,66000960.00000001,0.0,265864.0,0.2680851063829788,4.586170212765958,4.586170212765958,4.586170212765958,低PB高分红旁路,1231,FY-12-31,cache,可复核,42.25641926820177
01525.HK,20251231,447112000.0,392078000.0,1171465000.0,282201000.0,-724353000.0,0.3816691066314401,-0.9333844468784226,1004586000.0,0.0833425176756768,242548000.0,0.025452349212257364,4,441671000.0,4,1.8209632732490064,0.20127974668931511,,72623000.0,,72623000.0,,0.09358031054700082,72.67138214337682,现金类资产>有息负债;近年盈利稳定;经营现金流稳定;股东回报率较高,建桥教育,上海建桥教育集团有限公司,主板,20200116,1.87,776050000.0000001,776050000.0000001,0.0,789676.5,0.2785106382978723,2.894521276595745,2.894521276595745,2.894521276595745,低PB高分红旁路,1231,FY-12-31,cache,可复核,42.19800677660316
00730.HK,20251231,275911129.5,275911129.5,92116698.14,5410287.8,183794431.36,2.9952346867738044,0.3718710787594918,140518451.5,-0.2484920931565311,26429120.42,0.26760703391036134,4,-1042315.88,1,-0.03943816000820204,0.39663716209288813,,23033916.44,89418.78,23123335.220000003,,0.04678541971674866,81.57805790826903,现金类资产>总负债;近年盈利稳定;股东回报率较高,首惠产业金融,首惠产业金融服务集团有限公司,主板,19910808,0.125,494242337.89062506,494242337.89062506,0.0,118348.6,0.341796875,16.894531250000004,16.894531250000004,16.894531250000004,低PB高分红旁路,1231,FY-12-31,cache,现金流待验证,41.97156913969004
01969.HK,20250831,832303000.0,832303000.0,3122385000.0,1959835000.0,-2290082000.0,0.26656001742257923,-2.097144688644688,1790614000.0,0.11002388732987867,835546000.0,0.14800097955154357,4,1199166000.0,4,1.435188487527916,0.16882254238545813,,113840000.0,,113840000.0,,0.10424908424908423,72.4884625709604,非严格净现金;近年盈利稳定;经营现金流稳定;股东回报率较高,中国春来,中国春来教育集团有限公司,主板,20180913,0.91,1092000000.0000002,1092000000.0000002,0.0,359895.6,0.1949999999999999,1.132857142857143,1.132857142857143,1.132857142857143,低PB高分红旁路,0831,FY-08-31,cache,可复核,41.22204850166232
00543.HK,20251231,228138000.0,202735000.0,246880000.0,579000.0,-18742000.0,0.9240845755022683,-0.06601633853304267,646967000.0,-0.07359485932219478,4923000.0,,2,-7410000.0,2,-1.5051797684338817,1.8553727401990656,,51095000.0,303000.0,51398000.0,,0.18104299263266072,53.57726094251214,现金类资产>有息负债;一次性/其他收益占比较高;股东回报率较高,太平洋网络,太平洋网络有限公司,主板,20071218,0.25,283899416.6666666,283899416.6666666,0.0,60411.22083333333,0.3981481481481481,52.08333333333333,52.08333333333333,52.08333333333333,PE偏高,1231,FY-12-31,cache,现金流待验证,40.901615156644546
02120.HK,20251231,294039860.88,294039860.88,1713937472.68,1004672285.3600001,-1419897611.8000002,0.1715581026536658,-2.555076176344007,1619784410.78,0.02940523526873884,54395979.83,,3,439969557.92,4,8.088273421951522,0.5072162923845984,,74417907.34,,74417907.34,,0.13391347415308738,68.00145033915081,非严格净现金;近年盈利稳定;经营现金流稳定;一次性/其他收益占比较高;股东回报率较高,康宁医院,温州康宁医院股份有限公司,主板,20151120,7.68,555716352.0,150519552.0,0.0,94665.33333333331,0.4205714285714285,9.225142857142856,9.225142857142856,9.225142857142856,低PB高分红旁路,1231,FY-12-31,cache,可复核,40.127266763247746
02619.HK,20251231,981950000.0,981950000.0,832019000.0,497184000.0,149931000.0,1.1802014136696397,0.3896739732649294,1289801000.0,0.05546372745135897,50723000.0,-0.14184292275757115,4,15126000.0,4,0.298207913569781,0.3079668000709737,,,,0.0,,0.0,63.331612270847515,现金类资产>总负债;近年盈利稳定;经营现金流稳定,香江电器,湖北香江电器集团股份有限公司,主板,20250625,1.41,384760107.90196073,96190200.0,0.0,90160.52631578948,0.3133333333333332,6.847254901960784,6.847254901960784,6.847254901960784,低PB高分红旁路,1231,FY-12-31,cache,可复核,39.70126661205403
03689.HK,20251231,742176000.0,292176000.0,1152581000.0,326069000.0,-410405000.0,0.643925242564297,-0.8021632029626826,2024200000.0,0.03126281394205144,99591000.0,0.18601230657533163,4,282664000.0,4,2.838248436103664,0.617646172846944,,49805000.0,,49805000.0,,0.09734710425934481,80.26866645390116,现金类资产>有息负债;近年盈利稳定;经营现金流稳定;一次性/其他收益占比较高;股东回报率较高,康华医疗,广东康华医疗集团股份有限公司,主板,20161108,1.53,511622819.99999994,129122820.0,0.0,57328.57142857143,0.3076630434782608,4.639891304347826,4.639891304347826,4.639891304347826,低PB高分红旁路,1231,FY-12-31,cache,可复核,39.0734916435938
01596.HK,20251231,341926826.56,341926826.56,1154717201.77,373183804.5,-812790375.21,0.29611304485278295,-2.3822975586143587,1667135143.7,0.09832977936764964,284370384.48,0.20871510153498551,3,265060405.09,3,0.9320956736570503,0.25106587382703105,,33143735.25,,33143735.25,,0.09714465374794243,57.09170786576456,非严格净现金;近年盈利稳定;经营现金流稳定;股东回报率较高,翼辰实业,河北翼辰实业集团股份有限公司,主板,20161221,0.38,341179200.0,85294800.0,0.0,313921.5,0.1154430379746835,1.0870886075949366,1.0870886075949366,1.0870886075949366,低PB高分红旁路,1231,FY-12-31,cache,可复核,38.62435345040171
00408.HK,20100331,884774911.96,884774911.96,1893514568.6,924184190.02,-1008739656.6399999,0.4672659649057638,-0.8684075945788424,4796797481.24,0.07377872483807102,332401430.08,0.14508808043390253,4,-77072425.2,3,-0.23186550425324814,0.1586186465783571,,154516760.46,,154516760.46,,0.1330209706636639,66.51460370478003,非严格净现金;近年盈利稳定;经营现金流稳定;股东回报率较高,叶氏化工集团,叶氏化工集团有限公司,主板,19910822,2.08,1161597000.0000002,1161597000.0000002,0.0,235966.5175,0.29,8.45,8.45,8.45,低PB高分红旁路,0331,FY-03-31,cache,现金流待验证,37.49628319044719
01222.HK,20260331,1076903211.75,1003080645.2,5667105972.15,3829668480.2000003,-4590202760.4,0.19002701150150578,-15.429219993907713,2055499653.45,-0.10236002810189926,-710221140.35,,1,1088650554.21,2,,0.08622492301457159,,96194876.37,,96194876.37,,0.3233434310579665,37.38578713085224,非严格净现金;股东回报率较高,WANG ON GROUP,宏安集团有限公司,主板,19950228,0.021,297500635.95,297500635.95,0.0,113600.7796,0.0735,-0.2205,-0.2205,-0.2205,负PE/亏损口径,0331,FY-03-31,cache,谨慎观察,37.23300572708779
00951.HK,20251231,7596326000.0,7504750000.0,16872556000.0,9871547000.0,-9276230000.0,0.45021785673729575,-6.316854089522196,54400453000.0,0.1943511564997069,360917000.0,-0.04714326941202873,4,678587000.0,4,1.8801746661974914,1.5267277518099729,,153397000.0,,153397000.0,,0.104459081628036,59.54017785102148,非严格净现金;近年盈利稳定;经营现金流稳定;一次性/其他收益占比较高;股东回报率较高,超威动力,超威动力控股有限公司,主板,20100707,1.33,1468488882.050725,1468488882.050725,0.0,1424540.0,0.2023913043478261,3.6719565217391312,3.6719565217391312,3.6719565217391312,低PB高分红旁路,1231,FY-12-31,cache,可复核,37.05166766700444
02369.HK,20251231,441479484.48,441479484.48,2303193838.82,1108001651.28,-1861714354.3400002,0.19168142821456316,-8.371272516744698,246701897.92,-0.026344069249302438,-100241162.04,,0,21080251.58,1,,0.13677893712493916,,,89644585.0,89644585.0,,0.40309043593936494,26.80891846236287,非严格净现金;股东回报率较高,酷派集团,酷派集团有限公司,主板,20041209,0.67,222393232.40476197,222393232.40476197,0.0,1291346.2295,0.135595238095238,-2.0020238095238096,-2.0020238095238096,-2.0020238095238096,负PE/亏损口径,1231,FY-12-31,cache,谨慎观察,36.86245634679555
03813.HK,20251231,1514649000.0,1294068000.0,3159058000.0,1142220000.0,-1644409000.0,0.4794622320957703,-0.8838864660058643,17132127000.0,-0.027692066271774562,210771000.0,0.3321110707922623,4,550975000.0,4,2.614093020387055,2.039417187373975,,203780000.0,,203780000.0,,0.10953381065335632,71.99050133348217,现金类资产>有息负债;近年盈利稳定;经营现金流稳定;一次性/其他收益占比较高;股东回报率较高,宝胜国际,宝胜国际(控股)有限公司,主板,20080606,0.35,1860430115.4545453,1860430115.4545453,0.0,235319.55,0.1909090909090909,6.3909090909090915,6.3909090909090915,6.3909090909090915,低PB高分红旁路,1231,FY-12-31,cache,可复核,36.82944434039959
01118.HK,20251231,727652096.4,727652096.4,1087833651.9,551355294.26,-360181555.5000001,0.6689001531889454,-0.5452877419367469,3266123906.58,-0.05048611083762744,136598476.7,0.2642725792991667,4,1416483797.2,4,10.369689555989025,0.11905312923595729,,44821389.28,,44821389.28,,0.06785620689829884,83.52927499105458,现金类资产>有息负债;近年盈利稳定;经营现金流稳定;股东回报率较高,高力集团,高力集团有限公司,主板,19940715,1.15,660534847.5663717,660534847.5663717,0.0,100575.0,0.4376106194690264,4.365929203539824,4.365929203539824,4.365929203539824,低PB高分红旁路,1231,FY-12-31,cache,可复核,36.71845895788189
01900.HK,20251231,802754000.0,699435000.0,998094000.0,283468000.0,-195340000.0,0.8042869709666625,-0.5185273812921775,927849000.0,0.09103937121050776,70488000.0,0.13280285449919682,4,283378000.0,3,4.0202303938259,5.950956191124731,,41346000.0,,41346000.0,,0.10975239636995172,74.76250337769454,现金类资产>有息负债;近年盈利稳定;经营现金流稳定;一次性/其他收益占比较高;股东回报率较高,中国智能交通,中国智能交通系统(控股)有限公司,主板,20100715,0.219,376720703.76150626,376720703.76150626,0.0,52505.57894736842,0.1832635983263597,4.828995815899582,4.828995815899582,4.828995815899582,低PB高分红旁路,1231,FY-12-31,cache,可复核,36.553628593781966
01203.HK,20251231,866327979.1,866327979.1,1955912071.36,797491776.4599999,-1089584092.2599998,0.4429278758413808,-1.846954187991492,10965422281.74,0.13880669573090643,100813803.52,-0.059523515304348185,4,297041961.4,4,2.946441370412844,0.2609572104357798,,40988123.6,,40988123.6,,0.06947897558224299,64.49443760850143,现金类资产>有息负债;近年盈利稳定;经营现金流稳定;股东回报率较高,广南(集团),粤海广南(集团)有限公司,主板,19941209,0.65,589935635.2985075,589935635.2985075,26000.0,74133.0,0.2134328358208955,5.287313432835822,5.287313432835822,5.287313432835822,低PB高分红旁路,1231,FY-12-31,cache,可复核,36.52871215450964
00235.HK,20251231,1706835608.06,1685331746.3,191382382.58,13567267.620000001,1515453225.48,8.918457305475979,3.7170329987060606,32645983.68,-0.5166197588940374,-11983922.96,,2,290651679.9,4,,1.7824841724449803,,,,0.0,,0.0,72.0,现金类资产>总负债;经营现金流稳定;一次性/其他收益占比较高,中策资本控股,中策资本控股有限公司,主板,19721204,0.02,407705077.14285713,407705077.14285713,4000.0,334570.46525,0.1809523809523809,-30.72380952380952,-30.72380952380952,-30.72380952380952,负PE/亏损口径,1231,FY-12-31,cache,反转观察,35.60135615291951
00320.HK,20250331,198309707.19,197659112.04,1297642018.65,166585580.28,-1099332311.46,0.152823124051047,-2.8059860760511417,3688182378.0,0.02810171836286468,85455903.66,0.07751049734449156,4,256615029.42,3,3.0028941059588345,0.2854473985443079,,38478319.68,1229209.56,39707529.24,,0.10135131388420726,66.28105156253918,现金类资产>有息负债;近年盈利稳定;经营现金流稳定;股东回报率较高,金宝通,金宝通集团有限公司,主板,20061009,0.465,391781100.00000006,391781100.00000006,0.0,68412.5,0.2838947368421052,5.785578947368422,5.785578947368422,5.785578947368422,低PB高分红旁路,0331,FY-03-31,cache,可复核,35.4817210659529
00450.HK,20120331,619017333.75,619017333.75,796540439.97,429804942.93,-177523106.22000003,0.7771323371520396,-0.2678617903946795,2313910099.17,-0.029921836940424162,20702679.57,1.3674008008737997,4,45614150.1,4,2.2032969184384665,1.4964172442147303,,55771344.0,,55771344.0,,0.08415249358043575,80.99133456597579,现金类资产>有息负债;近年盈利稳定;经营现金流稳定;一次性/其他收益占比较高;股东回报率较高,鸿兴印刷集团,鸿兴印刷集团有限公司,主板,19920316,0.73,662741430.7894738,662741430.7894738,0.0,120142.15555555554,0.2497368421052631,-8.395,-8.395,-8.395,负PE/亏损口径,0331,FY-03-31,cache,可复核,34.325827049696855
01916.HK,20251231,,,540923759000.0,3582517000.0,,,,9028490000.0,-0.10783766692360552,964496000.0,-0.14618289293354347,4,3077139000.0,1,3.1904113651067503,0.0,,228953000.0,,228953000.0,,0.06334176525476351,57.07887171775818,非严格净现金;近年盈利稳定;股东回报率较高,江西银行,江西银行股份有限公司,主板,20180626,0.6,3614566140.9836063,807300000.0,0.0,557080.25,0.0786885245901638,3.383606557377049,3.383606557377049,3.383606557377049,低PB高分红旁路,1231,FY-12-31,cache,可复核,34.17878168201078
09928.HK,20251231,1143647000.0,1102338000.0,1241047000.0,38887000.0,-97400000.0,0.921517879661286,-0.2125070072898045,2495853000.0,-0.014297486380424607,17090000.0,,2,117812000.0,4,6.893622001170275,3.6072557050906964,,36607000.0,,36607000.0,,0.07986903507040938,65.14792023838908,现金类资产>有息负债;经营现金流稳定;一次性/其他收益占比较高;股东回报率较高,时代邻里,时代邻里控股有限公司,主板,20191219,0.465,458337827.26595753,458337827.26595753,0.0,359028.00425,0.3067021276595744,24.21957446808511,24.21957446808511,24.21957446808511,低PB高分红旁路,1231,FY-12-31,cache,谨慎观察,33.930306610674016
02325.HK,20251231,1704029000.0,1522169000.0,1572311000.0,692308000.0,131718000.0,1.0837735028248228,0.30727645639546863,601388000.0,-0.4569973138113278,2920000.0,-0.8021989638366448,2,301613000.0,4,103.29212328767123,-20.37054794520548,,,,0.0,,0.0,62.424346353174315,现金类资产>总负债;经营现金流稳定,云康集团,云康集团有限公司,主板,20220518,0.69,428662844.99999994,428662844.99999994,0.0,84128.94736842105,0.3304225352112676,132.59661971830985,132.59661971830985,132.59661971830985,PE偏高,1231,FY-12-31,cache,谨慎观察,33.647789630487786
01935.HK,20251231,1835985000.0,1835985000.0,1781542000.0,945437000.0,54443000.0,1.03055948161761,0.042511540888164265,952620000.0,0.051514660835086046,225651000.0,-0.14945337507550993,4,527868000.0,4,2.339311591794408,0.3514054890073609,,,,0.0,,0.0,68.02432195372909,现金类资产>总负债;近年盈利稳定;经营现金流稳定,嘉宏教育,嘉宏教育科技有限公司,主板,20190618,0.8,1280664000.0,1280664000.0,0.0,51692.0,0.3532467532467532,5.1220779220779225,5.1220779220779225,5.1220779220779225,低PB高分红旁路,1231,FY-12-31,cache,可复核,33.38604647054862
00807.HK,20251231,3457761000.0,3448112000.0,27788498000.0,21711653000.0,-24330737000.0,0.12443137444852183,-9.639171111050631,7072781000.0,-0.05208445425783248,610436000.0,-0.07853508040765655,4,1694367000.0,3,2.775666900379401,0.0496219095859353,,176369000.0,,176369000.0,,0.06987256365004023,56.03536931190112,非严格净现金;近年盈利稳定;经营现金流稳定;股东回报率较高,上海实业环境,上海实业环境控股有限公司,主板,20180323,0.98,2524152411.0,2524152411.0,0.0,426500.0,0.2099999999999999,3.73,3.73,3.73,低PB高分红旁路,1231,FY-12-31,cache,可复核,33.28605226188493
01786.HK,20251231,1755936330.66,1755936330.66,3144041286.03,10502283.04,-1388104955.3700001,0.5584965879621865,-1.3047094903953198,3436856350.6,0.06792074010250038,143893811.2,0.0755999904420932,4,41509341.35,4,0.2884720406238014,0.2567201792901014,,42651086.37,,42651086.37,,0.040088666888864075,46.818672632329644,现金类资产>有息负债;近年盈利稳定;经营现金流稳定;股东回报率较高,铁建装备,中国铁建高新装备股份有限公司,主板,20151216,0.7,1063918800.0,372330000.0,0.0,146673.68421052632,0.1534246575342465,6.673972602739726,6.673972602739726,6.673972602739726,低PB高分红旁路,1231,FY-12-31,cache,可复核,32.926794994928684
01001.HK,20250331,165168113.4,165168113.4,1348602536.91,1044611260.95,-1183434423.51,0.12247353010208864,-4.323860363080175,1948836085.32,-0.05058558320829043,82701256.11,0.1589772254733064,4,209763873.15,4,2.536404923173059,-0.25082294653916115,,18341246.25,484485.75,18825732.0,,0.06878271814955553,66.01888349617037,非严格净现金;近年盈利稳定;经营现金流稳定;股东回报率较高,沪港联合,沪港联合控股有限公司,主板,19940218,0.43,273698575.8409091,273698575.8409091,0.0,99935.0,0.2540909090909091,3.127272727272728,3.127272727272728,3.127272727272728,低PB高分红旁路,0331,FY-03-31,cache,可复核,31.443387149765215
00194.HK,20251231,1954202275.9,1924342725.92,3413442701.46,2693657651.26,-1459240425.56,0.5725018542318426,-0.9005782837821732,951251433.16,0.14187945819525494,10881091.34,-0.47902745599952357,2,300711744.26,3,27.63617498132315,-7.878226944467501,,95744029.66,,95744029.66,,0.059088956420942404,46.622467761941124,非严格净现金;经营现金流稳定;股东回报率较高,廖创兴企业,廖创兴企业有限公司,主板,19721113,4.28,1620337123.2000003,1620337123.2000003,0.0,179141.17647058822,0.1493023255813953,134.50148837209304,134.50148837209304,134.50148837209304,PE偏高,1231,FY-12-31,cache,谨慎观察,30.95400823155167
00111.HK,20251231,1456909214.74,231418512.3,1376082766.6,1146732628.1000001,80826448.1400001,1.05873661824841,0.20008550990286358,183756496.12,0.14711831442668144,72645984.6,,2,49127039.02,3,0.6762526420489868,0.30392888225786396,,,,0.0,,0.0,49.021501836214725,现金类资产>总负债;经营现金流稳定,信达国际控股,信达国际控股有限公司,主板,20000801,0.63,403959528.0,403959528.0,2560.0,248007.0,0.3821311475409835,5.019344262295082,5.019344262295082,5.019344262295082,低PB高分红旁路,1231,FY-12-31,cache,谨慎观察,30.661534380672602
00950.HK,20251231,316033065.12,316033065.12,1412301888.6,280240262.96,-1096268823.48,0.22377160837282478,-1.790151782195009,1297005855.6,0.05596128315935234,83040240.36,0.21929273407488314,4,300685550.88,4,3.620961952620244,0.2662228893384672,,24996613.5,,24996613.5,,0.04081821105138925,57.46453227556367,现金类资产>有息负债;近年盈利稳定;经营现金流稳定;股东回报率较高,李氏大药厂,李氏大药厂控股有限公司,主板,20100514,1.04,612388756.2962964,612388756.2962964,22360.0,1042022.25,0.2985185185185185,6.663703703703703,6.663703703703703,6.663703703703703,低PB高分红旁路,1231,FY-12-31,cache,可复核,30.59842468316492
01292.HK,20251231,671963726.87,671963726.87,3405992645.9,102564206.54,-2734028919.03,0.1972886605257012,-6.206655841600009,9531636274.71,0.07278558702365823,40235553.58,0.014966021796612328,4,-217495784.31,3,-5.405562120017935,0.6209345925942148,,53108542.66,,53108542.66,,0.12056435988851927,51.399301214264284,现金类资产>有息负债;近年盈利稳定;经营现金流稳定;一次性/其他收益占比较高;股东回报率较高,长安民生物流,重庆长安民生物流股份有限公司,主板,20130718,2.18,440499520.00000006,283061664.00000006,0.0,59842.5,0.187420814479638,9.88398190045249,9.88398190045249,9.88398190045249,低PB高分红旁路,1231,FY-12-31,cache,现金流待验证,30.547713308581677
01641.HK,20251231,93830000.0,93830000.0,363248000.0,204305000.0,-269418000.0,0.25830837334273005,-0.6436162336976379,236507000.0,,76317000.0,,1,127394000.0,1,1.669274211512507,0.08236696935152063,,45320000.0,,45320000.0,,0.10826554911393059,49.19714577506791,非严格净现金;股东回报率较高,红星冷链,红星冷链(湖南)股份有限公司,主板,20260113,4.26,418600379.99999994,104653136.99432892,0.0,195025.75,0.3382230623818525,4.952551984877127,4.952551984877127,4.952551984877127,低PB高分红旁路,1231,FY-12-31,cache,谨慎观察,30.25080932439962
02455.HK,20251231,83184000.0,83184000.0,393277000.0,191133000.0,-310093000.0,0.21151503901830007,-1.4980338164251208,930763000.0,0.10385292968814808,46324000.0,0.04868619806766561,4,8699000.0,3,0.18778602884034193,0.1973922804593731,,13548000.0,,13548000.0,,0.06544927536231884,42.54935813758863,非严格净现金;近年盈利稳定;经营现金流稳定;股东回报率较高,润华服务,润华生活服务集团控股有限公司,主板,20230117,0.69,207000000.0,207000000.0,0.0,107466.0,0.4791666666666666,4.034583333333334,4.034583333333334,4.034583333333334,低PB高分红旁路,1231,FY-12-31,cache,可复核,29.859092173489987
02002.HK,20251231,2116124000.0,2116124000.0,8226917000.0,4323223000.0,-6110793000.0,0.2572195635375925,-7.08278537505262,7788614000.0,-0.06531742725395162,159895000.0,-0.0805817442420701,4,547087000.0,4,3.4215391350573814,0.9045123362206448,,58611000.0,,58611000.0,,0.06793375812553447,52.54429666184787,非严格净现金;近年盈利稳定;经营现金流稳定;一次性/其他收益占比较高;股东回报率较高,阳光纸业,中国阳光纸业控股有限公司,主板,20071212,0.81,862766930.8636365,862766930.8636365,0.0,58072.63157894737,0.1564772727272727,4.869204545454545,4.869204545454545,4.869204545454545,低PB高分红旁路,1231,FY-12-31,cache,可复核,29.373368743770428
01601.HK,20251231,699667000.0,699667000.0,9846682000.0,7228329000.0,-9147015000.0,0.07105611819291006,-7.079285859345105,852708000.0,0.04690851222170611,271991000.0,0.06352759468207059,4,736746000.0,2,2.708714626586909,0.02402653028960517,,95291000.0,,95291000.0,,0.07374998606899129,54.386239478335916,非严格净现金;近年盈利稳定;股东回报率较高,中关村科技租赁,中关村科技租赁股份有限公司,主板,20200121,0.8,1292081600.0000002,394667200.00000006,0.0,98838.94736842104,0.3544303797468354,4.293670886075951,4.293670886075951,4.293670886075951,低PB高分红旁路,1231,FY-12-31,cache,可复核,29.134193317797127
00698.HK,20251231,1118541325.46,847332359.28,3534238441.04,991001242.14,-2415697115.58,0.31648722748056957,-6.969946132971601,4678891856.7,-0.13064628921130395,108707043.1,-0.0393868965978913,2,180961933.44,4,1.6646753354659134,1.0183955797432596,,27115567.62,,27115567.62,,0.07823582040042805,43.476434009629024,现金类资产>有息负债;经营现金流稳定;一次性/其他收益占比较高;股东回报率较高,通达集团,通达集团控股有限公司,主板,20001222,1.78,346587630.59192824,346587630.59192824,0.0,231375.65,0.1197309417040358,2.88152466367713,2.88152466367713,2.88152466367713,低PB高分红旁路,1231,FY-12-31,cache,谨慎观察,28.721319972288605
00487.HK,20070930,194364236.46,194364236.46,165069046.44,,29295190.02000001,1.1774723405253835,0.13514685132684562,100469148.36,0.15429423234161654,2240738.76,-0.4847984970122181,4,108690354.96,4,48.50648228176318,13.264044943820226,,4143526.86,,4143526.86,,0.01911524069770179,59.09142395999697,现金类资产>总负债;近年盈利稳定;经营现金流稳定;一次性/其他收益占比较高,实德环球,实德环球有限公司,主板,19880503,0.044,216765612.6086957,216765612.6086957,0.0,59782.93333333333,0.3826086956521739,-0.5260869565217392,-0.5260869565217392,-0.5260869565217392,负PE/亏损口径,0930,FY-09-30,cache,可复核,28.42815051430552
00228.HK,20251231,277860278.26,266592608.76,422658186.12,273629595.78000003,-144797907.86,0.6574113252383822,-0.2559675667507299,211586510.76,-0.0982454274590685,23369914.28,-0.3201643084018061,4,81205800.54,4,3.4748009584911497,0.33895029759604234,,,,0.0,,0.0,53.26723304709057,现金类资产>有息负债;近年盈利稳定;经营现金流稳定,中能控股,中国能源开发控股有限公司,主板,20020218,1.24,565688496.0,565688496.0,0.0,117482.08333333331,0.267076923076923,21.862153846153845,21.862153846153845,21.862153846153845,低PB高分红旁路,1231,FY-12-31,cache,可复核,27.8484190202216
06698.HK,20251231,427385000.0,427385000.0,185170000.0,3069000.0,242215000.0,2.308068261597451,0.675401388640786,168276000.0,-0.42243767786551145,-118153000.0,,1,-18354000.0,2,,0.23116636902998655,,2514000.0,,2514000.0,,0.007010131870622943,61.135465351079624,现金类资产>总负债,星空华文,星空华文控股有限公司,主板,20221229,0.9,358623781.4634146,358623781.4634146,0.0,163185.63900000002,0.1317073170731706,-2.74390243902439,-2.74390243902439,-2.74390243902439,负PE/亏损口径,1231,FY-12-31,cache,谨慎观察,27.839603197006753
01245.HK,20260331,541503072.0,541503072.0,1929139872.0,1580304000.0,-1387636800.0,0.2806966357699127,-6.272305523017202,1369220180.0,0.05863062100756622,29351485.0,,3,298011865.0,4,10.153212520593081,0.5749588138385503,,15038405.0,,15038405.0,,0.06797561922461952,53.54571944518168,非严格净现金;近年盈利稳定;经营现金流稳定;一次性/其他收益占比较高;股东回报率较高,NIRAKU,"Niraku GC Holdings, Inc.",主板,20150408,0.185,221232335.52763823,221232335.52763823,0.0,92218.23529411764,0.2138190954773869,2.119597989949749,2.119597989949749,2.119597989949749,低PB高分红旁路,0331,FY-03-31,cache,可复核,27.513079205417448
01578.HK,20251231,,,911249890000.0,,,,,16954503000.0,0.024678813443323122,3866120000.0,0.02740108453754675,4,-48496080000.0,2,-12.543863097886254,0.0,,843981000.0,,843981000.0,,0.06748966594611795,50.794921474586324,非严格净现金;近年盈利稳定;股东回报率较高,天津银行,天津银行股份有限公司,主板,20160330,2.06,12505336752.945454,3635074070.154546,0.0,163180.0,0.1591818181818181,2.9214545454545453,2.9214545454545453,2.9214545454545453,低PB高分红旁路,1231,FY-12-31,cache,现金流待验证,27.27486991276635
06860.HK,20251231,650009000.0,636221000.0,149441000.0,7405000.0,500568000.0,4.349602853299965,1.787482089041524,388595000.0,-0.22428429687509344,-35335000.0,,2,-21221000.0,2,,0.5779821706523277,,,,0.0,,0.0,73.06421395217207,现金类资产>总负债;一次性/其他收益占比较高,指尖悦动,指尖悦动控股有限公司,主板,20180712,0.146,280040848.00000006,280040848.00000006,0.0,117622.52631578948,0.3209929078014184,-7.1550354609929085,-7.1550354609929085,-7.1550354609929085,负PE/亏损口径,1231,FY-12-31,cache,谨慎观察,27.105144719702388
01739.HK,20251231,680092000.0,648129000.0,663082000.0,87668000.0,17010000.0,1.02565293583599,0.0794425205377606,946519000.0,0.026247730380856593,-61716000.0,,0,-176701000.0,0,,0.6683680082960658,,30026000.0,,30026000.0,,0.1402316943954615,47.7124170740992,现金类资产>总负债;一次性/其他收益占比较高;股东回报率较高,齐屹科技,齐屹科技(开曼)有限公司,主板,20180712,0.187,214117073.38659793,214117073.38659793,0.0,86592.0,0.2506185567010309,-3.1327319587628866,-3.1327319587628866,-3.1327319587628866,负PE/亏损口径,1231,FY-12-31,cache,谨慎观察,26.31125961698404
00438.HK,20251231,322329129.16,322329129.16,7471653518.48,4978301529.959999,-7149324389.32,0.04314026719290019,-31.677314582095423,2905052655.48,0.05552718708170201,-560340048.06,,1,-58350716.53,1,,0.23466787818442694,,148622390.28,,148622390.28,,0.6585179178434668,27.96051027125908,非严格净现金;股东回报率较高,彩虹新能源,彩虹集团新能源股份有限公司,主板,20041220,1.28,225692249.6,123198297.6,0.0,65838.23529411765,0.2461538461538461,-0.3643076923076922,-0.3643076923076922,-0.3643076923076922,负PE/亏损口径,1231,FY-12-31,cache,谨慎观察,26.05598799885975
02779.HK,20251231,701871000.0,551871000.0,1083062000.0,539780000.0,-381191000.0,0.6480432329820454,-0.7181004911927096,658033000.0,0.01705789300922511,338053000.0,0.12804008501995545,4,373937000.0,4,1.1061490358020785,0.19249644286546785,,,,0.0,,0.0,49.27520700702358,现金类资产>有息负债;近年盈利稳定;经营现金流稳定,中国新华教育,中国新华教育集团有限公司,主板,20180326,0.33,530832390.0,530832390.0,0.0,96121.31578947368,0.1152380952380952,1.4142857142857144,1.4142857142857144,1.4142857142857144,低PB高分红旁路,1231,FY-12-31,cache,可复核,25.876123749255562
02298.HK,20251231,564452000.0,564452000.0,1496392000.0,671973000.0,-931940000.0,0.37720864586284875,-1.2185161761088477,2954149000.0,-0.006087201071752424,123410000.0,0.5518160007817066,4,214869000.0,4,1.7410987764362693,0.16766064338384248,,10766000.0,,10766000.0,,0.014076598441946751,54.92959764899935,非严格净现金;近年盈利稳定;经营现金流稳定,都市丽人,都市丽人(中国)控股有限公司,主板,20140626,0.34,764815452.0,764815452.0,0.0,433986.25,0.3199999999999999,5.6,5.6,5.6,低PB高分红旁路,1231,FY-12-31,cache,可复核,25.84694611640703
03991.HK,20251231,375196684.78,375196684.78,12721380412.72,2193366802.9199996,-12346183727.939999,0.029493394003440383,-11.626547414249508,39584734686.36,0.049464272009903,362062059.54,0.034774832510583664,4,-551852065.26,0,-1.524191918813941,0.15945087649710493,,116087253.72,,116087253.72,,0.10932074147828945,36.10918966779517,非严格净现金;近年盈利稳定;股东回报率较高,长虹佳华,长虹佳华控股有限公司,主板,20200318,0.73,1061895960.0,1061895960.0,0.0,690670.0,0.3177647058823529,2.6451764705882357,2.6451764705882357,2.6451764705882357,低PB高分红旁路,1231,FY-12-31,cache,现金流待验证,25.658674926701494
09930.HK,20251231,2583834000.0,1522005000.0,25043502000.0,20936057000.0,-22459668000.0,0.10317382928314099,-10.484621298003352,9359192000.0,0.059125193145994626,146976000.0,-0.3951888856552924,4,4078018000.0,4,27.746149031134333,1.3113841715654257,,138150000.0,128000.0,138278000.0,,0.0645509303096247,37.58202024809299,非严格净现金;近年盈利稳定;经营现金流稳定;一次性/其他收益占比较高;股东回报率较高,宏信建发,宏信建设发展有限公司,主板,20230525,0.67,2142153480.0,2142153480.0,0.0,160971.611,0.1722857142857142,13.160714285714286,13.160714285714286,13.160714285714286,低PB高分红旁路,1231,FY-12-31,cache,可复核,25.647042083265422
03390.HK,20251231,63529785.14,63529785.14,564544112.7,386626933.88000005,-501014327.56000006,0.11253289815770316,-2.3350779621551085,990504471.14,-0.022221640122765618,14153457.4,-0.2872007314940347,4,87569888.66,2,6.187172941927249,0.22380344607530311,,,10490900.3,10490900.3,,0.04889494919835944,38.26442094356216,非严格净现金;近年盈利稳定;股东回报率较高,满贯集团,满贯集团控股有限公司,主板,20200415,0.24,214560000.0,214560000.0,0.0,270994.1,0.4031999999999999,13.6896,13.6896,13.6896,低PB高分红旁路,1231,FY-12-31,cache,可复核,25.160466987737188
01317.HK,20250831,1814760000.0,1802654000.0,4591802000.0,1661588000.0,-2777042000.0,0.3952173895999871,-5.277241283663114,1180049000.0,0.06035574857339476,308877000.0,0.7551724193363614,4,335320000.0,4,1.0856101295985132,0.8430184183348064,,,25760000.0,25760000.0,,0.04895199117159979,52.36817038105013,现金类资产>有息负债;近年盈利稳定;经营现金流稳定;一次性/其他收益占比较高;股东回报率较高,枫叶教育,中国枫叶教育集团有限公司,主板,20141128,0.182,526229871.01176465,526229871.01176465,0.0,100216.2105263158,0.2355294117647058,1.5309411764705878,1.5309411764705878,1.5309411764705878,低PB高分红旁路,0831,FY-08-31,cache,可复核,25.13492938358018
06169.HK,20250831,1777088000.0,1777088000.0,3468674000.0,642011000.0,-1691586000.0,0.5123248826496811,-1.213398661894008,2496819000.0,0.01604765023945176,929876000.0,-0.06171779189122051,4,1632038000.0,4,1.7551135850371447,0.03358297235330302,,,,0.0,,0.0,45.625405061927374,现金类资产>有息负债;近年盈利稳定;经营现金流稳定,宇华教育,中国宇华教育集团有限公司,主板,20170228,0.325,1394089224.8550727,1394089224.8550727,3900.0,1234275.0,0.1318840579710144,1.573188405797102,1.573188405797102,1.573188405797102,低PB高分红旁路,0831,FY-08-31,cache,可复核,24.738675345140805
09857.HK,20251231,1491506000.0,838800000.0,832788000.0,199388000.0,658718000.0,1.7909792167994736,0.9145082078174686,862505000.0,-0.03219247894209487,31226000.0,,2,-302999000.0,1,-9.703420226734131,1.5377890219688721,,,217000.0,217000.0,,0.00030126439705062055,43.96013654658521,现金类资产>总负债;一次性/其他收益占比较高,柠萌影视,柠萌影视传媒有限公司,主板,20220810,1.99,720297526.4399999,720297526.4399999,0.0,78067.16666666667,0.2785999999999999,20.835299999999997,20.835299999999997,20.835299999999997,低PB高分红旁路,1231,FY-12-31,cache,现金流待验证,24.707627468459002
00439.HK,20140331,35151148.2,35151148.2,17883277.5,6690962.850000001,17267870.700000003,1.965587583148559,0.05099316440700929,89958040.65,1.9563998266565377,-30062939.4,,1,6630691.05,2,,-0.015221061517357817,,,,0.0,,0.0,51.19646712718621,现金类资产>总负债,瀚源控股,瀚源控股有限公司,主板,19920311,0.55,338631087.14285713,338631087.14285713,0.0,138133.09,0.1178571428571428,-2.3964285714285714,-2.3964285714285714,-2.3964285714285714,负PE/亏损口径,0331,FY-03-31,cache,谨慎观察,24.639944532306117
00798.HK,20251231,1580827000.0,1580827000.0,13167047000.0,8655963000.0,-11586220000.0,0.12005934208330843,-11.670868341244311,3919525000.0,-0.10803574305805963,32594000.0,-0.6067823093110618,4,103741000.0,4,3.182825059826962,4.708750076701233,,38981000.0,23870000.0,62851000.0,,0.06331018624845258,35.15412403203533,非严格净现金;近年盈利稳定;经营现金流稳定;一次性/其他收益占比较高;股东回报率较高,中电光谷,中电光谷联合控股有限公司,主板,20140328,0.134,992747040.0,992747040.0,0.0,112242.35294117648,0.1072,27.51466666666667,27.51466666666667,27.51466666666667,PE偏高,1231,FY-12-31,cache,可复核,24.633561596002977
00560.HK,20251231,870297631.0,870297631.0,2204531505.34,658609056.38,-1334233874.3400002,0.3947766810734582,-1.7761796824529847,2304255122.32,-0.038226839827050996,46963827.12,-0.17458594934041316,4,253422757.94,3,5.39612662512501,4.182725594276483,,50633609.98,,50633609.98,,0.06740526606717442,40.835841092666314,现金类资产>有息负债;近年盈利稳定;经营现金流稳定;一次性/其他收益占比较高;股东回报率较高,珠江船务,珠江船务企业(股份)有限公司,主板,19970523,0.67,751181813.1470587,751181813.1470587,0.0,67876.25,0.2364705882352941,14.44441176470588,14.44441176470588,14.44441176470588,低PB高分红旁路,1231,FY-12-31,cache,可复核,24.4312406180005
01273.HK,20250331,31640149.38,30901885.38,155903823.03,193801682.64,-124263673.65,0.2029465908216478,-0.4217331534023418,129722213.1,0.013844238847386281,42609829.59,-0.09358130011023014,4,156862643.4,3,3.681372230524332,-0.07504385679942824,,9957335.7,,9957335.7,,0.03379377464788732,56.17181457251379,非严格净现金;近年盈利稳定;经营现金流稳定,香港信贷,香港信贷集团有限公司,主板,20131002,0.71,294650000.0,294650000.0,0.0,198960.0,0.34,6.0,6.0,6.0,低PB高分红旁路,0331,FY-03-31,cache,可复核,24.214264758179688
00160.HK,20250331,969633169.11,962945420.1,7428944840.91,5854415986.2300005,-6459311671.8,0.13052098109147167,-11.49476957292621,934562860.62,0.013691981240974593,-623195404.47,,3,421870811.67,4,,-0.9305088485419267,,41552266.41,,41552266.41,,0.07394498855056653,43.532874224816446,非严格净现金;近年盈利稳定;经营现金流稳定;股东回报率较高,汉国置业,汉国置业有限公司,主板,19720916,0.78,561934854.8764045,561934854.8764045,0.0,92298.94181818182,0.0525842696629213,-0.6485393258426967,-0.6485393258426967,-0.6485393258426967,负PE/亏损口径,0331,FY-03-31,cache,反转观察,24.062600334662463
00873.HK,20251231,3105853000.0,2991273000.0,4979469000.0,51521000.0,-1873616000.0,0.623731767383229,-1.7252510994238175,7880037000.0,-0.03010449431946205,103300000.0,,2,1021127000.0,3,9.885062923523718,0.41149080348499517,,14993000.0,,14993000.0,,0.013805758348381577,35.43100967559265,现金类资产>有息负债;经营现金流稳定,世茂服务,世茂服务控股有限公司,主板,20201030,0.44,1085996120.0,1085996120.0,0.0,634246.487,0.1244444444444444,9.493333333333334,9.493333333333334,9.493333333333334,低PB高分红旁路,1231,FY-12-31,cache,谨慎观察,23.906999503890425
01563.HK,20250930,610553000.0,355333000.0,1084405000.0,170956000.0,-473852000.0,0.5630304176022796,-2.1391926731310145,372676000.0,0.22410581401404306,88636000.0,-0.36807035882557726,4,405560000.0,4,4.575567489507649,0.05387201588519337,,,,0.0,,0.0,42.12667614970717,现金类资产>有息负债;近年盈利稳定;经营现金流稳定,友联国际教育租赁,友联国际教育租赁控股有限公司,主板,20190315,0.131,221509734.00000003,221509734.00000003,13691.0,158354.45,0.0836170212765957,19.965886524822693,19.965886524822693,19.965886524822693,低PB高分红旁路,0930,FY-09-30,cache,可复核,23.797598132632636
01335.HK,20250630,188045001.95,188045001.95,51166778.65,10993557.25,136878223.29999998,3.675138574509419,0.551301682791732,25223625.05,-0.3938110239386514,2036384.35,0.21917839291279861,4,-18848182.6,1,-9.255709807433945,1.8284818629646213,,,,0.0,,0.0,56.204394782923686,现金类资产>总负债;近年盈利稳定;一次性/其他收益占比较高,顺泰控股,顺泰控股集团有限公司,主板,20120713,0.102,248281889.1588785,248281889.1588785,0.0,61702.63157894737,0.4099065420560747,-3.2697196261682246,-3.2697196261682246,-3.2697196261682246,负PE/亏损口径,0630,FY-06-30,cache,现金流待验证,22.916975230688962
00201.HK,20251231,419563754.4,419563754.4,684658824.4,292565603.08000004,-265095070.0,0.6128070499459117,-0.44892913008849555,504514305.06,0.08721778466408381,7406404.0,-0.7590617625573126,2,170561355.14,4,23.02890243902439,0.3831707317073171,,,,0.0,,0.0,37.249612037122674,现金类资产>有息负债;经营现金流稳定,华大酒店,华大酒店投资有限公司,主板,19721117,0.066,590505387.6716418,590505387.6716418,0.0,217484.375,0.1379104477611939,72.00895522388059,72.00895522388059,72.00895522388059,PE偏高,1231,FY-12-31,cache,谨慎观察,22.69968642806913
03368.HK,20251231,1556700000.0,1479538000.0,8389171000.0,6575105000.0,-6832471000.0,0.18556064717240833,-15.717748427282006,3075959000.0,-0.023222760090854666,-185863000.0,,1,583501000.0,4,,3.347078224283478,,52690000.0,,52690000.0,,0.12121063735703948,30.34009164910335,非严格净现金;经营现金流稳定;一次性/其他收益占比较高;股东回报率较高,百盛集团,百盛商业集团有限公司,主板,20051130,0.165,434697821.4857143,434697821.4857143,0.0,160487.05,0.132,-2.649428571428572,-2.649428571428572,-2.649428571428572,负PE/亏损口径,1231,FY-12-31,cache,谨慎观察,22.59366085444084
00771.HK,20251231,572733608.44,572733608.44,880548274.78,23895588.32,-307814666.3399999,0.6504284033525525,-0.48249352856254263,2353243968.68,0.059428695205643534,74415392.58,-0.06398355021658786,4,-62820757.44,3,-0.8441903652186579,0.21108400393256385,,22587725.76,,22587725.76,,0.03540582271056397,45.796882564991925,现金类资产>有息负债;近年盈利稳定;经营现金流稳定,自动系统,自动系统集团有限公司,主板,19971105,0.76,637966414.3,637966414.3,0.0,130002.0,0.266,7.7425,7.7425,7.7425,低PB高分红旁路,1231,FY-12-31,cache,现金流待验证,22.048298881894585
00154.HK,20251231,1608062000.0,1608062000.0,5988870000.0,4528455000.0,-4380808000.0,0.2685084164458404,-6.951994312839837,1420814000.0,-0.1363200440032879,232178000.0,-0.08567791485423792,4,545237000.0,4,2.3483577255381647,0.3767454280767342,,,,0.0,,0.0,38.59864806201956,非严格净现金;近年盈利稳定;经营现金流稳定,北京控股环境集团,北京控股环境集团有限公司,主板,19800429,0.42,630151263.4883721,630151263.4883721,0.0,74757.36842105263,0.1465116279069767,2.451627906976744,2.451627906976744,2.451627906976744,低PB高分红旁路,1231,FY-12-31,cache,可复核,21.991790734987596
01431.HK,20251231,917957000.0,917957000.0,2376173000.0,625855000.0,-1458216000.0,0.38631741039057343,-1.328578422465543,2733209000.0,0.09349909823271974,552459000.0,1.8919779658756886,3,1042361000.0,4,1.8867662577675448,0.3251825022309348,,,,0.0,,0.0,45.14565342239947,现金类资产>有息负债;近年盈利稳定;经营现金流稳定,原生态牧业,原生态牧业有限公司,主板,20131126,0.234,1097576157.6,1097576157.6,0.0,209642.5618421053,0.1729565217391304,1.790608695652174,1.790608695652174,1.790608695652174,低PB高分红旁路,1231,FY-12-31,cache,可复核,21.73616343592665
00096.HK,20251231,286532000.0,286532000.0,2210485000.0,878612000.0,-1923953000.0,0.1296240417826857,-6.168309105649507,2161944000.0,0.06980894034191731,101404000.0,0.22358105429769037,4,181440000.0,4,1.78927852944657,0.5695929154668455,,8265000.0,,8265000.0,,0.02649808740556197,46.233393309681155,非严格净现金;近年盈利稳定;经营现金流稳定;一次性/其他收益占比较高,YUSEI,友成控股有限公司,主板,20101215,0.49,311909304.0,311909304.0,0.0,69834.18461538461,0.27,2.78,2.78,2.78,低PB高分红旁路,1231,FY-12-31,cache,可复核,21.429600901028785
01075.HK,20251231,913712111.47,913712111.47,1456685861.87,25488234.77,-542973750.3999999,0.627254053455997,-0.9184116508202919,1669813188.14,0.05477307319629321,123845243.49,-0.012457295735380458,2,393942095.6,4,3.1809222905828376,1.3850561176687464,,30158923.1,,30158923.1,,0.05101223830954691,41.02983871521478,现金类资产>有息负债;经营现金流稳定;一次性/其他收益占比较高;股东回报率较高,首都信息,首都信息发展股份有限公司,主板,20110121,2.04,591209562.6346154,157997592.00000003,0.0,200124.8,0.4315384615384615,4.315384615384617,4.315384615384617,4.315384615384617,低PB高分红旁路,1231,FY-12-31,cache,谨慎观察,21.404290242559103
06885.HK,20251231,464704000.0,464704000.0,5489441000.0,2684631000.0,-5024737000.0,0.08465415695332185,-13.406638354277689,8123404000.0,-0.13262812655670642,-527391000.0,,2,359368000.0,4,,0.043878261100398,,22850000.0,,22850000.0,,0.06096671057514954,33.28724886449987,非严格净现金;经营现金流稳定;股东回报率较高,金马能源,河南金马能源股份有限公司,主板,20171010,0.7,374794700.0,374794700.0,0.0,249440.0,0.1280487804878048,-0.6402439024390243,-0.6402439024390243,-0.6402439024390243,负PE/亏损口径,1231,FY-12-31,cache,反转观察,21.38606753175718
00750.HK,20251231,306219000.0,297931000.0,19276957000.0,6441696000.0,-18970738000.0,0.015885235413452443,-34.04905155362702,3925277000.0,-0.08632507013928781,28141000.0,-0.13458735365440677,2,708505000.0,4,25.17696599267972,8.393376212643474,,39407000.0,,39407000.0,,0.0707284542422008,30.81272343701424,非严格净现金;经营现金流稳定;一次性/其他收益占比较高;股东回报率较高,水发兴业能源,中国水发兴业能源集团有限公司,主板,20090113,0.221,557159072.9956522,557159072.9956522,0.0,117980.07368421053,0.1153043478260869,17.88178260869565,17.88178260869565,17.88178260869565,低PB高分红旁路,1231,FY-12-31,cache,谨慎观察,21.116904653793284
00099.HK,20251231,1229926415.86,1215519153.6399999,2190671594.44,1372972980.1399999,-960745178.5800002,0.5614380626386883,-1.606315933495281,2285207115.74,-0.09632984653652266,-149098138.28,,2,187479568.96,4,,-0.9015047796745702,,24850291.86,,24850291.86,,0.04154839457609852,36.570403500325945,非严格净现金;经营现金流稳定;股东回报率较高,王氏国际,王氏国际集团有限公司,主板,19831215,1.25,598104743.0,598104743.0,0.0,85655.0,0.18,-3.62,-3.62,-3.62,负PE/亏损口径,1231,FY-12-31,cache,反转观察,20.557302503498175
03989.HK,20251231,2311619000.0,488131000.0,13916186000.0,10942395000.0,-11604567000.0,0.16611009654513098,-9.780809377396585,3188555000.0,-0.1142862817860214,274503000.0,-0.4476190272050786,4,386705000.0,2,1.4087459882041362,0.28993125758188437,,11960000.0,,11960000.0,,0.010080383021069476,19.804889458783677,非严格净现金;近年盈利稳定,首创环境,首创环境控股有限公司,主板,20060713,0.083,1186462853.1477275,1186462853.1477275,0.0,381030.1052631579,0.1509090909090908,3.904772727272728,3.904772727272728,3.904772727272728,低PB高分红旁路,1231,FY-12-31,cache,可复核,20.409711199398984
01420.HK,20251231,142742390.0,142742390.0,507775347.8,226100670.6,-365032957.8,0.2811132730615009,-1.3942294802901563,927983834.4,0.26424389266700365,103516890.4,1.2631436306012698,4,121017162.0,4,1.1690571609365112,0.15186669479012865,,,,0.0,,0.0,44.590095865117554,非严格净现金;近年盈利稳定;经营现金流稳定,川控股,川控股有限公司,主板,20160608,0.195,261816984.19117647,261816984.19117647,0.0,59836.0,0.3345588235294117,2.284558823529412,2.284558823529412,2.284558823529412,低PB高分红旁路,1231,FY-12-31,cache,可复核,20.40747397633079
01756.HK,20250831,966554000.0,966554000.0,3664388000.0,2056039000.0,-2697834000.0,0.2637695571538822,-5.228360465116279,1445442000.0,0.16773121697831095,458293000.0,0.2083060261705043,4,775460000.0,4,1.6920616286960526,0.15329930852096801,,,,0.0,,0.0,44.610873879496765,非严格净现金;近年盈利稳定;经营现金流稳定,中国科教产业,中国科教产业集团有限公司,主板,20191125,0.43,516000000.0,516000000.0,0.0,71338.0,0.1051111111111109,1.5002222222222223,1.5002222222222223,1.5002222222222223,低PB高分红旁路,0831,FY-08-31,cache,可复核,20.23967898447355
00124.HK,20251231,2860289096.18,2860289096.18,26893122598.4,16506844077.439999,-24032833502.22,0.10635764165036647,-70.9175189817341,7741837327.5,0.846020376730541,-533124701.78,,1,2773206946.32,3,,-3.4800211436190494,,24648873.8,,24648873.8,,0.07273536744755445,27.73504778397293,非严格净现金;经营现金流稳定;股东回报率较高,粤海置地,粤海置地控股有限公司,主板,19970808,0.198,338884296.1132076,338884296.1132076,0.0,176817.87235,0.1120754716981132,-0.5697169811320756,-0.5697169811320756,-0.5697169811320756,负PE/亏损口径,1231,FY-12-31,cache,谨慎观察,19.698655436867003
02355.HK,20251231,8749971000.0,8441971000.0,28589878000.0,4059668000.0,-19839907000.0,0.306051358456304,-11.307905374862065,19946668000.0,-0.0652907916587313,289644000.0,-0.25651717931080986,4,-332041000.0,2,-1.1463762411788265,0.5201177997818011,,84119000.0,,84119000.0,,0.0479442616453808,22.5204457622299,现金类资产>有息负债;近年盈利稳定;一次性/其他收益占比较高;股东回报率较高,宝业集团,宝业集团股份有限公司,主板,20030630,3.37,1754516538.8547487,572515820.0,0.0,731320.0,0.1223743016759776,5.469189944134078,5.469189944134078,5.469189944134078,低PB高分红旁路,1231,FY-12-31,cache,现金流待验证,18.70547123512204
00225.HK,20250930,125606875.42,57010123.120000005,469352975.22,362113431.44,-343746099.8,0.26761708575752446,-0.5886559869953141,158664055.26,0.023645103684766244,-196905135.54,,1,66852047.52,4,,-1.1378290282047359,,36212438.72,,36212438.72,,0.06201283118159447,39.00246110618876,非严格净现金;经营现金流稳定;股东回报率较高,博富临置业,博富临置业有限公司,主板,19721219,5.3,583950741.0,583950741.0,0.0,77768.0,0.13,-14.22,-14.22,-14.22,负PE/亏损口径,0930,FY-09-30,cache,谨慎观察,18.208206139594477
01416.HK,20260228,498674176.0,484300241.6,575529500.0,15431001.600000001,-76855324.0,0.8664615384615385,-0.2920035106382979,1107466519.6,0.8513203481189062,41565185.2,,2,14595449.4,2,0.3511460211176925,0.18593870718516609,,,,0.0,,0.0,31.502155204814475,现金类资产>有息负债,CTR HOLDINGS,CTR Holdings Limited,主板,20200115,0.188,263200000.0,263200000.0,0.0,167637.0,0.5791919191919191,2.9624242424242424,2.9624242424242424,2.9624242424242424,低PB高分红旁路,0228,FY-02-28,cache,谨慎观察,17.10931612531804
03913.HK,20251231,1219248000.0,1219248000.0,3182599000.0,426936000.0,-1963351000.0,0.38309821626915613,-6.592822995629309,3329875000.0,-0.0612964819227092,-313764000.0,,2,248972000.0,2,,0.06219961499725909,,12482000.0,,12482000.0,,0.041913858821700775,22.723530159387938,现金类资产>有息负债;股东回报率较高,合景悠活,合景悠活集团控股有限公司,主板,20201030,0.147,297801260.75,297801260.75,0.0,327226.456,0.1036538461538461,-0.8575,-0.8575,-0.8575,负PE/亏损口径,1231,FY-12-31,cache,反转观察,16.798266987867972
01148.HK,20251231,545108000.0,545108000.0,2091510000.0,923780000.0,-1546402000.0,0.26062892360065215,-5.3601891677201445,4712300000.0,0.41807375317493833,20157000.0,,3,342506000.0,3,16.991913479188373,3.1907029815944834,,11540000.0,,11540000.0,,0.04000032526826172,28.691418205290255,非严格净现金;近年盈利稳定;经营现金流稳定;一次性/其他收益占比较高;股东回报率较高,新晨动力,新晨中国动力控股有限公司,主板,20130313,0.225,288497654.0217391,288497654.0217391,0.0,68682.1052631579,0.1467391304347826,12.922826086956524,12.922826086956524,12.922826086956524,低PB高分红旁路,1231,FY-12-31,cache,可复核,16.623275490930226
02258.HK,20251231,438171000.0,438171000.0,2820509000.0,387438000.0,-2382338000.0,0.15535174679463884,-9.162803219987616,1879652000.0,-0.03251576071257556,33099000.0,0.06895447934786936,3,14729000.0,2,0.4449983383183782,0.41448382126348227,,,,0.0,,0.0,11.761601880646124,现金类资产>有息负债;近年盈利稳定,华滋国际海洋,华滋国际海洋股份有限公司,主板,20181119,0.315,260000999.99999997,260000999.99999997,0.0,2250343.875,0.3291044776119403,7.099253731343283,7.099253731343283,7.099253731343283,低PB高分红旁路,1231,FY-12-31,cache,可复核,16.46982767568236
01461.HK,20251231,30187278908.05,30187278908.05,42562556448.35,91986306.78,-12375277540.3,0.7092449661636867,-22.457834732735076,680942707.47,0.013362507229988774,85539526.77,-0.19845003480180512,4,-2244390590.99,3,-26.238052462281583,0.15696511129997218,,2702889.11,,2702889.11,,0.004905024290212233,27.385334646374265,现金类资产>有息负债;近年盈利稳定;经营现金流稳定,中泰期货,中泰期货股份有限公司,主板,20150707,0.55,551045000.0,152399500.0,0.0,67115.29411764706,0.1941176470588235,5.8235294117647065,5.8235294117647065,5.8235294117647065,低PB高分红旁路,1231,FY-12-31,cache,现金流待验证,16.4376612375504
00616.HK,20031231,70475806.7,70475806.7,11796233.3,4262800.0,58679573.400000006,5.974433101454513,0.16539165261355937,5416953.1,-0.7255265076623807,-49897139.7,,0,-54373947.3,0,,0.0,,,,0.0,,0.0,38.64626644181695,现金类资产>总负债,财富链,财富链有限公司,主板,19910916,0.19,354791626.2564103,354791626.2564103,0.0,975653.8665,0.0682051282051281,-2.3774358974358973,-2.3774358974358973,-2.3774358974358973,负PE/亏损口径,1231,FY-12-31,cache,谨慎观察,16.41765034570433
00057.HK,20250331,487419426.57,487419426.57,1172540415.36,16182746.88,-685120988.79,0.4156952034956934,-0.7055357620168203,2394499300.05,0.02661489832656372,142472032.38,-0.06265800053876414,4,-91242047.76,2,-0.6404207635407356,0.692290751752102,,51205068.21,,51205068.21,,0.05273084230344473,32.452545129886275,现金类资产>有息负债;近年盈利稳定;一次性/其他收益占比较高;股东回报率较高,震雄集团,震雄集团有限公司,主板,19911022,1.54,971064864.0,971064864.0,0.0,128780.0,0.3117791411042945,6.4812269938650315,6.4812269938650315,6.4812269938650315,低PB高分红旁路,0331,FY-03-31,cache,现金流待验证,14.566195370407407
01569.HK,20251231,2350901000.0,2243600000.0,5547406000.0,2764736000.0,-3196505000.0,0.42378383698615174,-6.706859361753894,1649589000.0,-0.11177038279423712,-744274000.0,,3,294047000.0,4,,0.19962943754585005,,490000.0,,490000.0,,0.0010281107294558927,24.5409890340373,非严格净现金;近年盈利稳定;经营现金流稳定,民生教育,民生教育集团有限公司,主板,20170322,0.113,476602360.00000006,476602360.00000006,0.0,111270.875,0.1018852459016393,-0.5742622950819672,-0.5742622950819672,-0.5742622950819672,负PE/亏损口径,1231,FY-12-31,cache,反转观察,14.291645991719022
00025.HK,20260331,3539535524.95,2036586864.45,7825463119.95,3308298866.5,-4285927595.0,0.45231003848531526,-3.3952922973180093,7258972995.35,0.05140667372423646,369004229.9,0.17844498299848643,2,-342028482.9,1,-0.9268958325835169,0.6968860217935405,,91664703.9,2924448.27,94589152.17,,0.07493309503112175,24.827776600519442,现金类资产>有息负债;一次性/其他收益占比较高;股东回报率较高,CHEVALIER INT'L,其士国际集团有限公司,主板,19841205,4.19,1262314763.9999998,1262314763.9999998,0.0,73291.39666666667,0.1299999999999999,-3.91,-3.91,-3.91,负PE/亏损口径,0331,FY-03-31,cache,现金流待验证,14.149904245116929
00318.HK,20250430,47995458.559999995,43020681.76,58291204.65,39747167.25,-10295746.090000004,0.8233739351962422,-0.039249464908432015,197799353.08,0.06670010628720013,9767640.12,-0.16700086329204078,4,-2141195.91,1,-0.2192132269099202,-1.2189281641961234,,,,0.0,,0.0,35.85272212915663,现金类资产>有息负债;近年盈利稳定,黄河实业,黄河实业有限公司,主板,20011009,0.91,262315578.41666663,262315578.41666663,9250.0,101646.18055555556,0.4766666666666666,23.725,23.725,23.725,低PB高分红旁路,0430,FY-04-30,cache,现金流待验证,14.140220633100327
00311.HK,20251231,385747572.8,385747572.8,1911172892.8,1003993792.0,-1525425320.0,0.2018381352379131,-5.784727594251212,4477254225.6,-0.09204519482286977,31735032.0,-0.22819350559875495,2,209683161.6,2,6.607308970099668,0.16699889258028794,,,,0.0,,0.0,17.06522961134388,非严格净现金,联泰控股,联泰控股有限公司,主板,20040715,0.255,263698730.00000003,263698730.00000003,0.0,149012.6923076923,0.2104761904761904,7.504285714285714,7.504285714285714,7.504285714285714,低PB高分红旁路,1231,FY-12-31,cache,谨慎观察,13.479180216256015
01765.HK,20250831,2833452000.0,2833452000.0,12415062000.0,2937546000.0,-9581610000.0,0.2282269713997401,-8.6979828763679,3960345000.0,0.09183810608186449,384777000.0,-0.047057859105778976,4,1418540000.0,4,3.686654867624624,2.4233179218092555,,409000.0,,409000.0,,0.0003712815483446385,25.27831276758313,非严格净现金;近年盈利稳定;经营现金流稳定;一次性/其他收益占比较高,希教国际控股,希教国际控股有限公司,主板,20180803,0.127,1101589890.0,1101589890.0,201930.0,778437.837,0.0899999999999999,1.4,1.4,1.4,低PB高分红旁路,0831,FY-08-31,cache,可复核,13.188684251459364
00131.HK,20250630,763722558.95,761027746.7,2314454320.1,1164939521.1999998,-1550731761.1499999,0.329979534405761,-1.7599679152554806,153678166.2,0.4685605049568413,-902100028.05,,2,44286115.9,2,,-0.889958441122565,,37200264.4,,37200264.4,,0.0422195981427943,22.60551106214199,非严格净现金;股东回报率较高,卓能(集团),卓能(集团)有限公司,主板,19880815,1.35,881113654.2366413,881113654.2366413,0.0,96572.38823529411,0.1442748091603053,-1.164503816793893,-1.164503816793893,-1.164503816793893,负PE/亏损口径,0630,FY-06-30,cache,反转观察,12.994689585195175
02136.HK,20251231,2692452000.0,2692452000.0,5738550000.0,4692582000.0,-3046098000.0,0.4691868154847479,-3.525475949548035,1210630000.0,0.023969439956720295,-31131000.0,,1,351957000.0,4,,6.19164177186727,,45675000.0,,45675000.0,,0.05286307728628774,15.304285864611785,非严格净现金;经营现金流稳定;一次性/其他收益占比较高;股东回报率较高,利福中国,利福中国集团有限公司,主板,20160715,0.59,864024614.9999999,864024614.9999999,2950.0,334388.5,0.0813793103448275,-25.064827586206896,-25.064827586206896,-25.064827586206896,负PE/亏损口径,1231,FY-12-31,cache,谨慎观察,12.899081217447474
08646.HK,20251231,34605000.0,34605000.0,98427000.0,52464000.0,-63822000.0,0.35158035904782226,-0.30758724357789574,242579000.0,0.05149555536251338,57040000.0,0.1817762588147711,4,-10798000.0,1,-0.18930575035063113,0.048615007012622724,,,,0.0,,0.0,29.45919565775842,非严格净现金;近年盈利稳定,中国宏光,中国宏光控股有限公司,创业板,20200113,0.265,207492350.00000003,207492350.00000003,92925.0,2745537.5055,0.3683050847457626,3.287796610169492,3.287796610169492,3.287796610169492,低PB高分红旁路,1231,FY-12-31,cache,现金流待验证,12.403990392087785
01623.HK,20251231,803145000.0,777622000.0,4682028000.0,2374310000.0,-3878883000.0,0.17153784642039732,-9.855542837720778,4875156000.0,0.16630639417729487,-323554000.0,,3,577938000.0,4,,0.09476625231027896,,,,0.0,,0.0,20.950486207843806,非严格净现金;近年盈利稳定;经营现金流稳定,海隆控股,海隆控股有限公司,主板,20110421,0.232,393573754.7762556,393573754.7762556,6990.0,142710.774,0.1165296803652966,-1.1017351598173517,-1.1017351598173517,-1.1017351598173517,负PE/亏损口径,1231,FY-12-31,cache,反转观察,11.920516697994756
00701.HK,20251231,284943329.5,284943329.5,318854724.4,131749088.52,-33911394.899999976,0.8936462523369781,-0.16648174973664365,241809155.18,-0.2590978585103616,-49802647.58,,0,14861581.88,2,,-0.6754747093708627,,,,0.0,,0.0,23.421924546279307,现金类资产>有息负债,CNT GROUP,北海集团有限公司,主板,19910521,0.107,203694368.62385327,203694368.62385327,0.0,64181.372,0.1668807339449541,-3.691009174311927,-3.691009174311927,-3.691009174311927,负PE/亏损口径,1231,FY-12-31,cache,谨慎观察,11.32480739610693
01257.HK,20251231,2078506121.96,2078506121.96,19693578558.9,16638185813.74,-17615072436.940002,0.10554232770563038,-11.072533297664188,6077978733.48,-0.05443132277122442,102165020.64,-0.30466413462143627,2,3120626003.22,2,30.544955442393377,3.7192959190890442,,52251277.0,,52251277.0,,0.032844259170612775,7.659756957456452,非严格净现金;一次性/其他收益占比较高,中国光大绿色环保,中国光大绿色环保有限公司,主板,20170508,0.77,1590880060.0,1590880060.0,3900.0,317372.19588235294,0.1656962025316455,14.064683544303795,14.064683544303795,14.064683544303795,低PB高分红旁路,1231,FY-12-31,cache,谨慎观察,11.01383281016308
00505.HK,20251231,631600000.0,631600000.0,4236211000.0,1804087000.0,-3604611000.0,0.14909550067265298,-4.452322768205966,9259024000.0,0.14067410881127818,132593000.0,-0.1509185168970285,4,-349414000.0,2,-2.6352371542992468,-1.5457377086271522,,64000.0,12726000.0,12790000.0,,0.015797878940433326,18.404712356297182,非严格净现金;近年盈利稳定,兴业合金,兴业合金材料集团有限公司,主板,20071227,0.9,809602355.3684213,809602355.3684213,0.0,121625.16666666669,0.3221052631578948,5.513684210526318,5.513684210526318,5.513684210526318,低PB高分红旁路,1231,FY-12-31,cache,现金流待验证,11.006874091571383
00256.HK,20251231,8788464276.56,3681074013.22,14911625687.32,524560369.74,-6123161410.76,0.5893699627957542,-17.02031332979204,946719978.42,-0.12962577022509025,-192024572.0,,1,61884118.3,2,,-0.38447318908748823,,3910039.38,,3910039.38,,0.010868584202676713,12.869234591126588,现金类资产>有息负债,冠城钟表珠宝,冠城钟表珠宝集团有限公司,主板,19911210,0.062,359756092.15384614,359756092.15384614,0.0,232397.1,0.0667692307692307,-1.6883076923076925,-1.6883076923076925,-1.6883076923076925,负PE/亏损口径,1231,FY-12-31,cache,谨慎观察,10.615973044889362
00219.HK,20251231,483518956.16,483518956.16,1022344782.58,749342924.7,-538825826.4200001,0.47295096957387167,-1.3469643204753894,646677520.18,0.05719585085898893,-160540129.24,,1,240586195.3,4,,0.01901070090355684,,,,0.0,,0.0,17.284989041487005,非严格净现金;经营现金流稳定,顺豪物业,顺豪物业投资有限公司,主板,19730510,0.69,400029769.3333333,400029769.3333333,0.0,68712.0,0.0574999999999999,-2.252083333333333,-2.252083333333333,-2.252083333333333,负PE/亏损口径,1231,FY-12-31,cache,谨慎观察,10.470623905631253
00420.HK,20120831,921266734.96,921266734.96,2925204899.48,1801802992.7799997,-2003938164.52,0.3149409243515794,-2.516664441445419,5693177948.6,0.058198013623812495,-236529284.35,,2,65213351.6,3,,0.4824776496221619,,14434139.35,,14434139.35,,0.01812724857890721,14.317379416534646,非严格净现金;经营现金流稳定,福田实业,福田实业(集团)有限公司,主板,19880420,0.65,796267524.3939394,796267524.3939394,0.0,240387.36842105264,0.2462121212121212,11.168181818181818,11.168181818181818,11.168181818181818,低PB高分红旁路,0831,FY-08-31,cache,反转观察,10.151337415018148
00711.HK,20250331,1113124005.81,1098141860.76,6075004655.28,3074415527.6400003,-4961880649.469999,0.18323014861273312,-6.632251442578296,8356231186.98,0.10090610556514612,-252891410.37,,3,271930316.1,2,,0.14929261893380139,,13573906.47,9269827.35,22843733.82,,0.030533863525667948,19.666790305523964,非严格净现金;近年盈利稳定,亚洲联合基建控股,亚洲联合基建控股有限公司,主板,19930212,0.405,748144230.1200001,748144230.1200001,0.0,103886.8,0.324,14.6016,14.6016,14.6016,低PB高分红旁路,0331,FY-03-31,cache,反转观察,10.027332205519897
01742.HK,20251031,438072376.5,432163033.5,725358199.5,71217960.0,-287285823.0,0.6039393734047119,-0.9500192559523809,1546527493.5,0.14312925165411894,196280848.5,,2,215516251.5,3,1.0979993878516374,0.8687220011686468,,,,0.0,,0.0,19.02993171483606,现金类资产>有息负债;经营现金流稳定;一次性/其他收益占比较高,HPC HOLDINGS,HPC Holdings Limited,主板,20180511,0.189,302400000.0,302400000.0,0.0,135097.5,0.4484745762711864,1.4094915254237288,1.4094915254237288,1.4094915254237288,低PB高分红旁路,1031,FY-10-31,cache,谨慎观察,9.896620368281553
06968.HK,20251231,146195000.0,146195000.0,13437948000.0,4106928000.0,-13291753000.0,0.010879265197335189,-52.875384163691244,2702311000.0,-0.3897760624297235,-1293182000.0,,2,1608497000.0,4,,-0.026367518261157363,,,,0.0,,0.0,14.195826773552033,非严格净现金;经营现金流稳定,港龙中国地产,港龙中国地产集团有限公司,主板,20200715,0.155,251378845.0000001,251378845.0000001,0.0,677122.7,0.1092948717948717,-0.1788461538461538,-0.1788461538461538,-0.1788461538461538,负PE/亏损口径,1231,FY-12-31,cache,反转观察,9.884889159254215
00353.HK,20250331,335396103.69,329671789.2,861000390.0,98856318.08999999,-525604286.31,0.3895423365487674,-0.6998494168905618,139973931.57,-0.30788525386479937,236549013.9,1.837867171673179,4,83808652.11,3,0.3542971950220419,1.9906448718448875,,,,0.0,,0.0,23.64854894780516,现金类资产>有息负债;近年盈利稳定;经营现金流稳定;一次性/其他收益占比较高,能源国际投资,能源国际投资控股有限公司,主板,20010726,0.355,751024825.6621622,751024825.6621622,0.0,153828.64666666667,0.2782432432432432,2.772837837837838,2.772837837837838,2.772837837837838,低PB高分红旁路,0331,FY-03-31,cache,可复核,9.654009521554066
02693.HK,20251231,218346000.0,205630000.0,455834000.0,266236000.0,-237488000.0,0.4790033213845391,-0.845479262630693,272081000.0,,38829000.0,,1,63698000.0,1,1.6404749027788508,0.08403512838342476,,,,0.0,,0.0,17.209769264460327,非严格净现金,金岩高岭新材,安徽金岩高岭土新材料股份有限公司,主板,20251203,2.89,280891572.9772727,70226999.99999999,0.0,60706.05263157895,0.4187215909090908,6.535340909090908,6.535340909090908,6.535340909090908,低PB高分红旁路,1231,FY-12-31,cache,谨慎观察,9.5277211533831
02098.HK,20251231,1509853000.0,1509853000.0,47320782000.0,14435534000.0,-45810929000.0,0.03190676350192184,-43.465611812934554,155029341000.0,0.11811379483043805,147449000.0,,3,86955000.0,3,0.5897293301412692,7.394997592387877,,7555000.0,,7555000.0,,0.007168217375524529,3.442621596822107,非严格净现金;近年盈利稳定;经营现金流稳定;一次性/其他收益占比较高,卓尔智联,卓尔智联集团有限公司,主板,20110713,0.085,1053957993.2098764,1053957993.2098764,0.0,79853.95,0.0629629629629629,6.453703703703704,6.453703703703704,6.453703703703704,低PB高分红旁路,1231,FY-12-31,cache,可复核,8.981870020084248
06828.HK,20251231,287638000.0,287593000.0,2658827000.0,2301057000.0,-2371189000.0,0.10818229241691919,-3.5962669528155784,1918487000.0,0.11045339034154433,87165000.0,0.7361969916417699,4,-141579000.0,3,-1.6242643262777492,0.31828142029484313,,,,0.0,,0.0,25.127904219966428,非严格净现金;近年盈利稳定;经营现金流稳定,北京燃气蓝天,北京燃气蓝天控股有限公司,主板,20110712,0.029,659347326.3000001,659347326.3000001,0.0,151033.2,0.435,6.834333333333334,6.834333333333334,6.834333333333334,低PB高分红旁路,1231,FY-12-31,cache,现金流待验证,8.85178547987428
00583.HK,20251231,135193066.38,135193066.38,5241622303.64,5157386200.0,-5106429237.26,0.02579221823863889,-16.367737551388544,104241523.42,-0.011848894814185718,-430221750.4,,2,65431966.46,4,,-0.44808532079274443,,,,0.0,,0.0,14.4642599282955,非严格净现金;经营现金流稳定,长城环亚控股,长城环亚控股有限公司,主板,19900629,0.199,311981373.1878173,311981373.1878173,0.0,106243.55555555556,0.0909137055837563,-0.6565989847715736,-0.6565989847715736,-0.6565989847715736,负PE/亏损口径,1231,FY-12-31,cache,反转观察,8.55742551228159
06118.HK,20251231,227394000.0,227394000.0,1303918000.0,343675000.0,-1076524000.0,0.17439286826318834,-3.000283717671375,1530672000.0,-0.10802477917612652,33805000.0,-0.271568305604046,3,132104000.0,2,3.9078242863481734,0.8067149829906819,,,,0.0,,0.0,13.02712572076829,非严格净现金;近年盈利稳定;一次性/其他收益占比较高,奥星生命科技,奥星生命科技有限公司,主板,20141107,0.7,358807400.0,358807400.0,0.0,61998.0,0.3943661971830986,9.583098591549296,9.583098591549296,9.583098591549296,低PB高分红旁路,1231,FY-12-31,cache,可复核,8.15907169850556
01282.HK,20251231,954937473.98,831982135.38,3550889301.74,1531305639.7,-2595951827.7599998,0.26892910277773613,-6.742732020155844,919597185.04,0.08258479462456991,-108250013.78,,1,212144700.72,3,,-1.0044806381363216,,,,0.0,,0.0,8.84072384999925,非严格净现金;经营现金流稳定,中泽丰,中泽丰国际有限公司,主板,20101215,0.077,384999999.99999994,384999999.99999994,18512.0,71969.3,0.0673749999999999,-3.2147499999999996,-3.2147499999999996,-3.2147499999999996,负PE/亏损口径,1231,FY-12-31,cache,谨慎观察,6.595656482198544
02138.HK,20260331,872937347.0,686306439.6,2329739508.7,1110865000.55,-1456802161.6999998,0.374693112144156,-3.1117715894630273,3328891026.4,-0.006293709129612579,-355579858.1,,1,535561269.05,4,,-0.0931867957230618,,,,0.0,,0.0,15.744476018594808,非严格净现金;经营现金流稳定,医思健康,医思健康,主板,20160311,0.395,468158449.2361112,468158449.2361112,0.0,95346.25,0.2633333333333333,-2.4468055555555557,-2.4468055555555557,-2.4468055555555557,负PE/亏损口径,0331,FY-03-31,cache,谨慎观察,6.224178576171219
02023.HK,20251231,42676000.0,42676000.0,1330643000.0,705088000.0,-1287967000.0,0.03207171269829699,-3.3575431955871147,1118404000.0,0.2788783592678459,56257000.0,0.3608835793241283,4,-48536000.0,3,-0.8627548571733296,0.451997084807224,,,,0.0,,0.0,21.370997397365223,非严格净现金;近年盈利稳定;经营现金流稳定,中国绿岛科技,中国绿岛科技有限公司,主板,20131011,0.78,383604000.0000001,383604000.0000001,0.0,59046.31578947369,0.5824000000000001,6.1568000000000005,6.1568000000000005,6.1568000000000005,低PB高分红旁路,1231,FY-12-31,cache,现金流待验证,6.1718310240358
02146.HK,20251231,529387382.8,529387382.8,1979778324.83,7198099.01,-1450390942.03,0.26739730209212065,-2.6602915297688923,1912958890.05,-0.017152339931868266,112608615.45,-0.22522433615333826,4,-22898220.09,0,-0.20334341203375483,-0.11866097692971857,,106495.83,,106495.83,,0.00019533351063829788,4.367264767782894,现金类资产>有息负债;近年盈利稳定,荣万家,荣万家生活服务股份有限公司,主板,20210115,1.45,545200000.0,136300000.0,0.0,105147.85714285714,0.2144366197183098,4.370422535211268,4.370422535211268,4.370422535211268,低PB高分红旁路,1231,FY-12-31,cache,现金流待验证,5.7726651298861515
00825.HK,20250630,677751208.55,677751208.55,5840240881.8,3402754475.25,-5162489673.25,0.11604850249620399,-11.133496657113765,1078694585.8,-0.13286885557806316,23058655.75,,2,331262189.7,4,14.366066838046272,13.68681036187463,,,,0.0,,0.0,14.088873044931674,非严格净现金;经营现金流稳定;一次性/其他收益占比较高,新世界百货中国,新世界百货中国有限公司,主板,20070712,0.275,463689875.00000006,463689875.00000006,0.0,56114.37789473684,0.1283333333333333,12.365833333333336,12.365833333333336,12.365833333333336,低PB高分红旁路,0630,FY-06-30,cache,谨慎观察,5.515918160853836
00078.HK,20251231,225624356.0,184618168.0,14369507624.0,13173554022.0,-14143883268.0,0.015701606617554622,-38.38223667276035,2491532370.0,0.1505987755714644,-1084676898.0,,0,1227927590.0,4,,-0.06445166125405946,,,,0.0,,0.0,4.282628919115982,非严格净现金;经营现金流稳定,REGAL INT'L,富豪酒店国际控股有限公司,主板,19801103,0.41,368500756.9670329,368500756.9670329,0.0,125838.896,0.072087912087912,-0.3063736263736263,-0.3063736263736263,-0.3063736263736263,负PE/亏损口径,1231,FY-12-31,cache,谨慎观察,4.764240961881544
01098.HK,20251231,2317420457.04,2317420457.04,27204522144.92,13670320505.9,-24887101687.879997,0.08518511902892367,-58.26698431842362,4607681088.68,-0.3280235090040803,-5402617655.76,,0,-444909010.82,3,,-0.25124149294793213,,20322450.0,,20322450.0,,0.0475799830093762,14.807327045333487,非严格净现金;经营现金流稳定;股东回报率较高,路劲,路劲基建有限公司,主板,19960704,0.57,427121842.3090908,427121842.3090908,0.0,78790.55555555556,0.0829090909090908,-0.0725454545454545,-0.0725454545454545,-0.0725454545454545,负PE/亏损口径,1231,FY-12-31,cache,谨慎观察,4.148005032359691
00822.HK,20251231,248304210.2,248304210.2,624280373.84,225681258.85999998,-375976163.64000005,0.3977447003061466,-1.1217793731526111,1321918469.64,-0.0054748287019087405,-25206160.54,,1,92111278.82,3,,0.8203318163901531,,,,0.0,,0.0,1.315422808828803,现金类资产>有息负债;经营现金流稳定;一次性/其他收益占比较高,嘉瑞国际,嘉瑞国际控股有限公司,主板,20070627,0.375,335160525.0,335160525.0,0.0,299849.4736842105,0.2848101265822784,-12.009493670886076,-12.009493670886076,-12.009493670886076,负PE/亏损口径,1231,FY-12-31,cache,谨慎观察,2.3330369734998433
00970.HK,20260331,113140330.05,110839362.35,665485595.65,537368667.7,-552345265.6,0.17001168889236798,-2.1522380668682604,2080699929.4,-0.15912615728899449,-80975344.5,,0,223260261.9,3,,0.06057136626322102,,,,0.0,,0.0,1.3333540049039705,非严格净现金;经营现金流稳定,新耀莱,新耀莱国际集团有限公司,主板,19970918,0.38,256637624.85333335,256637624.85333335,0.0,95671.0,0.2229333333333333,-1.2666666666666668,-1.2666666666666668,-1.2666666666666668,负PE/亏损口径,0331,FY-03-31,cache,谨慎观察,0.7081991602532458
02503.HK,20251231,64343000.0,58620000.0,1072587000.0,69797000.0,-1008244000.0,0.059988606984794704,-1.5061772018711834,425318000.0,-0.32420381266327636,-36484000.0,,3,-164247000.0,2,,0.01893980923144392,,,,0.0,,0.0,9.852517214948977,非严格净现金;近年盈利稳定,中深建业,中深建业控股有限公司,主板,20240109,0.195,669405962.8225807,669405962.8225807,0.0,124052.84210526316,0.2306451612903225,-16.575,-16.575,-16.575,负PE/亏损口径,1231,FY-12-31,cache,谨慎观察,-2.118050390259201
02389.HK,20251231,214389202.42000002,126936732.36,309907427.08,103110691.98,-95518224.65999997,0.6917846546628819,-0.20211894731533323,141986184.0,-0.015315853951916703,-91142123.76,,0,-19365940.02,0,,0.14877908590002772,,1781149.84,,1781149.84,,0.0037689575152084318,8.56355885064874,现金类资产>有息负债,北京健康,北京健康(控股)有限公司,主板,20020426,0.078,472584218.00000006,472584218.00000006,0.0,112564.58823529413,0.2799999999999999,-4.68,-4.68,-4.68,负PE/亏损口径,1231,FY-12-31,cache,谨慎观察,-2.6037090515852235
01727.HK,20251231,4355441000.0,4355441000.0,42036857000.0,3631105000.0,-37681416000.0,0.10361005343477511,-85.91597908791994,15479890000.0,-0.27130210537803057,-579782000.0,,3,-1868791000.0,1,,0.027353384547985277,,,,0.0,,0.0,5.536740347250128,现金类资产>有息负债;近年盈利稳定,河北建设,河北建设集团股份有限公司,主板,20171215,0.249,438584491.5,114884491.5,0.0,56390.91666666666,0.0744871794871794,-0.681025641025641,-0.681025641025641,-0.681025641025641,负PE/亏损口径,1231,FY-12-31,cache,谨慎观察,-3.1609886462816164
01265.HK,20251231,519058229.61,519058229.61,689967519.12,,-170909289.51,0.7522937170607951,-0.5994867067900086,1592047662.05,-0.03657881823356246,-44264400.3,,0,-75218113.53,1,,0.104329121115417,,,,0.0,,0.0,7.697550145069169,非严格净现金,天津津燃公用,天津津燃公用事业股份有限公司,主板,20111018,0.155,285092709.43661976,77509300.0,0.0,138847.22222222222,0.1964788732394365,-5.817957746478874,-5.817957746478874,-5.817957746478874,负PE/亏损口径,1231,FY-12-31,cache,谨慎观察,-3.5161131410143387
01813.HK,20251231,634394000.0,634394000.0,140918181000.0,73656395000.0,-140283787000.0,0.00450186055126556,-402.2749141607128,6761856000.0,-0.20490416847883275,-3271406000.0,,0,2220165000.0,4,,1.4312686960896936,,,,0.0,,0.0,-13.094190863153544,非严格净现金;经营现金流稳定;一次性/其他收益占比较高,合景泰富集团,合景泰富集团控股有限公司,主板,20070703,0.102,348726162.288,348726162.288,51.0,151267.78999999998,0.1876799999999999,-0.0979199999999999,-0.0979199999999999,-0.0979199999999999,负PE/亏损口径,1231,FY-12-31,cache,谨慎观察,-4.689042507645148
00227.HK,20251231,258469951.3,164743715.12,3164313851.4,237485441.04,-2905843900.1,0.08168277972352335,-7.848861251576139,368155181.66,0.06397129945721503,-84897260.68,,1,-265082424.92,1,,-0.47423239781262627,,286320.74,,286320.74,,0.0007733697469541531,-4.2976990408903335,现金类资产>有息负债,第一上海,第一上海投资有限公司,主板,19720824,0.169,370224903.5828572,370224903.5828572,0.0,98088.08888888887,0.1545142857142857,-3.940114285714287,-3.940114285714287,-3.940114285714287,负PE/亏损口径,1231,FY-12-31,cache,谨慎观察,-7.367359271430905
00367.HK,20260331,142744760.6,0.0,2452658510.0,2041355677.4,-2309913749.4,0.0582000143998848,-5.311809605011414,307263068.2,0.11725511656742116,-314719580.95,,0,-282166346.46,2,,-0.43971091989978706,,,,0.0,,0.0,-4.952399740802074,非严格净现金,庄士机构国际,庄士机构国际有限公司,主板,19870116,0.26,434863807.4716981,434863807.4716981,0.0,83255.29142857144,0.0588679245283018,-0.8241509433962264,-0.8241509433962264,-0.8241509433962264,负PE/亏损口径,0331,FY-03-31,cache,谨慎观察,-9.106319575899551
00713.HK,20251231,373779532.6,373779532.6,1323095365.3,44647067.82,-949315832.6999999,0.28250384847750476,-3.2834340276099234,219393041.22,-0.26896417479956036,-187472343.2,,0,-35210225.26,1,,-0.7378637502408942,,,,0.0,,0.0,-5.914930727404915,现金类资产>有息负债,世界(集团),世界(集团)有限公司,主板,19930415,0.365,289122858.78666663,289122858.78666663,0.0,62089.41176470588,0.3114666666666666,-1.3918666666666668,-1.3918666666666668,-1.3918666666666668,负PE/亏损口径,1231,FY-12-31,cache,谨慎观察,-9.363163606319583
