ts_code,trade_date,close,vol,amount
03399.HK,20260624,1.43,896000.0,1260150.0
00939.HK,20260624,8.49,253201961.0,2167227737.08
00536.HK,20260624,1.11,284000.0,313220.0
03339.HK,20260624,2.67,8710000.0,23135454.0
03366.HK,20260624,0.22,196000.0,43236.0
03336.HK,20260624,4.08,1756000.0,7240380.0
02195.HK,20260624,0.285,50000.0,13500.0
01351.HK,20260624,0.235,62000.0,13746.0
00301.HK,20260624,3.74,3709700.0,12961275.0
06933.HK,20260624,1.77,1912000.0,3512500.0
06919.HK,20260624,3.87,700.0,2485.0
01875.HK,20260624,3.22,430400.0,1436156.0
00666.HK,20260624,13.73,1787560.0,24635372.3
01334.HK,20260624,1.22,1525000.0,1822600.0
00300.HK,20260624,79.9,7969692.0,636116975.9
02465.HK,20260624,13.63,22938000.0,301344875.0
02720.HK,20260624,19.92,67000.0,1339360.0
02726.HK,20260624,114.8,194250.0,21344167.1
06603.HK,20260624,6.02,2998800.0,18544316.0
07489.HK,20260624,3.43,9140445.0,31266858.61
03368.HK,20260624,0.165,5066500.0,835344.0
02313.HK,20260624,40.02,5258466.0,210458187.44
00425.HK,20260624,27.38,7273087.0,200023126.12
00095.HK,20260624,0.138,3362000.0,468462.0
00206.HK,20260624,0.3,1699000.0,508275.0
03318.HK,20260624,2.37,640569.0,1560005.77
02005.HK,20260624,2.21,7666000.0,16865000.0
09600.HK,20260624,0.149,348800.0,51198.4
09668.HK,20260624,0.7,1710000.0,1223635.0
01440.HK,20260624,14.99,1237500.0,18211900.0
06616.HK,20260624,6.95,1190000.0,8482060.0
02418.HK,20260624,2.8,25500.0,71355.0
02167.HK,20260624,3.15,8000.0,25874.0
02407.HK,20260624,5.06,34300.0,173970.0
02402.HK,20260624,13.65,2165477.0,30457589.93
02481.HK,20260624,2.49,1000.0,2490.0
02105.HK,20260624,6.66,2276000.0,15357075.0
09880.HK,20260624,96.7,7924952.0,773593816.1
02511.HK,20260624,2.96,4788500.0,13579525.0
02438.HK,20260624,0.32,2417000.0,748640.0
02512.HK,20260624,2.9,4000.0,11570.0
02431.HK,20260624,8.98,2207444.0,19764793.36
02593.HK,20260624,0.97,62400.0,60672.0
00805.HK,20260624,3.87,3582000.0,13658620.0
08549.HK,20260624,0.223,130000.0,27540.0
09981.HK,20260624,11.7,3197800.0,38244294.0
02706.HK,20260624,60.6,1012000.0,62160760.0
03268.HK,20260624,18.83,540900.0,10117130.0
02692.HK,20260624,56.1,375600.0,21145075.0
03277.HK,20260624,93.25,638110.0,59966628.9
03986.HK,20260624,986.5,3235457.0,3212026742.6
01663.HK,20260624,0.055,338000.0,18536.0
06808.HK,20260624,1.02,10796955.0,10998621.6
08179.HK,20260624,0.01,120000.0,1200.0
06838.HK,20260624,0.24,60000.0,13860.0
01259.HK,20260624,0.03,6460000.0,189869.0
01127.HK,20260624,1.23,80000.0,98200.0
01355.HK,20260624,0.14,120000.0,16860.0
02098.HK,20260624,0.085,1172000.0,91279.0
06828.HK,20260624,0.03,1520000.0,44072.0
00579.HK,20260624,2.01,6363077.0,12788051.69
01145.HK,20260624,0.132,240000.0,32060.0
01146.HK,20260624,0.047,154000.0,7292.0
01115.HK,20260624,0.415,4960000.0,2049250.0
01241.HK,20260624,0.129,12000.0,1550.0
01008.HK,20260624,0.174,2000.0,330.0
08087.HK,20260624,1.75,98000.0,166380.0
06830.HK,20260624,0.222,174000.0,38592.0
01803.HK,20260624,0.085,62500.0,5102.5
08031.HK,20260624,0.355,56000.0,19870.0
01959.HK,20260624,2.29,4996000.0,10944580.0
01930.HK,20260624,0.35,16000.0,5640.0
01931.HK,20260624,0.67,528000.0,350660.0
01952.HK,20260624,25.22,3399000.0,86466664.0
02125.HK,20260624,0.32,99000.0,33010.0
02559.HK,20260624,1.36,620000.0,868590.0
02350.HK,20260624,0.75,515000.0,381600.0
09982.HK,20260624,0.113,9036000.0,958758.0
02442.HK,20260624,68.0,264000.0,17246000.0
02422.HK,20260624,1.74,236000.0,405120.0
02585.HK,20260624,12.42,146400.0,1827230.0
02560.HK,20260624,1.43,46000.0,65380.0
01364.HK,20260624,20.78,5727200.0,117712148.4
02582.HK,20260624,12.49,2840351.0,36271226.11
09660.HK,20260624,4.02,221103811.0,882638003.56
09609.HK,20260624,7.42,120400.0,921390.0
09973.HK,20260624,25.6,1014900.0,25610494.0
02476.HK,20260624,368.0,3877495.0,1446490639.8
01779.HK,20260624,151.7,366950.0,56732780.0
03774.HK,20260624,13.5,79000.0,1063180.0
01281.HK,20260624,0.098,103000.0,9682.0
01315.HK,20260624,0.102,10000.0,1020.0
01303.HK,20260624,0.32,6048000.0,1852248.0
08246.HK,20260624,0.7,60000.0,41100.0
01251.HK,20260624,0.24,1972000.0,467964.0
01830.HK,20260624,1.1,441324.0,480003.44
01057.HK,20260624,3.84,6964000.0,27172180.0
03382.HK,20260624,0.61,2572000.0,1575540.0
03988.HK,20260624,5.27,247029080.0,1309906676.26
00474.HK,20260624,0.115,62748000.0,6597450.0
00527.HK,20260624,0.61,432000.0,268440.0
00272.HK,20260624,0.45,4332000.0,1933882.5
00813.HK,20260624,0.078,8238027.0,639901.89
03900.HK,20260624,6.61,15231330.0,100662856.5
03989.HK,20260624,0.084,432000.0,36424.0
01765.HK,20260624,0.126,6202000.0,781452.0
08611.HK,20260624,0.75,5225000.0,3895450.0
01912.HK,20260624,1.55,831000.0,1227250.0
03700.HK,20260624,1.42,6367000.0,9399690.0
06860.HK,20260624,0.14,1356000.0,187723.0
01850.HK,20260624,0.405,24233525.0,9559633.75
01936.HK,20260624,0.81,46000.0,37160.0
01283.HK,20260624,1.68,200000.0,335400.0
00382.HK,20260624,0.48,1434000.0,692380.0
01960.HK,20260624,0.33,170000.0,56150.0
01412.HK,20260624,1.04,212000.0,219800.0
08208.HK,20260624,0.138,138000.0,20304.0
01827.HK,20260624,0.68,15000.0,10200.0
09689.HK,20260624,0.63,508000.0,315640.0
00917.HK,20260624,8.82,3813800.0,34115165.5
02563.HK,20260624,3.41,1000.0,3426.0
02576.HK,20260624,5.94,716000.0,4226722.0
03858.HK,20260624,68.4,2679314.0,184864448.7
02551.HK,20260624,2.16,68000.0,147230.0
01392.HK,20260624,18.0,6815472.0,134965172.78
01099.HK,20260624,15.76,6462781.0,101973197.26
01618.HK,20260624,1.37,6436713.0,8900340.81
01234.HK,20260624,3.51,108995.0,381807.55
01345.HK,20260624,2.2,81000.0,184590.0
01963.HK,20260624,7.69,32143000.0,258140456.0
01358.HK,20260624,1.13,311000.0,348920.0
03698.HK,20260624,4.69,10002360.0,47300547.8
00434.HK,20260624,2.15,1561000.0,3195430.0
01475.HK,20260624,6.4,142000.0,905790.0
08480.HK,20260624,0.174,600000.0,104952.0
08431.HK,20260624,1.82,1367000.0,2419705.0
06088.HK,20260624,7.55,32861630.0,252754086.6
06186.HK,20260624,2.86,19051987.0,54701710.69
01872.HK,20260624,5.2,12010000.0,57440900.5
01916.HK,20260624,0.59,2007000.0,1194745.0
01653.HK,20260624,2.43,840000.0,2010800.0
01773.HK,20260624,1.09,6256704.0,6952574.52
01801.HK,20260624,77.95,16678775.0,1313114992.06
01785.HK,20260624,1.91,48000.0,92470.0
03978.HK,20260624,3.01,2118000.0,6461450.0
01793.HK,20260624,0.315,2852000.0,916320.0
02360.HK,20260624,1.7,134000.0,228360.0
09686.HK,20260624,0.97,4500.0,4365.0
02237.HK,20260624,0.211,830000.0,174200.0
06913.HK,20260624,0.141,630000.0,89920.0
09898.HK,20260624,57.05,99940.0,5693351.76
02450.HK,20260624,4.97,73500.0,330885.0
02297.HK,20260624,0.235,146000.0,32113.0
02172.HK,20260624,10.5,4271232.0,44723083.2
06610.HK,20260624,0.81,156000.0,123470.0
06613.HK,20260624,26.32,25974040.0,689011850.78
09980.HK,20260624,106.3,349300.0,37204430.0
07630.HK,20260624,36.06,264400.0,9459160.0
02335.HK,20260624,36.9,11330500.0,379187242.0
01081.HK,20260624,64.55,528300.0,33971869.26
01328.HK,20260624,4.11,66200.0,267276.0
03828.HK,20260624,0.76,186000.0,141240.0
00777.HK,20260624,7.26,922940.0,6693885.0
00486.HK,20260624,3.24,261000.0,842320.0
01878.HK,20260624,1.73,45050.0,79194.0
02198.HK,20260624,2.93,4433000.0,13259598.0
00853.HK,20260624,6.17,10935894.0,68185111.28
01233.HK,20260624,0.032,269000.0,8476.0
00854.HK,20260624,5.3,34000.0,178970.0
03369.HK,20260624,2.34,392000.0,909660.0
02211.HK,20260624,0.48,45000.0,21500.0
00636.HK,20260624,5.65,1726833.0,9652680.88
01681.HK,20260624,12.7,2256140.0,28494526.6
00586.HK,20260624,9.86,15513500.0,150753770.0
06818.HK,20260624,3.17,18841246.0,60255472.84
03380.HK,20260624,1.46,9983000.0,14362180.0
02283.HK,20260624,1.95,154000.0,300740.0
03313.HK,20260624,0.059,8122500.0,455945.0
01486.HK,20260624,0.67,44000.0,29280.0
03991.HK,20260624,0.83,286000.0,238420.0
09999.HK,20260624,185.6,3888059.0,721365008.08
02107.HK,20260624,0.231,4505000.0,1099042.5
06989.HK,20260624,0.57,567000.0,325360.0
09626.HK,20260624,126.1,3949832.0,497501703.3
00314.HK,20260624,1.24,407600.0,512486.0
01405.HK,20260624,29.8,239940.0,7221523.6
02425.HK,20260624,1.7,3000.0,4800.0
02489.HK,20260624,0.63,4885000.0,3140150.0
02602.HK,20260624,16.78,887942.0,14559787.82
09896.HK,20260624,22.02,1516886.0,33408047.32
02421.HK,20260624,0.62,70000.0,42720.0
02609.HK,20260624,5.13,27032400.0,141508608.0
02643.HK,20260624,24.6,3068000.0,73552156.0
02396.HK,20260624,4.3,1800.0,7514.0
01333.HK,20260624,17.06,2141400.0,35805644.0
02687.HK,20260624,136.8,165900.0,23155460.0
02729.HK,20260624,30.8,554200.0,17017492.0
06810.HK,20260624,72.7,451590.0,32657618.5
02768.HK,20260624,49.56,671600.0,32758008.0
02701.HK,20260624,11.57,12282000.0,141685754.0
03310.HK,20260624,38.98,1983472.0,75421926.56
08610.HK,20260624,0.495,136000.0,68000.0
00501.HK,20260624,74.05,1110580.0,79978561.5
09611.HK,20260624,24.2,1133000.0,27119012.0
02715.HK,20260624,19.05,9734400.0,187298159.8
02526.HK,20260624,303.6,22450.0,6759430.0
06871.HK,20260624,21.8,880200.0,19809611.0
02259.HK,20260624,100.0,9103694.0,886980999.75
00826.HK,20260624,3.7,15342000.0,56836980.0
00817.HK,20260624,1.31,48176821.0,62765766.47
03816.HK,20260624,1.88,344000.0,644760.0
00815.HK,20260624,0.285,7664000.0,2188550.0
02039.HK,20260624,8.06,3086700.0,25125113.46
08059.HK,20260624,0.024,105000.0,2550.0
01508.HK,20260624,1.15,28003989.0,32382395.35
02669.HK,20260624,3.3,7772000.0,25513740.0
02799.HK,20260624,0.61,62034084.0,38718267.92
03908.HK,20260624,20.52,16937841.0,350578990.84
01556.HK,20260624,0.25,80000.0,20225.0
08406.HK,20260624,0.053,110000.0,6030.0
08540.HK,20260624,4.24,365000.0,1542690.0
01546.HK,20260624,0.133,2088000.0,257192.0
02663.HK,20260624,0.34,130000.0,45850.0
08241.HK,20260624,0.172,10000.0,1640.0
01715.HK,20260624,0.435,202000.0,87820.0
03868.HK,20260624,0.91,5214000.0,4777140.0
00780.HK,20260624,13.07,9410000.0,123187141.6
03321.HK,20260624,1.35,2816750.0,3605980.0
03690.HK,20260624,67.75,53080662.0,3618784009.55
02168.HK,20260624,0.94,14750.0,13865.0
01563.HK,20260624,0.143,204000.0,28278.0
01911.HK,20260624,3.18,934200.0,3002096.0
06676.HK,20260624,0.485,5318500.0,2856507.5
01860.HK,20260624,11.1,20188248.0,223662598.0
06127.HK,20260624,17.14,5853105.0,102145311.82
09698.HK,20260624,31.28,3872462.0,120572193.94
00816.HK,20260624,2.28,638273.0,1441323.79
09636.HK,20260624,26.8,2566100.0,69265709.9
03650.HK,20260624,2.09,534200.0,1135749.0
09866.HK,20260624,39.08,5940597.0,231160653.94
06663.HK,20260624,0.325,50000.0,15400.0
01828.HK,20260624,28.94,107551.0,3127211.98
02469.HK,20260624,0.43,5712000.0,2544672.5
02562.HK,20260624,1.44,22586768.0,33593763.6
02416.HK,20260624,2.79,240500.0,673205.0
00285.HK,20260624,22.22,12701713.0,280297100.38
00556.HK,20260624,0.65,220000.0,143660.0
00117.HK,20260624,3.93,26431260.0,108991606.0
00505.HK,20260624,0.99,325000.0,319880.0
00869.HK,20260624,0.48,1640300.0,779578.0
00460.HK,20260624,0.87,39423000.0,35113560.0
01299.HK,20260624,73.65,17681764.0,1300276904.148
01278.HK,20260624,0.068,3494483.0,236537.752
01600.HK,20260624,2.75,473500.0,1287545.0
06896.HK,20260624,2.92,89500.0,260950.0
03737.HK,20260624,0.71,390000.0,268640.0
08027.HK,20260624,0.133,1055000.0,140315.0
01729.HK,20260624,19.27,9632175.0,186444235.78
01737.HK,20260624,0.142,600000.0,84000.0
01722.HK,20260624,0.104,4380000.0,464540.0
01825.HK,20260624,1.15,912500.0,1154405.0
08367.HK,20260624,0.285,215000.0,49826.0
08107.HK,20260624,0.118,20000.0,2400.0
09696.HK,20260624,43.32,8130200.0,351885606.0
06855.HK,20260624,31.78,2376200.0,75753654.9
01675.HK,20260624,4.6,5758400.0,26573744.0
09968.HK,20260624,0.024,26346000.0,655366.0
00013.HK,20260624,16.2,2844000.0,46258790.0
01981.HK,20260624,0.62,3346000.0,2096250.0
09928.HK,20260624,0.46,747000.0,341780.0
01745.HK,20260624,0.062,2362000.0,139804.0
01953.HK,20260624,0.87,6095000.0,5146875.0
02433.HK,20260624,0.065,238000.0,15750.0
02158.HK,20260624,4.54,8506891.0,38647690.02
09699.HK,20260624,7.4,2461400.0,18226735.0
09860.HK,20260624,3.99,81000.0,320420.0
01244.HK,20260624,2.7,31000.0,83310.0
09930.HK,20260624,0.76,668000.0,495270.0
02347.HK,20260624,0.75,200000.0,150000.0
02420.HK,20260624,3.86,53500.0,207850.0
02458.HK,20260624,4.9,23600.0,114672.0
01228.HK,20260624,1.88,138000.0,263790.0
02376.HK,20260624,2.35,1500.0,3525.0
02789.HK,20260624,0.165,1742000.0,283858.0
02299.HK,20260624,5.31,10000.0,53060.0
02607.HK,20260624,11.9,3789493.0,45257638.67
08132.HK,20260624,0.112,1130500.0,122064.0
03600.HK,20260624,5.86,147000.0,862187.0
01662.HK,20260624,0.85,49000.0,41880.0
06196.HK,20260624,0.91,1989010.0,1822695.1
01568.HK,20260624,0.57,126000.0,71420.0
03678.HK,20260624,2.41,10669000.0,26276530.0
06877.HK,20260624,0.109,90000.0,9900.0
00807.HK,20260624,0.97,455000.0,441550.0
01756.HK,20260624,0.445,196000.0,76955.0
01686.HK,20260624,4.84,8849600.0,42665199.0
01787.HK,20260624,19.16,27741368.0,526547620.57
01772.HK,20260624,56.05,13797437.0,768847587.502
08357.HK,20260624,0.102,50000.0,5905.0
08042.HK,20260624,0.067,70000.0,4770.0
08547.HK,20260624,0.073,20510000.0,1666010.0
06966.HK,20260624,0.52,90000.0,45900.0
01402.HK,20260624,0.245,440000.0,103350.0
06668.HK,20260624,1.2,278000.0,336980.0
06988.HK,20260624,0.07,386000.0,26000.0
02126.HK,20260624,1.68,888000.0,1486969.5
02142.HK,20260624,9.95,5652000.0,57681760.0
09901.HK,20260624,34.78,1873306.0,65371393.76
09963.HK,20260624,10.22,550000.0,5792520.0
06608.HK,20260624,4.83,590500.0,2933511.0
06626.HK,20260624,1.61,565000.0,913445.0
02321.HK,20260624,0.5,165000.0,83550.0
02497.HK,20260624,0.62,32000.0,20200.0
02150.HK,20260624,0.62,3808500.0,2393495.0
06669.HK,20260624,8.04,362408.0,2931380.72
02571.HK,20260624,15.5,6000.0,92204.0
02555.HK,20260624,4.71,896200.0,4201714.0
09680.HK,20260624,6.41,7000.0,44656.0
06936.HK,20260624,29.54,2091948.0,61445522.08
02577.HK,20260624,69.25,16284006.0,1126258232.15
02648.HK,20260624,68.6,172446.0,11755116.8
02543.HK,20260624,27.2,14400.0,391792.0
02539.HK,20260624,8.3,61900.0,531009.0
02659.HK,20260624,16.57,1671200.0,29028559.0
02630.HK,20260624,61.0,213200.0,12235050.0
02698.HK,20260624,26.0,317123.0,8334027.52
00794.HK,20260624,0.25,30000.0,7500.0
00841.HK,20260624,0.235,2550000.0,559660.0
00867.HK,20260624,10.15,7201000.0,72570580.0
01682.HK,20260624,0.202,2580000.0,540412.0
01308.HK,20260624,31.7,3181955.0,100063254.81
00048.HK,20260624,0.345,28000.0,9500.0
01733.HK,20260624,0.59,902000.0,527600.0
00975.HK,20260624,6.58,4581000.0,30044589.0
01029.HK,20260624,0.45,212000.0,94220.0
00580.HK,20260624,2.8,11040000.0,31212040.0
00956.HK,20260624,3.21,4398000.0,14199472.0
01685.HK,20260624,0.95,2778000.0,2532090.0
08269.HK,20260624,0.3,720000.0,214350.0
01725.HK,20260624,0.4,4466600.0,1766367.0
03302.HK,20260624,0.375,10000.0,3750.0
01741.HK,20260624,0.18,120000.0,21600.0
02798.HK,20260624,0.71,175000.0,121000.0
01842.HK,20260624,0.037,140000.0,5180.0
01809.HK,20260624,6.72,103000.0,704560.0
06100.HK,20260624,2.05,1844600.0,3761172.0
01731.HK,20260624,0.77,64000.0,48440.0
06190.HK,20260624,2.3,13200.0,30390.0
00368.HK,20260624,3.93,1724000.0,6124280.0
02153.HK,20260624,0.77,4000.0,3060.0
09688.HK,20260624,14.19,10766900.0,152930251.0
02057.HK,20260624,171.1,551530.0,94141395.75
09991.HK,20260624,6.98,5500.0,38150.0
02170.HK,20260624,1.36,20000.0,27200.0
02285.HK,20260624,15.63,678200.0,10652430.0
06682.HK,20260624,25.32,6233050.0,159669883.0
02427.HK,20260624,3.2,245000.0,773000.0
02482.HK,20260624,0.5,3000.0,1360.0
06698.HK,20260624,0.8,26600.0,20681.0
02520.HK,20260624,2.21,120000.0,265340.0
02477.HK,20260624,0.36,148650400.0,54870232.0
02685.HK,20260624,13.39,7480500.0,99684495.0
09879.HK,20260624,8.92,488000.0,4414600.0
03881.HK,20260624,22.86,4543500.0,107412876.0
02635.HK,20260624,13.86,2798200.0,38766024.0
06600.HK,20260624,60.25,309200.0,18987270.0
01989.HK,20260624,170.6,994100.0,167642865.7
06082.HK,20260624,60.0,13071160.0,812182826.9
09903.HK,20260624,788.0,2228435.0,1613277843.2
02513.HK,20260624,2174.0,3354102.0,7693120110.3
00100.HK,20260624,477.6,2419712.0,1201235764.18
01808.HK,20260624,2.32,218000.0,512320.0
01889.HK,20260624,0.23,78800.0,17377.2
00546.HK,20260624,5.1,14677060.0,72727294.6
00640.HK,20260624,2.47,8000.0,19400.0
01181.HK,20260624,0.135,114000.0,13810.0
01011.HK,20260624,0.4,221300.0,88605.0
01152.HK,20260624,0.38,5754000.0,2214400.0
01247.HK,20260624,1.13,390000.0,451620.0
01738.HK,20260624,0.047,5000.0,235.0
01389.HK,20260624,0.4,396000.0,152220.0
06826.HK,20260624,15.89,138200.0,2232007.0
01470.HK,20260624,0.151,252000.0,37812.0
01113.HK,20260624,44.66,5154585.0,229855185.98
01528.HK,20260624,1.15,1516000.0,1714811.0
03396.HK,20260624,15.17,6516300.0,100876797.5
03839.HK,20260624,8.19,57000.0,460395.0
02193.HK,20260624,0.255,340000.0,88620.0
03882.HK,20260624,0.43,463000.0,185680.0
02286.HK,20260624,0.141,20000.0,2606.0
01461.HK,20260624,0.6,63000.0,39060.0
01456.HK,20260624,3.94,3533500.0,14203865.0
01986.HK,20260624,0.87,1102000.0,948000.0
02699.HK,20260624,5.1,42640.0,220966.4
02666.HK,20260624,4.75,6537000.0,31198945.0
01498.HK,20260624,0.29,52000.0,15085.0
08616.HK,20260624,0.058,10000.0,570.0
01909.HK,20260624,1.81,15300.0,27615.0
08659.HK,20260624,0.11,800000.0,81570.0
01156.HK,20260624,0.21,740000.0,154856.0
01747.HK,20260624,4.16,326000.0,1386380.0
02549.HK,20260624,4.13,20500.0,82900.0
03317.HK,20260624,116.8,2035395.0,247530413.8
03677.HK,20260624,5.85,2236725.0,13158952.5
02597.HK,20260624,35.0,16500.0,579000.0
06031.HK,20260624,18.55,6551364.0,122077512.04
00901.HK,20260624,71.5,499900.0,36954345.0
07688.HK,20260624,28.0,438700.0,12120190.0
03355.HK,20260624,33.98,174540.0,6002345.6
02714.HK,20260624,28.48,4030100.0,114435244.1
06106.HK,20260624,106.0,6299740.0,673166086.4
02026.HK,20260624,56.55,953857.0,53570843.75
00800.HK,20260624,15.2,1127859.0,17045758.52
09876.HK,20260624,2.9,86000.0,229600.0
03360.HK,20260624,5.16,21247200.0,109319610.0
00484.HK,20260624,0.61,39500.0,24320.0
02393.HK,20260624,0.069,70000.0,4830.0
00401.HK,20260624,0.124,1400000.0,168680.0
02023.HK,20260624,0.74,44000.0,32760.0
08181.HK,20260624,0.056,16000.0,896.0
00932.HK,20260624,0.028,7452000.0,201308.0
08502.HK,20260624,0.31,88000.0,27280.0
08447.HK,20260624,0.047,240000.0,11660.0
08516.HK,20260624,1.71,526500.0,936180.0
01719.HK,20260624,0.24,52000.0,12480.0
01833.HK,20260624,7.06,13021500.0,92677208.0
01576.HK,20260624,1.7,20000.0,34000.0
01652.HK,20260624,1.07,55000.0,57520.0
01690.HK,20260624,0.105,1220000.0,126840.0
01897.HK,20260624,0.44,940.0,385.4
01843.HK,20260624,0.214,184000.0,39900.0
01084.HK,20260624,0.67,12000.0,7880.0
02381.HK,20260624,0.25,1710000.0,421480.0
01134.HK,20260624,0.345,1408000.0,469400.0
01901.HK,20260624,0.206,4596000.0,924874.0
01949.HK,20260624,0.435,12000.0,5220.0
02135.HK,20260624,0.112,64000.0,6858.0
09989.HK,20260624,3.93,769000.0,3090785.0
09996.HK,20260624,4.06,874997.0,3552983.12
01502.HK,20260624,1.98,160000.0,317840.0
06996.HK,20260624,3.36,1184408.0,4048672.72
09987.HK,20260624,321.2,570297.0,183008599.7
01209.HK,20260624,37.0,4520590.0,166936484.02
06601.HK,20260624,2.05,621000.0,1280775.0
09690.HK,20260624,12.24,1188699.0,14509891.35
03931.HK,20260624,24.88,2495000.0,61804866.0
08529.HK,20260624,0.395,65000.0,26000.0
02391.HK,20260624,16.3,64400.0,1004834.0
02268.HK,20260624,53.2,9578896.0,508640664.25
02097.HK,20260624,249.4,424804.0,105500460.0
02519.HK,20260624,4.6,3000.0,13800.0
02581.HK,20260624,2.45,32000.0,78495.0
01318.HK,20260624,51.8,1371621.0,71162150.7
02693.HK,20260624,2.98,75000.0,228950.0
02637.HK,20260624,180.0,329500.0,58814474.35
01276.HK,20260624,56.6,5740086.0,333217959.0
02493.HK,20260624,25.06,323200.0,8408432.0
06067.HK,20260624,9.56,24809760.0,245580228.8
03296.HK,20260624,69.05,2814961.0,193742936.8
02009.HK,20260624,0.58,8963000.0,5214440.0
01380.HK,20260624,0.8,8360000.0,6647920.0
01623.HK,20260624,0.229,104000.0,23654.0
03363.HK,20260624,0.3,116000.0,34750.0
00834.HK,20260624,0.24,224000.0,53760.0
01143.HK,20260624,0.345,208400.0,69128.0
01121.HK,20260624,0.6,964004.0,520762.32
01378.HK,20260624,21.78,34890391.0,760459921.661
01302.HK,20260624,1.42,22628000.0,32375940.0
01239.HK,20260624,0.315,160000.0,49000.0
01269.HK,20260624,0.034,1280000.0,44370.0
00844.HK,20260624,0.405,232000.0,94960.0
01300.HK,20260624,3.45,8495000.0,30194930.0
01277.HK,20260624,1.58,15054721.0,23578571.55
00863.HK,20260624,11.8,1528000.0,17983900.0
02623.HK,20260624,4.5,2001000.0,8939340.0
08030.HK,20260624,1.51,681000.0,1019160.0
01522.HK,20260624,0.255,240000.0,60320.0
01268.HK,20260624,0.59,255484.0,150945.84
03315.HK,20260624,0.67,150000.0,101630.0
00968.HK,20260624,2.0,129704120.0,258298965.3
01689.HK,20260624,0.295,228000.0,68030.0
01520.HK,20260624,0.5,1533000.0,770820.0
01359.HK,20260624,1.0,73699410.0,74847022.6
01483.HK,20260624,1.17,340000.0,383620.0
01372.HK,20260624,0.9,427000.0,380810.0
01540.HK,20260624,0.405,351000.0,137385.0
01796.HK,20260624,0.38,958000.0,353960.0
08603.HK,20260624,13.5,79000.0,1063180.0
01903.HK,20260624,2.98,698000.0,1982920.0
01851.HK,20260624,7.21,502000.0,3635560.0
01837.HK,20260624,1.42,876000.0,1265320.0
03347.HK,20260624,33.32,3441200.0,113811653.3
02146.HK,20260624,1.39,431500.0,582490.0
03913.HK,20260624,0.133,2399559.0,328154.125
09889.HK,20260624,3.42,193000.0,667830.0
01153.HK,20260624,0.295,8000.0,2510.0
06998.HK,20260624,1.78,1040000.0,1877040.0
06993.HK,20260624,3.0,1884880.0,5626372.0
03880.HK,20260624,23.68,120800.0,2886374.0
02605.HK,20260624,1.13,11600.0,13216.0
00068.HK,20260624,12.25,2545348.0,31012560.6
01511.HK,20260624,97.1,179200.0,17274577.5
02723.HK,20260624,342.0,111050.0,37605660.0
02657.HK,20260624,30.72,43196.0,1326130.76
03200.HK,20260624,184.3,2446700.0,456266653.2
03636.HK,20260624,14.88,141000.0,2154366.0
01236.HK,20260624,35.42,428420.0,14598254.0
00090.HK,20260624,1.06,338000.0,368100.0
00948.HK,20260624,0.21,40000.0,8400.0
01280.HK,20260624,1.47,70000.0,105440.0
01020.HK,20260624,0.186,5944000.0,1103252.0
01788.HK,20260624,2.01,62024000.0,125521975.0
01900.HK,20260624,0.224,99000.0,22163.0
01288.HK,20260624,5.58,78356568.0,440288712.16
00936.HK,20260624,0.27,10000.0,2700.0
02031.HK,20260624,0.37,25000.0,9250.0
08300.HK,20260624,0.031,120000.0,3640.0
06178.HK,20260624,7.58,1850800.0,14242894.0
08413.HK,20260624,0.041,1130000.0,46700.0
01417.HK,20260624,2.02,2868000.0,5746120.0
08472.HK,20260624,0.235,400000.0,91154.0
03309.HK,20260624,1.01,886000.0,866756.0
01735.HK,20260624,8.42,10089000.0,85827420.0
08422.HK,20260624,0.136,57000.0,7133.0
08426.HK,20260624,0.25,20000.0,5000.0
01757.HK,20260624,16.71,339000.0,5667510.0
01716.HK,20260624,4.5,764000.0,3442020.0
01416.HK,20260624,0.182,160000.0,29310.0
00667.HK,20260624,3.83,4937500.0,18847972.5
09966.HK,20260624,7.1,1916000.0,13875540.0
03390.HK,20260624,0.245,420000.0,100946.0
01941.HK,20260624,0.475,446000.0,214880.0
06677.HK,20260624,0.32,270500.0,84337.5
01179.HK,20260624,32.8,3892130.0,127530320.5
06690.HK,20260624,19.73,13596274.0,268327285.3
09959.HK,20260624,1.82,6056001.0,10863109.3
09985.HK,20260624,7.26,1247200.0,9107243.0
02235.HK,20260624,7.14,86600.0,614825.0
02372.HK,20260624,0.88,784000.0,711000.0
02015.HK,20260624,49.44,14618683.0,717979351.28
02440.HK,20260624,1.05,197000.0,184550.0
02411.HK,20260624,1.62,1075500.0,1737045.0
02423.HK,20260624,38.3,10978405.0,420317995.66
02367.HK,20260624,26.24,6563196.0,171380214.54
02658.HK,20260624,47.0,44000.0,2075262.0
02595.HK,20260624,27.5,775859.0,21211252.96
02553.HK,20260624,47.0,618000.0,28338896.0
06090.HK,20260624,31.0,2015506.0,65785226.6
06675.HK,20260624,34.66,788400.0,26784096.0
00916.HK,20260624,5.23,21534189.0,111936746.03
01822.HK,20260624,0.129,90000.0,11610.0
03969.HK,20260624,3.31,5688000.0,18834600.0
01718.HK,20260624,0.36,1195000.0,430650.0
08316.HK,20260624,0.265,812000.0,207854.0
01720.HK,20260624,0.53,3132000.0,1660200.0
08519.HK,20260624,0.209,20000.0,4180.0
03878.HK,20260624,0.229,206000.0,47136.0
01871.HK,20260624,0.345,64000.0,22280.0
08379.HK,20260624,0.126,10000.0,1260.0
00804.HK,20260624,3.33,5000.0,16600.0
08606.HK,20260624,0.052,80000.0,4090.0
01286.HK,20260624,8.53,2521037.0,21636395.39
01969.HK,20260624,0.98,131000.0,130550.0
08219.HK,20260624,0.265,5390000.0,1350080.0
01760.HK,20260624,2.13,3329000.0,7240410.0
01736.HK,20260624,0.445,5000.0,2225.0
01906.HK,20260624,0.41,360000.0,158900.0
03668.HK,20260624,30.44,3431900.0,105408372.0
01861.HK,20260624,3.02,110000.0,339060.0
01943.HK,20260624,0.63,21790000.0,13962650.0
01593.HK,20260624,1.19,216000.0,249460.0
09608.HK,20260624,0.043,1510000.0,65350.0
01413.HK,20260624,0.189,1638000.0,279650.0
02459.HK,20260624,0.59,306600.0,176120.0
06618.HK,20260624,33.4,9839153.0,328207629.19
02155.HK,20260624,7.94,5433000.0,43252190.0
06666.HK,20260624,1.02,18268420.0,18805138.1
02156.HK,20260624,2.61,853157.0,2257271.34
09858.HK,20260624,3.0,14365736.0,42953256.92
02175.HK,20260624,3.05,137000.0,388320.0
06922.HK,20260624,4.01,28600.0,114472.0
02455.HK,20260624,0.67,180000.0,121460.0
06963.HK,20260624,3.43,34499000.0,121609680.0
02675.HK,20260624,37.06,2168370.0,83075558.4
02373.HK,20260624,17.0,184023.0,3055265.66
09658.HK,20260624,9.62,155500.0,1498290.0
06681.HK,20260624,1.91,73731000.0,157786203.0
02535.HK,20260624,0.5,710000.0,342800.0
02603.HK,20260624,17.8,4093000.0,72699495.0
02865.HK,20260624,22.26,5329412.0,118244925.8
02589.HK,20260624,139.7,29490.0,4030761.0
02591.HK,20260624,7.42,8933000.0,73906374.0
01384.HK,20260624,41.48,4043280.0,173840596.0
06658.HK,20260624,146.0,116700.0,16700150.0
02546.HK,20260624,15.39,406000.0,6320700.0
02691.HK,20260624,6.17,1261500.0,7737180.0
02579.HK,20260624,27.8,1215800.0,34208486.0
00151.HK,20260624,3.95,3878260.0,15341016.2
00098.HK,20260624,6.77,12000.0,81600.0
01638.HK,20260624,0.048,1192000.0,58964.0
01866.HK,20260624,9.76,4484214.0,43499011.52
01918.HK,20260624,0.71,107184419.0,76883336.32
01080.HK,20260624,0.066,141000.0,9502.5
02601.HK,20260624,27.64,23710538.0,657432080.24
01823.HK,20260624,1.32,138000.0,178000.0
02128.HK,20260624,3.83,7014002.0,26748450.58
02238.HK,20260624,2.18,16077271.0,35261032.96
00951.HK,20260624,1.35,1113000.0,1490865.0
01431.HK,20260624,0.223,2074000.0,462445.0
01515.HK,20260624,2.41,1914000.0,4611945.0
01370.HK,20260624,0.122,344000.0,40656.0
08280.HK,20260624,0.119,4000.0,480.0
03958.HK,20260624,5.65,8398400.0,48168872.0
01606.HK,20260624,1.51,1634000.0,2483870.0
02227.HK,20260624,0.275,80000.0,21860.0
08136.HK,20260624,0.04,1480000.0,57950.0
01183.HK,20260624,0.135,124000.0,16740.0
08489.HK,20260624,0.2,310000.0,62195.0
02108.HK,20260624,0.455,20000.0,9200.0
02359.HK,20260624,141.7,12471512.0,1765631137.9
09933.HK,20260624,1.5,1152000.0,1727680.0
01525.HK,20260624,1.92,28500.0,56330.0
01951.HK,20260624,2.03,8549500.0,17537735.0
03603.HK,20260624,0.084,615000.0,51615.0
01401.HK,20260624,0.243,916000.0,224990.0
03938.HK,20260624,3.62,32000.0,115880.0
02145.HK,20260624,27.46,1718600.0,47705011.8
01541.HK,20260624,3.68,796200.0,3001022.0
02480.HK,20260624,12.8,400.0,5120.0
02483.HK,20260624,1.8,88000.0,158400.0
07618.HK,20260624,11.16,1876703.0,20796011.53
02509.HK,20260624,13.79,119400.0,1660548.0
09676.HK,20260624,3.8,324300.0,1238466.0
02517.HK,20260624,1.72,27404000.0,47887762.0
01274.HK,20260624,3.4,187100.0,639110.0
02508.HK,20260624,3.68,1334306.0,4854138.24
02432.HK,20260624,26.1,3095100.0,81402011.8
02625.HK,20260624,2.28,6000.0,12930.0
06168.HK,20260624,15.67,1016340.0,15927713.4
02573.HK,20260624,4.85,2400.0,11510.0
02889.HK,20260624,132.5,557400.0,75459902.56
09639.HK,20260624,1.0,160000.0,160650.0
06636.HK,20260624,84.65,164650.0,13904187.5
01879.HK,20260624,421.4,446542.0,191260122.6
01766.HK,20260624,4.7,35639520.0,168363001.6
02208.HK,20260624,10.13,16778995.0,168503260.11
01282.HK,20260624,0.082,32000.0,2528.0
02188.HK,20260624,0.133,4000.0,536.0
00798.HK,20260624,0.132,2432000.0,318636.0
06138.HK,20260624,0.31,1567000.0,485770.0
02100.HK,20260624,0.44,2236000.0,958230.0
06198.HK,20260624,6.55,6745632.0,44251188.0
01330.HK,20260624,5.49,1925000.0,10478690.0
01347.HK,20260624,192.0,59727590.0,11189735885.0
08195.HK,20260624,1.21,278000.0,333320.0
01548.HK,20260624,12.12,39075101.0,462413606.03
01799.HK,20260624,3.99,1471600.0,5817372.0
08331.HK,20260624,0.33,220000.0,63800.0
03773.HK,20260624,2.44,52000.0,127220.0
01565.HK,20260624,0.146,568000.0,83564.0
03301.HK,20260624,0.049,2086000.0,110811.5
00797.HK,20260624,1.18,14548000.0,16451480.0
01890.HK,20260624,0.8,946000.0,758560.0
01672.HK,20260624,10.11,9034500.0,90934521.8
08601.HK,20260624,0.232,40000.0,9280.0
02013.HK,20260624,1.23,35189000.0,44031380.0
01877.HK,20260624,16.57,3884800.0,65070652.4
01857.HK,20260624,1.3,312000.0,407650.0
01995.HK,20260624,1.67,2366000.0,3958170.0
03348.HK,20260624,1.3,42000.0,54600.0
03680.HK,20260624,2.06,202000.0,414400.0
01967.HK,20260624,0.345,144800.0,48367.0
01346.HK,20260624,1.28,28000.0,35880.0
01870.HK,20260624,0.36,1215000.0,420737.5
01147.HK,20260624,0.14,1490000.0,202890.0
09979.HK,20260624,1.72,2031000.0,3529648.0
02101.HK,20260624,0.94,51500.0,47270.0
01449.HK,20260624,0.285,56000.0,15935.0
02256.HK,20260624,9.41,2082000.0,19470793.0
09878.HK,20260624,7.22,264100.0,1903853.0
02279.HK,20260624,2.01,205500.0,422155.0
01489.HK,20260624,0.52,275000.0,142500.0
02650.HK,20260624,11.06,1706150.0,19237990.0
02570.HK,20260624,21.9,701729.0,15721031.96
03288.HK,20260624,30.1,2532528.0,76941078.32
02788.HK,20260624,15.32,14641051.0,220706662.26
02580.HK,20260624,9.4,924800.0,8605928.0
01304.HK,20260624,121.3,233600.0,28324862.6
02050.HK,20260624,25.5,14333700.0,365668696.5
02695.HK,20260624,1.67,60000.0,100770.0
00699.HK,20260624,13.69,1546318.0,21336677.78
06980.HK,20260624,21.24,19600.0,419216.0
07666.HK,20260624,14.83,1444900.0,21394280.0
00848.HK,20260624,0.106,28000.0,2968.0
00757.HK,20260624,0.058,2129111.0,124861.106
02378.HK,20260624,102.0,58798.0,6079484.3
00215.HK,20260624,1.1,1550000.0,1704180.0
02233.HK,20260624,1.55,26660000.0,40909700.0
01428.HK,20260624,7.15,8448411.0,60257714.54
02282.HK,20260624,10.2,4219650.0,42703611.6
08193.HK,20260624,0.123,760000.0,97700.0
01910.HK,20260624,13.79,3669620.0,50453470.41
00871.HK,20260624,0.065,340000.0,23580.0
01913.HK,20260624,36.78,2782200.0,102292964.2
01023.HK,20260624,0.47,158000.0,73760.0
01262.HK,20260624,2.41,14000.0,33040.0
01336.HK,20260624,49.88,6895912.0,345958983.26
01929.HK,20260624,11.48,14180540.0,162217120.4
01658.HK,20260624,4.94,52081566.0,259299439.58
01577.HK,20260624,1.03,46000.0,47340.0
06858.HK,20260624,2.87,2000.0,5740.0
01526.HK,20260624,0.88,1486000.0,1293650.0
02166.HK,20260624,4.52,2446000.0,10677700.0
06099.HK,20260624,16.95,15045920.0,259277942.0
06060.HK,20260624,9.52,10308711.0,98476642.44
06036.HK,20260624,1.23,1515000.0,1852400.0
01750.HK,20260624,0.089,590000.0,50470.0
01727.HK,20260624,0.229,14500.0,3287.5
02683.HK,20260624,1.05,982000.0,1041240.0
01621.HK,20260624,0.179,32000.0,5792.0
00772.HK,20260624,19.65,4456200.0,87887971.0
08371.HK,20260624,1.83,452000.0,828000.0
08450.HK,20260624,0.53,10360000.0,5393550.0
02022.HK,20260624,0.056,156000.0,8140.0
08483.HK,20260624,0.127,128000.0,16224.0
01711.HK,20260624,0.145,80000.0,11620.0
06181.HK,20260624,400.2,1150712.0,465481070.2
02460.HK,20260624,7.33,2590200.0,19054101.6
02619.HK,20260624,1.42,42000.0,59460.0
00664.HK,20260624,17.69,7100.0,125752.0
02632.HK,20260624,125.2,60500.0,7531964.45
01812.HK,20260624,0.66,252500.0,167285.0
01028.HK,20260624,1.0,3348000.0,3437635.0
06868.HK,20260624,2.63,3000.0,7910.0
03788.HK,20260624,2.29,1415000.0,3222420.0
06030.HK,20260624,27.44,17673188.0,485153465.6
01289.HK,20260624,2.2,12000.0,26860.0
01305.HK,20260624,0.87,75000.0,63590.0
08070.HK,20260624,1.21,15000.0,18150.0
08427.HK,20260624,5.49,72000.0,375900.0
01582.HK,20260624,0.4,30000.0,12000.0
08490.HK,20260624,0.157,510000.0,77075.0
01723.HK,20260624,0.98,26000.0,24980.0
02119.HK,20260624,0.47,58000.0,27260.0
01709.HK,20260624,1.12,3497000.0,3914650.0
03319.HK,20260624,1.69,1472500.0,2462657.5
08168.HK,20260624,0.089,450000.0,38440.0
08402.HK,20260624,0.1,5000.0,500.0
02139.HK,20260624,0.37,659000.0,243575.0
09936.HK,20260624,16.35,1451500.0,23835190.0
08043.HK,20260624,0.205,105000.0,21555.0
09909.HK,20260624,2.28,156000.0,347370.0
02263.HK,20260624,0.36,3610000.0,1044650.0
09919.HK,20260624,0.79,376052.0,288940.04
09969.HK,20260624,10.74,9569000.0,104680143.0
09916.HK,20260624,0.355,24000.0,8470.0
06968.HK,20260624,0.166,467000.0,74647.0
01855.HK,20260624,0.21,182000.0,37208.0
09958.HK,20260624,0.131,2274000.0,296726.0
02169.HK,20260624,0.53,3400000.0,1824560.0
02257.HK,20260624,5.0,31600.0,154225.0
02392.HK,20260624,1.07,172000.0,186530.0
00587.HK,20260624,0.305,692500.0,210730.0
09857.HK,20260624,1.96,63100.0,123676.0
06929.HK,20260624,3.99,54500.0,211960.0
06655.HK,20260624,12.2,3804943.0,46268943.58
06683.HK,20260624,4.35,3270500.0,14556445.0
02228.HK,20260624,7.01,69171862.0,486748422.38
02592.HK,20260624,1.1,251000.0,277195.0
00325.HK,20260624,40.74,838800.0,34976466.0
02670.HK,20260624,288.6,37400.0,10531640.0
01187.HK,20260624,26.32,66000.0,1769858.0
02525.HK,20260624,128.2,1115752.0,142146497.74
01021.HK,20260624,19.75,888800.0,17519990.0
03625.HK,20260624,100.0,128400.0,12961070.0
01368.HK,20260624,3.78,6749000.0,25698108.0
03813.HK,20260624,0.37,2036000.0,747955.0
02722.HK,20260624,2.18,24378000.0,52645036.0
00602.HK,20260624,0.044,25000.0,1100.0
01382.HK,20260624,0.93,2523000.0,2264290.0
00811.HK,20260624,8.73,759000.0,6606340.0
01991.HK,20260624,0.55,20000.0,11100.0
00819.HK,20260624,4.87,5792270.0,27979660.02
03933.HK,20260624,8.26,11354110.0,95051552.7
02382.HK,20260624,75.9,19419835.0,1482214418.86
01539.HK,20260624,0.34,2000.0,680.0
08133.HK,20260624,0.27,24000.0,6720.0
01530.HK,20260624,16.42,35488388.0,596177953.56
00574.HK,20260624,0.019,1574000.0,28364.0
01499.HK,20260624,0.11,870000.0,94080.0
01683.HK,20260624,0.17,96000.0,16480.0
00974.HK,20260624,0.8,4000.0,3200.0
08245.HK,20260624,0.08,1720000.0,141820.0
01970.HK,20260624,8.5,11300.0,96550.0
02199.HK,20260624,1.77,109000.0,194790.0
08290.HK,20260624,0.042,40000.0,1600.0
01476.HK,20260624,1.46,3886000.0,4804790.0
01917.HK,20260624,0.092,50000.0,4410.0
02885.HK,20260624,0.82,360000.0,303480.0
01865.HK,20260624,0.56,6524800.0,3542872.0
01817.HK,20260624,0.22,11500.0,2550.0
01891.HK,20260624,0.185,48000.0,8868.0
01896.HK,20260624,4.77,3123800.0,14991173.4
01753.HK,20260624,0.159,275600.0,41355.6
03662.HK,20260624,0.355,408000.0,145070.0
03750.HK,20260624,721.5,2129738.0,1520069056.84
02665.HK,20260624,3.01,6110500.0,18278877.5
06051.HK,20260624,0.075,66468000.0,4933560.0
00672.HK,20260624,0.092,1076800.0,92956.2
03800.HK,20260624,0.67,383907600.0,257287283.0
00806.HK,20260624,2.0,2526000.0,5143300.0
03808.HK,20260624,39.36,8371046.0,331259298.82
00390.HK,20260624,3.47,23285672.0,81085103.22
00189.HK,20260624,20.94,80115020.0,1718740267.2
02002.HK,20260624,0.87,82000.0,67800.0
03337.HK,20260624,0.84,4216000.0,3500240.0
00220.HK,20260624,6.71,12694818.0,85399739.99
06898.HK,20260624,0.73,20000.0,14120.0
01255.HK,20260624,3.6,98000.0,360320.0
01661.HK,20260624,1.29,2058000.0,2744460.0
03329.HK,20260624,0.62,25269960.0,15477816.08
02611.HK,20260624,14.66,12167208.0,180695145.36
06038.HK,20260624,0.355,10000.0,3550.0
08509.HK,20260624,0.61,8000.0,4880.0
08473.HK,20260624,0.116,210000.0,23920.0
01815.HK,20260624,0.73,4328000.0,3228530.0
00839.HK,20260624,1.69,31824000.0,54388520.0
01978.HK,20260624,0.26,540000.0,140400.0
01451.HK,20260624,0.98,352000.0,347780.0
01789.HK,20260624,4.79,15494000.0,74937608.0
08401.HK,20260624,0.034,788000.0,26792.0
02025.HK,20260624,12.32,428000.0,5281000.0
01997.HK,20260624,21.7,4912917.0,106194926.22
08532.HK,20260624,0.06,132800.0,8282.4
00150.HK,20260624,0.166,389200.0,63165.2
01425.HK,20260624,0.67,885000.0,571650.0
01921.HK,20260624,2.99,4974243.0,14644017.71
06078.HK,20260624,8.83,3229524.0,28743096.48
01643.HK,20260624,1.69,846000.0,1414530.0
09677.HK,20260624,2.87,1000.0,2870.0
09978.HK,20260624,0.219,184000.0,40296.0
00909.HK,20260624,1.39,10411536.0,14487371.31
06622.HK,20260624,2.55,233500.0,604215.0
02209.HK,20260624,2.61,349000.0,918555.0
02185.HK,20260624,2.13,167400.0,357489.0
02325.HK,20260624,0.74,108000.0,73860.0
02171.HK,20260624,13.91,11690424.0,171088988.34
02518.HK,20260624,35.26,10300.0,364198.0
02076.HK,20260624,51.3,80466.0,4110149.9
02586.HK,20260624,6.49,2152600.0,13967586.0
02496.HK,20260624,3.8,200.0,760.0
02487.HK,20260624,2.9,16800.0,50104.0
02610.HK,20260624,29.24,1021600.0,29484206.7
03388.HK,20260624,25.26,522150.0,13164976.5
01393.HK,20260624,0.048,73000.0,3218.0
03838.HK,20260624,0.159,11090000.0,1718780.0
03377.HK,20260624,0.052,18237500.0,931403.5
02178.HK,20260624,0.137,27141000.0,3701885.0
03836.HK,20260624,0.48,3785500.0,1786125.0
08201.HK,20260624,0.117,862000.0,99126.0
01271.HK,20260624,0.42,8000.0,3240.0
01373.HK,20260624,0.68,566000.0,384880.0
01400.HK,20260624,0.018,20000.0,350.0
00288.HK,20260624,8.58,28395972.0,244040472.86
01375.HK,20260624,1.72,12719000.0,22581020.0
06128.HK,20260624,0.057,7450000.0,421920.0
02298.HK,20260624,0.335,602000.0,202770.0
01588.HK,20260624,4.6,96200.0,424984.0
01778.HK,20260624,0.158,113000.0,17702.0
01626.HK,20260624,13.57,696000.0,9699530.0
03709.HK,20260624,5.0,170000.0,849656.5
00911.HK,20260624,0.65,552800.0,332623.5
03639.HK,20260624,0.034,40000.0,1360.0
06136.HK,20260624,0.77,1438000.0,1118230.0
02202.HK,20260624,2.31,24322680.0,56998262.8
01446.HK,20260624,0.34,188000.0,63930.0
02329.HK,20260624,0.09,120000.0,10936.0
01450.HK,20260624,0.71,810000.0,586900.0
01599.HK,20260624,1.04,487978.0,510077.12
06188.HK,20260624,0.68,80000.0,51055.0
01980.HK,20260624,0.55,379000.0,209860.0
02186.HK,20260624,1.9,30825500.0,59193867.5
08147.HK,20260624,0.74,176000.0,128320.0
02399.HK,20260624,0.325,2538000.0,861570.0
06123.HK,20260624,1.22,358000.0,438600.0
01848.HK,20260624,3.66,132500.0,486805.0
01432.HK,20260624,0.33,1590000.0,525000.0
01856.HK,20260624,1.4,199000.0,277920.0
08237.HK,20260624,0.98,42000.0,41460.0
00866.HK,20260624,1.5,6980000.0,10283960.0
01338.HK,20260624,0.033,1990000.0,63098.0
01680.HK,20260624,0.129,785000.0,105118.0
01316.HK,20260624,4.06,5831000.0,23759132.0
02112.HK,20260624,0.07,4000.0,280.0
01250.HK,20260624,1.19,62000.0,68300.0
01285.HK,20260624,1.01,209000.0,213870.0
01816.HK,20260624,2.8,61830484.0,171511988.27
01669.HK,20260624,1.26,158000.0,203300.0
00520.HK,20260624,0.29,747000.0,213210.0
01858.HK,20260624,8.62,639750.0,5634030.0
00442.HK,20260624,0.61,114000.0,69590.0
01310.HK,20260624,5.9,1168000.0,6813595.0
03919.HK,20260624,0.81,112000.0,90640.0
08403.HK,20260624,3.25,388000.0,1248200.0
06083.HK,20260624,0.79,1092000.0,847960.0
08305.HK,20260624,0.149,1340000.0,198030.0
08451.HK,20260624,0.071,40000.0,2840.0
01592.HK,20260624,0.136,2380000.0,330900.0
08619.HK,20260624,0.106,1340000.0,130750.0
01705.HK,20260624,0.5,72000.0,36260.0
08622.HK,20260624,0.208,120000.0,22184.0
03613.HK,20260624,6.5,546000.0,3564380.0
00788.HK,20260624,9.23,18683683.0,172049293.72
02682.HK,20260624,0.148,4000.0,628.0
06862.HK,20260624,11.16,11808873.0,132075131.42
06162.HK,20260624,0.285,992000.0,278680.0
02680.HK,20260624,6.18,26000.0,159120.0
06069.HK,20260624,7.82,5382100.0,42384990.5
09983.HK,20260624,0.34,196000.0,68200.0
06908.HK,20260624,0.42,1297000.0,540225.0
02219.HK,20260624,2.42,703000.0,1710635.0
02618.HK,20260624,11.72,11712727.0,136329289.89
01948.HK,20260624,4.08,26000.0,109230.0
02521.HK,20260624,0.92,1327500.0,1170675.0
01880.HK,20260624,50.15,1578000.0,79208787.0
02121.HK,20260624,4.05,488263.0,1985510.52
02291.HK,20260624,9.42,1889312.0,17841044.0
06633.HK,20260624,2.53,28000.0,70630.0
02361.HK,20260624,5.07,1000.0,5090.0
06821.HK,20260624,109.5,1587531.0,173900050.0
02419.HK,20260624,43.02,1010668.0,43324705.2
06660.HK,20260624,1.72,250800.0,432088.0
00396.HK,20260624,0.26,2308000.0,579768.0
01361.HK,20260624,4.1,3339000.0,13726435.0
00712.HK,20260624,0.062,220000.0,13640.0
01628.HK,20260624,0.118,300084.0,35699.24
00846.HK,20260624,0.089,27000.0,2403.0
01908.HK,20260624,12.99,8144088.0,104325967.49
02236.HK,20260624,0.54,287000.0,157660.0
02078.HK,20260624,0.114,17000.0,1904.0
02033.HK,20260624,0.265,52000.0,14030.0
08072.HK,20260624,0.355,375.0,67.5
06881.HK,20260624,7.48,23543500.0,177883579.5
02386.HK,20260624,5.02,5941500.0,29480178.5
08162.HK,20260624,0.57,6640000.0,3669700.0
06118.HK,20260624,0.74,58000.0,41620.0
08268.HK,20260624,0.248,968000.0,239016.0
02212.HK,20260624,0.154,190000.0,28820.0
01993.HK,20260624,0.52,120000.0,63675.0
03708.HK,20260624,0.201,1740000.0,343720.0
08436.HK,20260624,0.39,140000.0,52200.0
01651.HK,20260624,58.8,1449000.0,85225750.0
02001.HK,20260624,0.59,1059347.0,626076.52
08400.HK,20260624,0.115,60000.0,6350.0
01630.HK,20260624,0.28,3456000.0,945810.0
02337.HK,20260624,1.31,375000.0,487900.0
02858.HK,20260624,1.18,12776500.0,15116190.0
01752.HK,20260624,0.108,22610000.0,2657080.0
02779.HK,20260624,0.31,194000.0,58060.0
02892.HK,20260624,0.85,152000.0,129200.0
01987.HK,20260624,0.219,1708000.0,365260.0
01762.HK,20260624,0.97,11041000.0,10461160.0
01521.HK,20260624,0.98,154000.0,152600.0
08418.HK,20260624,0.77,50000.0,39180.0
01490.HK,20260624,0.265,84000.0,21860.0
01691.HK,20260624,1.31,1837500.0,2443570.0
06110.HK,20260624,2.05,68068000.0,148418195.0
02400.HK,20260624,44.0,2139000.0,94122276.0
01937.HK,20260624,0.152,75000.0,11370.0
09616.HK,20260624,2.07,68800.0,141656.0
01950.HK,20260624,0.111,124000.0,13180.0
09911.HK,20260624,7.57,9474201.0,72786072.33
01740.HK,20260624,0.158,10000.0,1580.0
01473.HK,20260624,1.45,1472000.0,2078520.0
01542.HK,20260624,1.0,3000.0,3000.0
01466.HK,20260624,1.34,5172320.0,6204172.4
06893.HK,20260624,0.165,632000.0,105810.0
02633.HK,20260624,1.0,2020000.0,2058520.0
01591.HK,20260624,0.138,760000.0,104960.0
08423.HK,20260624,0.058,340000.0,20310.0
01749.HK,20260624,0.5,2000.0,1000.0
01933.HK,20260624,0.2,1456000.0,273184.0
03699.HK,20260624,0.38,2000.0,760.0
08527.HK,20260624,0.248,385000.0,94195.0
01587.HK,20260624,0.6,20000.0,11760.0
08482.HK,20260624,0.114,1680000.0,228570.0
01408.HK,20260624,0.31,956000.0,286260.0
02048.HK,20260624,0.031,142800.0,4637.4
01545.HK,20260624,0.138,10000.0,1380.0
01977.HK,20260624,0.98,42000.0,41160.0
01025.HK,20260624,0.203,368000.0,74504.0
01810.HK,20260624,22.96,219904218.0,5006908066.94
02161.HK,20260624,1.87,722000.0,1361760.0
02102.HK,20260624,0.27,320000.0,87250.0
01024.HK,20260624,42.92,41404970.0,1787485627.95
02160.HK,20260624,1.16,587000.0,699014.0
03658.HK,20260624,1.8,173000.0,309880.0
02501.HK,20260624,1.0,90000.0,89080.0
02250.HK,20260624,0.32,600000.0,191415.0
02245.HK,20260624,13.02,2547863.0,33422980.28
01407.HK,20260624,0.56,134000.0,73980.0
02149.HK,20260624,33.34,32400.0,1062894.0
02505.HK,20260624,0.7,62000.0,44190.0
02495.HK,20260624,42.38,63920.0,2696206.8
09678.HK,20260624,134.8,451296.0,61749938.88
03696.HK,20260624,42.2,5619584.0,243430250.16
06657.HK,20260624,11.97,100.0,1198.0
02567.HK,20260624,0.39,1553000.0,610410.0
02533.HK,20260624,11.4,5126483.0,60119954.42
02598.HK,20260624,4.11,1722000.0,7229050.5
02443.HK,20260624,1.49,389800.0,598566.0
02545.HK,20260624,0.395,590000.0,233000.0
02498.HK,20260624,22.08,5397450.0,119142715.9
08637.HK,20260624,3.71,172000.0,633490.0
01110.HK,20260624,0.385,1392000.0,549260.0
01117.HK,20260624,0.94,19693000.0,18446205.0
02099.HK,20260624,128.9,1871906.0,239732109.8
01831.HK,20260624,0.55,7310000.0,4061300.0
01555.HK,20260624,0.027,704000.0,18558.0
01397.HK,20260624,0.94,156000.0,143440.0
02111.HK,20260624,2.4,162000.0,387020.0
01811.HK,20260624,2.22,6788000.0,15095560.0
08222.HK,20260624,0.057,3988000.0,195024.0
03322.HK,20260624,0.181,296000.0,51816.0
03968.HK,20260624,45.74,18186498.0,836809874.44
03303.HK,20260624,0.55,35918333.0,20600469.83
03983.HK,20260624,2.07,3918000.0,8028460.0
00637.HK,20260624,0.186,2000.0,372.0
00320.HK,20260624,0.475,32000.0,15200.0
00337.HK,20260624,0.152,545025.0,82496.55
00558.HK,20260624,2.02,1795000.0,3632937.5
03918.HK,20260624,3.57,1902074.0,6769680.48
01398.HK,20260624,6.77,241678929.0,1648566697.39
02080.HK,20260624,0.295,94000.0,27030.0
01513.HK,20260624,24.0,663745.0,15897519.7
02226.HK,20260624,0.6,500.0,325.0
01622.HK,20260624,0.21,86000.0,16138.0
08311.HK,20260624,0.066,100000.0,7050.0
01340.HK,20260624,0.076,1804000.0,136340.0
02608.HK,20260624,0.01,11000.0,110.0
01771.HK,20260624,0.186,667000.0,117501.0
02255.HK,20260624,0.335,32752000.0,11064490.0
03626.HK,20260624,1.63,54000.0,92160.0
01585.HK,20260624,9.62,6459114.0,62224053.84
02588.HK,20260624,77.8,919320.0,71562312.1
02869.HK,20260624,3.91,3938000.0,15340630.0
08328.HK,20260624,0.495,48000.0,23760.0
08229.HK,20260624,0.75,105000.0,83400.0
08360.HK,20260624,0.395,6000.0,2400.0
01579.HK,20260624,13.27,1539370.0,20381490.1
01612.HK,20260624,0.76,139800.0,106008.0
01523.HK,20260624,8.3,870000.0,7190820.0
08281.HK,20260624,0.22,64000.0,14248.0
02136.HK,20260624,0.6,254000.0,147330.0
00410.HK,20260624,0.365,796500.0,291160.0
03883.HK,20260624,0.039,1663632.0,64441.696
03888.HK,20260624,21.78,13200590.0,286625997.38
03818.HK,20260624,0.29,13439000.0,3908192.0
03998.HK,20260624,3.73,21147006.0,78825742.2
03833.HK,20260624,1.48,2915000.0,4304360.0
00884.HK,20260624,0.042,47432780.0,2001757.92
02223.HK,20260624,0.85,28000.0,23800.0
01314.HK,20260624,0.134,328000.0,43980.0
01030.HK,20260624,1.39,23014000.0,32072260.0
00564.HK,20260624,13.0,1305400.0,17038732.0
01339.HK,20260624,4.86,56493975.0,275939499.35
01319.HK,20260624,0.285,8000.0,2280.0
01148.HK,20260624,0.227,93000.0,21150.0
02221.HK,20260624,0.72,122000.0,87760.0
01958.HK,20260624,0.89,3891320.0,3436622.0
08267.HK,20260624,0.223,31500.0,7004.0
08307.HK,20260624,0.122,84000.0,11396.0
08187.HK,20260624,0.465,44000.0,20380.0
01420.HK,20260624,0.196,204000.0,40084.0
01783.HK,20260624,4.65,13886000.0,64042830.0
00784.HK,20260624,0.55,1900000.0,992100.0
02863.HK,20260624,0.55,171000.0,94590.0
03738.HK,20260624,2.33,25605000.0,59334930.0
08065.HK,20260624,0.12,3885000.0,491530.0
01905.HK,20260624,0.74,1796000.0,1315320.0
02122.HK,20260624,0.128,646000.0,79624.0
02203.HK,20260624,0.177,140000.0,24660.0
01826.HK,20260624,0.118,480000.0,54670.0
06182.HK,20260624,0.59,480000.0,272080.0
01795.HK,20260624,0.54,66000.0,34080.0
01410.HK,20260624,0.82,1356000.0,1084480.0
09888.HK,20260624,107.1,10037466.0,1073479937.1
09899.HK,20260624,106.0,1078747.0,114042312.95
06680.HK,20260624,18.08,5312800.0,96371394.2
02617.HK,20260624,10.0,24914010.0,265290804.78
02246.HK,20260624,1.25,284600.0,355910.2
09955.HK,20260624,0.54,261600.0,137883.0
00020.HK,20260624,1.39,551575612.0,770686703.58
02315.HK,20260624,42.58,873500.0,37916596.0
02152.HK,20260624,4.27,2000.0,8540.0
06656.HK,20260624,347.2,276808.0,97043427.68
02631.HK,20260624,109.0,8673709.0,936375098.6
00470.HK,20260624,34.94,1588500.0,55788266.0
00600.HK,20260624,14.75,679100.0,9989405.0
03999.HK,20260624,0.52,65000.0,34030.0
00538.HK,20260624,0.93,98000.0,90840.0
01883.HK,20260624,2.49,6286262.0,15737560.9
00475.HK,20260624,0.47,58000.0,27370.0
02007.HK,20260624,0.184,211099225.0,39469265.908
00717.HK,20260624,0.066,3450000.0,225894.0
03993.HK,20260624,16.76,54034152.0,914182252.73
00998.HK,20260624,7.08,35974750.0,255102012.3
01313.HK,20260624,1.04,22298000.0,23432720.0
01128.HK,20260624,5.08,7009177.0,35484848.39
00893.HK,20260624,0.062,71000.0,4361.0
01717.HK,20260624,1.29,116000.0,149540.0
01238.HK,20260624,0.215,546000.0,115451.0
01069.HK,20260624,0.237,600000.0,137080.0
08491.HK,20260624,0.295,95000.0,27925.0
08526.HK,20260624,0.295,30000.0,8850.0
06033.HK,20260624,0.6,30000.0,18000.0
02232.HK,20260624,5.68,1586000.0,9019217.5
08275.HK,20260624,0.095,200000.0,19000.0
08373.HK,20260624,0.67,127000.0,85770.0
01927.HK,20260624,0.199,800000.0,160375.0
01427.HK,20260624,0.228,85000.0,18188.0
01640.HK,20260624,0.56,162000.0,87360.0
01876.HK,20260624,6.38,13159516.0,83809308.48
06918.HK,20260624,0.154,270000.0,39390.0
02473.HK,20260624,0.61,30837047.0,19160562.26
09939.HK,20260624,2.19,550000.0,1205975.0
01940.HK,20260624,1.0,522000.0,471480.0
06958.HK,20260624,0.094,42000.0,3793.0
02370.HK,20260624,1.05,119000.0,123060.0
02252.HK,20260624,23.36,3495000.0,82492465.0
02273.HK,20260624,26.42,1128500.0,29594646.1
01284.HK,20260624,0.44,155000.0,68850.0
02390.HK,20260624,7.58,49400.0,393539.0
02436.HK,20260624,24.9,595800.0,15288870.0
02550.HK,20260624,1.94,1524000.0,2943770.0
02516.HK,20260624,1.12,4000.0,4480.0
02565.HK,20260624,5.41,10513350.0,59472286.0
09606.HK,20260624,173.6,956887.0,172267717.1
06960.HK,20260624,9.79,253000.0,2436130.0
06693.HK,20260624,24.62,4593327.0,111173269.52
01609.HK,20260624,169.8,99320.0,16800279.0
06132.HK,20260624,35.5,3562940.0,131822373.0
00799.HK,20260624,3.14,1745000.0,5498460.0
02030.HK,20260624,1.29,5000.0,6530.0
06108.HK,20260624,0.202,34240.0,6768.0
01396.HK,20260624,12.51,4607370.0,57479486.0
06833.HK,20260624,0.155,68000.0,10540.0
02138.HK,20260624,0.375,401000.0,150660.0
01557.HK,20260624,0.465,216000.0,99900.0
01578.HK,20260624,2.16,24500.0,52495.0
02016.HK,20260624,2.23,8625680.0,19420938.8
02239.HK,20260624,1.39,24000.0,31740.0
01419.HK,20260624,0.73,48000.0,34500.0
08262.HK,20260624,0.048,430000.0,21930.0
01496.HK,20260624,0.17,4000.0,680.0
01570.HK,20260624,12.55,23000.0,289410.0
01243.HK,20260624,0.033,416000.0,13404.0
01982.HK,20260624,0.75,2556000.0,1897440.0
08217.HK,20260624,0.113,710000.0,81290.0
06820.HK,20260624,0.38,16000.0,6090.0
01920.HK,20260624,0.65,1040000.0,646900.0
01846.HK,20260624,2.4,1000.0,2400.0
01645.HK,20260624,2.57,4692000.0,12131760.0
02530.HK,20260624,0.79,352000.0,266800.0
06193.HK,20260624,0.34,56000.0,19060.0
01597.HK,20260624,6.9,11000.0,76420.0
09990.HK,20260624,2.0,558000.0,1119900.0
06609.HK,20260624,41.4,26750.0,1097364.0
09869.HK,20260624,1.44,987500.0,1487980.0
02192.HK,20260624,6.55,1553500.0,10297315.5
06831.HK,20260624,6.14,744004.0,4554398.48
02306.HK,20260624,1.9,309000.0,583620.0
06955.HK,20260624,4.6,4043800.0,18424835.4
02510.HK,20260624,7.64,1919657.0,14711992.91
02502.HK,20260624,0.495,2000.0,990.0
02621.HK,20260624,3.28,126400.0,413240.0
00999.HK,20260624,6.36,1012800.0,6515000.0
02661.HK,20260624,13.22,5575800.0,78174784.0
09893.HK,20260624,1.85,180000.0,334400.0
01641.HK,20260624,5.05,10500.0,53140.0
00638.HK,20260624,8.11,1042000.0,8611544.6
02676.HK,20260624,213.0,928300.0,196744900.0
06938.HK,20260624,48.8,89694.0,4468487.2
06166.HK,20260624,159.0,16289171.0,2650220319.4
02655.HK,20260624,18.09,2544300.0,46836794.0
09927.HK,20260624,48.98,995258.0,48678637.52
01768.HK,20260624,318.2,104600.0,33392649.6
00881.HK,20260624,5.2,6076242.0,31758926.32
00830.HK,20260624,0.73,34000.0,25240.0
01999.HK,20260624,3.1,7555600.0,23438900.0
00923.HK,20260624,0.021,3256000.0,62100.0
06889.HK,20260624,2.8,83200.0,235348.0
01468.HK,20260624,0.249,762600.0,194198.0
02196.HK,20260624,15.65,3197380.0,50529003.2
01348.HK,20260624,0.26,888000.0,224748.0
03638.HK,20260624,8.13,324000.0,2594840.0
08218.HK,20260624,0.152,60000.0,9120.0
03393.HK,20260624,20.86,8515727.0,177244555.35
03323.HK,20260624,5.3,136949019.0,740825733.33
02880.HK,20260624,0.78,1855451.0,1429591.78
02129.HK,20260624,0.197,60000.0,11970.0
01703.HK,20260624,0.72,14783500.0,10684320.0
01472.HK,20260624,0.101,155000.0,15735.0
02181.HK,20260624,0.44,406000.0,177050.0
01869.HK,20260624,0.116,1930000.0,223090.0
00302.HK,20260624,0.2,474000.0,93440.0
03692.HK,20260624,29.22,12737971.0,379326709.68
03928.HK,20260624,23.02,361500.0,8200990.0
06055.HK,20260624,19.21,2800980.0,53668471.0
03759.HK,20260624,16.28,9089050.0,148315780.9
09922.HK,20260624,1.21,2397001.0,2870055.16
01732.HK,20260624,0.201,620000.0,120380.0
06978.HK,20260624,0.55,64000.0,34180.0
06699.HK,20260624,67.05,452870.0,30347078.5
02276.HK,20260624,33.56,1570000.0,53223649.0
06628.HK,20260624,1.17,2163000.0,2517035.0
09961.HK,20260624,353.6,2544322.0,895200471.77
02162.HK,20260624,61.0,3956500.0,241880275.0
02137.HK,20260624,0.99,297500.0,294425.0
09890.HK,20260624,10.88,761400.0,8356351.0
02531.HK,20260624,3.01,2000.0,6435.0
02507.HK,20260624,33.96,744504.0,25414403.12
80016.HK,20260624,98.1,6000.0,587100.0
80020.HK,20260624,1.22,259000.0,308710.0
80175.HK,20260624,15.21,12000.0,182360.0
80883.HK,20260624,18.98,129000.0,2442880.0
80941.HK,20260624,67.75,77500.0,5230125.0
80992.HK,20260624,19.9,30000.0,602480.0
81024.HK,20260624,37.3,23700.0,887870.0
81211.HK,20260624,66.05,14000.0,910875.0
81299.HK,20260624,63.95,800.0,51200.0
81810.HK,20260624,19.89,22200.0,437512.0
82318.HK,20260624,45.9,31500.0,1445770.0
82331.HK,20260624,12.88,11000.0,140880.0
89988.HK,20260624,86.75,61600.0,5305190.0
89888.HK,20260624,93.0,6650.0,615605.0
82333.HK,20260624,8.31,500.0,4100.0
82388.HK,20260624,40.38,56000.0,2258670.0
89618.HK,20260624,87.65,20100.0,1744247.5
83690.HK,20260624,58.65,31900.0,1893070.0
86618.HK,20260624,29.0,450.0,13671.0
03383.HK,20260624,0.152,1836000.0,278318.0
03330.HK,20260624,12.87,10329220.0,132239317.0
08247.HK,20260624,2.86,32000.0,91580.0
02689.HK,20260624,6.7,15428030.0,102019742.3
00743.HK,20260624,1.78,61500.0,110355.0
08340.HK,20260624,0.54,10000.0,5600.0
02012.HK,20260624,0.247,337200.0,84956.4
01613.HK,20260624,0.405,2003904.0,837906.56
03669.HK,20260624,0.74,4989978.0,3763887.34
00695.HK,20260624,8.11,278000.0,2244980.0
01258.HK,20260624,12.85,9623459.0,124619952.42
02068.HK,20260624,1.88,1851000.0,3509900.0
01237.HK,20260624,0.7,5000.0,3150.0
01332.HK,20260624,0.14,3050000.0,424230.0
03939.HK,20260624,8.19,31623146.0,257451827.64
01335.HK,20260624,0.105,84000.0,8204.0
08350.HK,20260624,0.37,32000.0,11840.0
02377.HK,20260624,0.83,44000.0,36500.0
08362.HK,20260624,0.048,120000.0,5860.0
01710.HK,20260624,0.31,368000.0,116740.0
08471.HK,20260624,0.4,173500.0,70922.5
08140.HK,20260624,0.104,20000.0,2100.0
08391.HK,20260624,0.385,3692000.0,1313480.0
06158.HK,20260624,0.013,239000.0,3507.0
08146.HK,20260624,0.475,130000.0,59100.0
01615.HK,20260624,0.365,140000.0,49850.0
08620.HK,20260624,0.104,410000.0,42840.0
06185.HK,20260624,21.96,755800.0,16733659.2
01797.HK,20260624,21.58,6158670.0,132881993.4
01767.HK,20260624,0.315,100000.0,31000.0
01873.HK,20260624,1.09,3921500.0,4380875.0
06160.HK,20260624,165.2,4955410.0,823549051.27
01780.HK,20260624,2.98,3078221.0,8665687.04
02500.HK,20260624,1.35,5014500.0,6854315.0
02528.HK,20260624,0.68,6000.0,4020.0
06049.HK,20260624,27.0,1816400.0,48944240.4
09993.HK,20260624,1.05,26816000.0,28775020.0
06939.HK,20260624,2.01,450000.0,907060.0
02215.HK,20260624,0.17,31000.0,5420.0
02190.HK,20260624,18.09,300741.0,5428043.9
02216.HK,20260624,0.64,589000.0,383770.0
02210.HK,20260624,1.82,2400.0,4368.0
09863.HK,20260624,33.82,7774220.0,262084276.8
02429.HK,20260624,2.48,855000.0,2092650.0
06911.HK,20260624,2.5,15200.0,38000.0
02453.HK,20260624,0.74,1248800.0,942382.0
80700.HK,20260624,373.0,25100.0,9330440.0
80388.HK,20260624,323.0,9800.0,3148080.0
02499.HK,20260624,5.95,3800.0,22800.0
00789.HK,20260624,0.295,160000.0,48100.0
02011.HK,20260624,1.39,2000.0,2780.0
00080.HK,20260624,0.27,730000.0,197100.0
08191.HK,20260624,0.147,126000.0,17994.0
00400.HK,20260624,4.54,9571000.0,42142903.0
02120.HK,20260624,7.69,2800.0,21643.0
08368.HK,20260624,0.207,200000.0,40950.0
01538.HK,20260624,0.75,1542000.0,1065380.0
06865.HK,20260624,5.96,9175528.0,55371481.6
01561.HK,20260624,0.067,620000.0,37728.0
00722.HK,20260624,0.47,52000.0,23940.0
03866.HK,20260624,4.42,5030500.0,22016394.5
00331.HK,20260624,5.15,247000.0,1272120.0
03996.HK,20260624,1.15,22343113.0,25730348.82
01979.HK,20260624,2.04,1475172.0,3008439.16
01341.HK,20260624,0.019,23832000.0,446120.0
08196.HK,20260624,0.64,2256000.0,1475680.0
02003.HK,20260624,0.89,2600.0,2322.0
03997.HK,20260624,3.1,228000.0,710400.0
06098.HK,20260624,5.09,8090350.0,40795233.97
02051.HK,20260624,0.44,1900000.0,826550.0
01925.HK,20260624,1.23,16000.0,19920.0
08646.HK,20260624,0.33,17055000.0,5906610.0
06199.HK,20260624,1.03,29000.0,30230.0
03681.HK,20260624,1.05,757009.0,805251.18
08657.HK,20260624,0.26,16000.0,4200.0
09633.HK,20260624,41.96,5957312.0,249860163.6
01477.HK,20260624,4.64,955500.0,4474815.0
02176.HK,20260624,0.68,10000.0,6800.0
02251.HK,20260624,10.73,141000.0,1531985.0
09877.HK,20260624,6.9,47400.0,327534.0
09886.HK,20260624,0.94,438000.0,404880.0
09868.HK,20260624,49.14,12109518.0,601671136.04
02271.HK,20260624,3.52,438000.0,1383500.0
01111.HK,20260624,0.218,92000.0,19024.0
02409.HK,20260624,4.17,49000.0,204330.0
03896.HK,20260624,4.86,70557638.0,343239263.75
02566.HK,20260624,6.12,508853.0,3104815.47
02506.HK,20260624,81.8,79450.0,6543560.0
02410.HK,20260624,5.8,2547000.0,15274240.0
02408.HK,20260624,3.68,344500.0,1237595.0
06872.HK,20260624,263.6,66700.0,18260630.05
00750.HK,20260624,0.233,18000.0,4149.0
00953.HK,20260624,0.179,682000.0,114682.0
01966.HK,20260624,0.04,300000.0,12000.0
01938.HK,20260624,0.238,51000.0,12190.0
01323.HK,20260624,0.219,7425400.0,1394344.6
01818.HK,20260624,18.23,27176726.0,492066780.64
01899.HK,20260624,1.1,64000.0,70600.0
01696.HK,20260624,2.32,236800.0,545000.0
06829.HK,20260624,2.18,22000.0,47960.0
08545.HK,20260624,0.038,192000.0,7104.0
08448.HK,20260624,1.57,80000.0,127200.0
01631.HK,20260624,1.2,400000.0,485200.0
01763.HK,20260624,17.67,109600.0,1960548.0
06080.HK,20260624,0.145,156000.0,21504.0
01894.HK,20260624,0.385,35000.0,12850.0
01119.HK,20260624,0.31,4248400.0,1286782.0
01939.HK,20260624,0.5,478000.0,245800.0
02258.HK,20260624,0.33,212000.0,64510.0
03990.HK,20260624,2.81,524800.0,1466690.0
02616.HK,20260624,4.69,7830500.0,38142802.5
03877.HK,20260624,2.24,14224000.0,31951702.0
01935.HK,20260624,0.81,10000.0,8100.0
02772.HK,20260624,0.03,10664134.0,326737.618
01895.HK,20260624,0.3,233000.0,69900.0
03718.HK,20260624,0.415,408000.0,169040.0
01957.HK,20260624,0.25,707500.0,178637.5
09913.HK,20260624,2.29,290498.0,664427.76
01601.HK,20260624,0.79,300000.0,234720.0
01163.HK,20260624,0.184,2500.0,470.0
01942.HK,20260624,0.083,3304000.0,281326.0
06063.HK,20260624,0.68,832000.0,550000.0
01792.HK,20260624,0.97,142000.0,137240.0
09923.HK,20260624,5.07,580400.0,2969780.0
09988.HK,20260624,99.4,103216499.0,10243189718.22
09960.HK,20260624,0.97,130000.0,124215.0
02197.HK,20260624,1.83,2719500.0,4910385.0
02385.HK,20260624,5.43,168400.0,907472.0
02157.HK,20260624,3.7,8633000.0,32320910.0
01204.HK,20260624,1.4,20000.0,29780.0
02265.HK,20260624,1.24,530000.0,627450.0
09669.HK,20260624,3.6,741400.0,2708972.0
02405.HK,20260624,0.64,4000.0,2560.0
09885.HK,20260624,3.88,2595185.0,9711311.75
02486.HK,20260624,3.81,20200.0,76636.0
02503.HK,20260624,0.174,144000.0,24468.0
01698.HK,20260624,32.62,3373708.0,109434695.8
03660.HK,20260624,59.2,9450.0,558345.0
06990.HK,20260624,422.4,980095.0,416292854.6
02587.HK,20260624,2.59,13965500.0,38606560.0
01519.HK,20260624,8.22,33269040.0,270680188.39
06687.HK,20260624,14.16,747300.0,10706073.0
00933.HK,20260624,0.42,1958000.0,817890.0
01888.HK,20260624,93.55,75292855.0,7032674831.9
00552.HK,20260624,3.94,17232560.0,67707418.4
01800.HK,20260624,3.89,7584965.0,29435908.3
01388.HK,20260624,0.3,7000.0,2025.0
01898.HK,20260624,10.86,18608260.0,200611156.4
03898.HK,20260624,38.98,5823368.0,226138179.3
01882.HK,20260624,18.97,2081238.0,39487456.88
01399.HK,20260624,0.435,1648000.0,708700.0
01972.HK,20260624,20.52,5748951.0,117630875.74
00842.HK,20260624,1.01,1518000.0,1566010.0
01087.HK,20260624,0.81,284000.0,222440.0
01091.HK,20260624,0.42,2691000.0,1165010.0
01086.HK,20260624,0.84,886000.0,741490.0
03893.HK,20260624,1.16,436500.0,545520.0
01571.HK,20260624,3.74,1025000.0,3859410.0
00994.HK,20260624,0.32,7164000.0,2459180.0
01676.HK,20260624,0.205,132400.0,27006.0
08511.HK,20260624,0.71,4000.0,2860.0
08507.HK,20260624,0.63,804000.0,493640.0
01713.HK,20260624,1.98,76000.0,150320.0
02116.HK,20260624,0.68,252000.0,164900.0
08017.HK,20260624,0.97,256000.0,245280.0
08512.HK,20260624,0.405,4810000.0,1757400.0
02696.HK,20260624,63.0,922457.0,58257109.2
06058.HK,20260624,0.55,1062000.0,571380.0
01769.HK,20260624,1.07,878000.0,923850.0
06806.HK,20260624,2.54,8170400.0,21086944.0
06811.HK,20260624,1.08,638000.0,676640.0
02180.HK,20260624,5.55,50250.0,264242.5
08623.HK,20260624,0.115,1000.0,103.0
01429.HK,20260624,0.183,704000.0,125752.0
09926.HK,20260624,87.5,17828537.0,1576897039.0
02096.HK,20260624,9.36,6489350.0,61241861.5
01516.HK,20260624,0.76,5096150.0,3919875.31
02457.HK,20260624,0.34,85000.0,30450.0
01167.HK,20260624,4.29,3463964.0,15206242.12
02439.HK,20260624,0.33,4204000.0,1390920.0
02540.HK,20260624,0.87,22500.0,19575.0
02561.HK,20260624,19.36,3800.0,73069.0
06086.HK,20260624,0.75,1708500.0,1305825.0
02556.HK,20260624,31.58,2052900.0,66068860.6
09663.HK,20260624,3.09,11500.0,35095.0
02451.HK,20260624,9.65,1487500.0,14015170.0
03378.HK,20260624,27.14,364200.0,10930522.0
02575.HK,20260624,15.61,399540.0,6329773.6
02652.HK,20260624,19.12,303000.0,5831445.0
06651.HK,20260624,89.6,12877831.0,1144051242.25
02583.HK,20260624,49.42,123500.0,6147820.4
09887.HK,20260624,51.15,780500.0,39241276.0
02651.HK,20260624,12.0,24100.0,289179.0
02718.HK,20260624,226.6,203740.0,47044856.0
00822.HK,20260624,0.385,470000.0,180650.0
00573.HK,20260624,0.26,104000.0,28050.0
01813.HK,20260624,0.11,882618.0,97456.3
00658.HK,20260624,1.15,634000.0,733940.0
01836.HK,20260624,12.4,619000.0,7724907.5
02020.HK,20260624,67.9,10484099.0,710830920.1
00825.HK,20260624,0.295,69000.0,20355.0
00656.HK,20260624,3.87,6551478.0,25490395.9
00837.HK,20260624,5.95,28000.0,166785.0
00960.HK,20260624,6.26,20653753.0,129160034.67
00631.HK,20260624,6.9,9361196.0,64780727.16
01415.HK,20260624,24.52,3065340.0,75230048.3
08419.HK,20260624,0.075,110000.0,8840.0
01216.HK,20260624,0.28,364000.0,103370.0
01751.HK,20260624,1.25,90000.0,112400.0
09998.HK,20260624,0.39,175000.0,68250.0
02660.HK,20260624,2.19,266000.0,584140.0
01907.HK,20260624,2.21,22221565.0,48638397.1
02132.HK,20260624,0.14,240000.0,33704.0
03316.HK,20260624,21.34,323000.0,6916190.0
01501.HK,20260624,29.62,164000.0,5073848.0
02110.HK,20260624,0.098,90000.0,8460.0
09929.HK,20260624,1.67,5650000.0,9297700.0
01650.HK,20260624,0.133,1704000.0,226512.0
02231.HK,20260624,0.019,1500000.0,28350.0
02159.HK,20260624,1.58,32800.0,51432.0
09900.HK,20260624,5.72,2716150.0,15621009.5
06969.HK,20260624,7.38,9309046.0,68341161.63
01947.HK,20260624,0.54,10000.0,5500.0
01657.HK,20260624,56.95,9000.0,511225.0
02187.HK,20260624,0.54,160000.0,88080.0
02130.HK,20260624,3.14,20000.0,62490.0
01162.HK,20260624,0.177,2976000.0,516632.0
09992.HK,20260624,158.1,9414527.0,1491489662.2
09618.HK,20260624,101.1,16620236.0,1670208144.11
00873.HK,20260624,0.45,2124000.0,934245.0
01945.HK,20260624,1.74,93600.0,159048.0
09995.HK,20260624,68.9,6893290.0,480207183.0
02177.HK,20260624,2.4,9600.0,22624.0
02490.HK,20260624,4.82,2118700.0,10160875.0
06979.HK,20260624,7.43,4171600.0,30937971.0
02522.HK,20260624,5.15,748500.0,3901507.5
06959.HK,20260624,3.39,6800.0,23052.0
01354.HK,20260624,2.2,118200.0,254535.0
02536.HK,20260624,1.19,4200000.0,4998000.0
02656.HK,20260624,10.72,2948000.0,32999000.0
02569.HK,20260624,1.1,365000.0,372900.0
02677.HK,20260624,28.38,8450.0,240666.0
06887.HK,20260624,33.98,763714.0,26061805.76
02590.HK,20260624,11.64,5138472.0,60721011.82
06809.HK,20260624,430.2,3769517.0,1604351689.9
02290.HK,20260624,2.18,1942500.0,4157125.0
03887.HK,20260624,1.95,2298946.0,4513322.54
00196.HK,20260624,0.145,120000.0,17400.0
01186.HK,20260624,4.76,3955000.0,18910765.0
00591.HK,20260624,0.235,787271.0,179081.62
00389.HK,20260624,0.204,2857.0,562.86
01777.HK,20260624,0.059,174000.0,9435.0
01988.HK,20260624,3.27,21487446.0,70373310.84
01928.HK,20260624,13.26,17196263.0,228381321.32
00465.HK,20260624,3.91,266000.0,1043800.0
00073.HK,20260624,2.0,98.0,192.08
08238.HK,20260624,0.145,168080.0,24746.4
01027.HK,20260624,2.99,143200.0,412699.0
08093.HK,20260624,2.77,38000.0,105260.0
03606.HK,20260624,49.42,3354665.0,165483052.0
01559.HK,20260624,0.042,1230000.0,53560.0
01776.HK,20260624,17.07,15211401.0,262821724.27
01500.HK,20260624,0.249,25000.0,6255.0
01695.HK,20260624,0.078,5900000.0,471290.0
06885.HK,20260624,0.65,223000.0,143090.0
01552.HK,20260624,0.243,155000.0,37525.0
01712.HK,20260624,4.86,2188000.0,10695960.0
01671.HK,20260624,0.78,62000.0,48280.0
08495.HK,20260624,0.242,24000.0,5808.0
02225.HK,20260624,3.7,4285000.0,15874750.0
08635.HK,20260624,0.3,276000.0,83660.0
02552.HK,20260624,2.11,1148000.0,2398655.0
02189.HK,20260624,0.46,746094.0,339742.3
00623.HK,20260624,1.9,92000.0,174590.0
00880.HK,20260624,1.5,18413750.0,27772742.5
00887.HK,20260624,0.25,2120000.0,526030.0
06882.HK,20260624,0.45,62000.0,27630.0
01317.HK,20260624,0.172,180000.0,30608.0
01478.HK,20260624,7.69,5927000.0,45439445.0
01022.HK,20260624,0.4,544500.0,217755.0
06869.HK,20260624,261.2,22363188.0,5876028743.29
01480.HK,20260624,1.35,1832000.0,2433240.0
01693.HK,20260624,6.95,8000.0,55080.0
08395.HK,20260624,1.19,500000.0,599600.0
02269.HK,20260624,32.44,38049319.0,1243013195.49
01742.HK,20260624,0.175,165000.0,28535.0
03830.HK,20260624,0.185,505000.0,96035.0
02293.HK,20260624,0.39,24000.0,9540.0
01112.HK,20260624,10.42,1540500.0,16108914.5
03618.HK,20260624,6.08,11040983.0,67710988.0
01798.HK,20260624,1.29,5951000.0,7726775.0
00327.HK,20260624,3.21,1348000.0,4334676.0
01157.HK,20260624,7.51,4755800.0,35774898.6
01085.HK,20260624,1.79,248000.0,447880.0
06839.HK,20260624,0.088,13000.0,1123.0
01301.HK,20260624,0.335,324000.0,106170.0
06886.HK,20260624,16.86,10644686.0,180208862.9
01547.HK,20260624,0.204,80000.0,15856.0
08320.HK,20260624,0.09,740000.0,63200.0
02113.HK,20260624,0.12,110000.0,12650.0
01575.HK,20260624,0.039,60000.0,2280.0
08341.HK,20260624,0.152,5000.0,750.0
01667.HK,20260624,0.305,10000.0,3050.0
03320.HK,20260624,4.44,5800629.0,25877790.47
06066.HK,20260624,12.03,14907500.0,181667423.0
01610.HK,20260624,0.97,15354000.0,14939845.0
01272.HK,20260624,1.08,100000.0,108570.0
01357.HK,20260624,3.8,132530869.0,509326808.89
01633.HK,20260624,0.38,1662000.0,643470.0
01660.HK,20260624,0.239,568000.0,139032.0
01679.HK,20260624,1.79,488000.0,870800.0
03686.HK,20260624,0.69,980000.0,676200.0
08321.HK,20260624,1.78,50000.0,89100.0
01596.HK,20260624,0.39,1154000.0,423235.0
08062.HK,20260624,0.242,70000.0,16240.0
01637.HK,20260624,0.445,2000.0,890.0
06113.HK,20260624,1.59,16000.0,25540.0
01985.HK,20260624,3.03,990000.0,2948340.0
01627.HK,20260624,0.53,84000.0,43680.0
03768.HK,20260624,0.53,9000.0,4690.0
01458.HK,20260624,1.21,1242000.0,1523055.0
03789.HK,20260624,0.187,164000.0,29624.0
08417.HK,20260624,0.025,1440000.0,36020.0
08073.HK,20260624,0.285,212000.0,60820.0
01536.HK,20260624,0.23,660000.0,156972.0
01635.HK,20260624,2.35,10239000.0,24042570.0
08036.HK,20260624,0.039,10000.0,390.0
01257.HK,20260624,0.77,297000.0,226640.0
08347.HK,20260624,0.125,88800.0,10308.0
08439.HK,20260624,1.22,220000.0,258000.0
08160.HK,20260624,0.62,2004000.0,1342680.0
01608.HK,20260624,0.076,6865000.0,551312.0
01581.HK,20260624,0.255,1800000.0,462500.0
08411.HK,20260624,0.106,290000.0,30920.0
08221.HK,20260624,2.37,284200.0,617538.0
01647.HK,20260624,0.052,335000.0,17280.0
03848.HK,20260624,11.2,87000.0,974400.0
03689.HK,20260624,1.6,43800.0,69178.0
08370.HK,20260624,6.1,20800.0,126312.0
08308.HK,20260624,0.051,252000.0,12620.0
06169.HK,20260624,0.345,982000.0,336670.0
08283.HK,20260624,0.26,1290000.0,357050.0
08291.HK,20260624,0.225,80000.0,19650.0
03395.HK,20260624,0.199,184000.0,35911.0
08365.HK,20260624,1.21,1710000.0,2048000.0
01655.HK,20260624,0.166,8045000.0,1350820.0
03306.HK,20260624,17.5,2874695.0,49797455.4
02017.HK,20260624,0.24,4000.0,960.0
01611.HK,20260624,1.91,534500.0,1018950.0
08188.HK,20260624,1.21,828000.0,1008520.0
01572.HK,20260624,0.085,412000.0,34196.0
02281.HK,20260624,0.7,18000.0,12090.0
01617.HK,20260624,0.57,6000000.0,3497120.0
02363.HK,20260624,0.34,25.0,7.25
08412.HK,20260624,0.27,10000.0,2700.0
08460.HK,20260624,0.91,7524400.0,5377566.0
08013.HK,20260624,0.059,60000.0,3380.0
00928.HK,20260624,0.082,2740000.0,224760.0
00929.HK,20260624,0.6,1935000.0,1140850.0
00931.HK,20260624,0.27,3153000.0,853939.0
00934.HK,20260624,3.68,1378000.0,5073020.0
00938.HK,20260624,0.41,808000.0,331240.0
00941.HK,20260624,78.05,15870577.0,1235250723.25
00943.HK,20260624,0.16,96000.0,15360.0
00945.HK,20260624,314.4,1942.0,609286.8
00966.HK,20260624,19.2,8363251.0,162615489.88
00969.HK,20260624,0.085,376000.0,32216.0
00978.HK,20260624,0.244,412000.0,99268.0
00979.HK,20260624,0.37,1688000.0,668060.0
00981.HK,20260624,84.8,218098916.0,18241345080.4
00983.HK,20260624,0.3,34000.0,10190.0
00984.HK,20260624,0.228,8000.0,1824.0
00986.HK,20260624,0.295,80120.0,23730.6
00987.HK,20260624,0.179,3764406.0,677621.05
00989.HK,20260624,0.92,606500.0,558590.0
00990.HK,20260624,0.6,58420000.0,36261400.0
00991.HK,20260624,2.59,50702323.0,131654643.02
00992.HK,20260624,22.92,93908593.0,2163857233.0
00993.HK,20260624,0.087,922000.0,77316.0
00995.HK,20260624,15.91,1833084.0,29639121.08
00997.HK,20260624,0.018,16000.0,296.0
01000.HK,20260624,0.49,4500.0,2680.0
01001.HK,20260624,0.445,22000.0,9630.0
01002.HK,20260624,0.052,1996000.0,111776.0
01003.HK,20260624,0.206,450000.0,90500.0
01004.HK,20260624,0.17,100100.0,16254.6
01010.HK,20260624,0.07,184000.0,12880.0
01033.HK,20260624,0.58,71643835.0,42086595.84
01036.HK,20260624,1.64,181000.0,298700.0
01037.HK,20260624,0.455,428000.0,195430.0
01038.HK,20260624,59.15,1454130.0,85732881.8
01044.HK,20260624,21.82,5087042.0,111021866.06
01045.HK,20260624,2.29,2244250.0,5173500.0
01046.HK,20260624,0.36,10.0,3.85
01049.HK,20260624,0.96,244000.0,245460.0
01050.HK,20260624,2.59,10632000.0,26795260.0
01051.HK,20260624,8.2,43000.0,354510.0
01052.HK,20260624,3.59,918000.0,3299740.0
01053.HK,20260624,0.93,7206000.0,6801040.0
01055.HK,20260624,3.47,18485244.0,64149409.4
01058.HK,20260624,0.395,2000.0,790.0
01059.HK,20260624,0.37,9000.0,3330.0
01060.HK,20260624,0.495,113925614.0,57082038.58
01063.HK,20260624,0.062,5270000.0,347900.0
01065.HK,20260624,3.82,150000.0,575820.0
01070.HK,20260624,13.1,10763019.0,140975112.48
01071.HK,20260624,3.89,17313659.0,68209513.51
01072.HK,20260624,23.34,11318920.0,264265520.18
01073.HK,20260624,0.101,160000.0,16160.0
01093.HK,20260624,6.79,102874935.0,700457327.15
01094.HK,20260624,0.28,64000.0,17920.0
01097.HK,20260624,0.069,178798422.0,13254560.64
01100.HK,20260624,1.49,10000.0,14840.0
01104.HK,20260624,1.43,4160002.0,5952802.8
01105.HK,20260624,0.175,376000.0,65798.0
01108.HK,20260624,2.58,8328000.0,21900740.0
01109.HK,20260624,30.8,17314559.0,532496360.17
01114.HK,20260624,1.98,24906085.0,49574719.15
01122.HK,20260624,0.73,383000.0,285980.0
01123.HK,20260624,0.11,1636000.0,179524.0
01124.HK,20260624,0.121,1520000.0,183530.0
01125.HK,20260624,0.72,5241.0,3719.88
01126.HK,20260624,6.45,310500.0,2003105.0
01130.HK,20260624,0.63,389600.0,245960.0
01132.HK,20260624,0.066,1370000.0,88620.0
01133.HK,20260624,16.2,5191969.0,83117639.86
01137.HK,20260624,1.1,718358.0,778062.32
01138.HK,20260624,19.38,53158270.0,1017100744.58
01140.HK,20260624,0.128,102560000.0,13169236.0
01141.HK,20260624,3.31,10599750.0,34641027.5
01142.HK,20260624,0.078,3367500.0,256079.0
01159.HK,20260624,2.62,58000.0,160800.0
01160.HK,20260624,0.27,400000.0,103500.0
01164.HK,20260624,2.71,25067750.0,67749407.5
01166.HK,20260624,0.172,3.0,0.482
01168.HK,20260624,2.99,208375.0,608461.25
01170.HK,20260624,0.46,180000.0,82800.0
01171.HK,20260624,12.23,52687433.0,635088866.28
01172.HK,20260624,0.02,200000.0,4000.0
01173.HK,20260624,0.026,160000.0,4020.0
01176.HK,20260624,0.015,1192000.0,16846.0
01177.HK,20260624,4.41,103065576.0,459575019.19
01180.HK,20260624,0.71,232000.0,164320.0
01182.HK,20260624,0.92,117500.0,106725.0
01184.HK,20260624,6.6,82000.0,543120.0
01193.HK,20260624,15.19,3733299.0,56664047.39
01196.HK,20260624,11.13,1220130.0,13366951.3
01198.HK,20260624,0.092,4000.0,368.0
01199.HK,20260624,4.63,4126291.0,18944750.05
01200.HK,20260624,2.4,2022000.0,4763480.0
01201.HK,20260624,2.44,531000.0,1306500.0
01202.HK,20260624,1.45,946000.0,1381600.0
01203.HK,20260624,0.67,255000.0,168350.0
01205.HK,20260624,0.48,6530000.0,3156660.0
01208.HK,20260624,7.48,67414432.0,505324705.08
01211.HK,20260624,75.95,27127739.0,2048525018.68
01213.HK,20260624,0.43,10000.0,4300.0
01215.HK,20260624,0.021,322500.0,6597.5
01217.HK,20260624,0.011,1400000.0,15400.0
01221.HK,20260624,1.54,8286.0,12749.0
01222.HK,20260624,0.021,52093693.0,1139953.1
01223.HK,20260624,1.28,2040000.0,2594200.0
01224.HK,20260624,1.21,22000.0,26620.0
01226.HK,20260624,0.9,21920.0,19551.2
01229.HK,20260624,0.153,276000.0,42412.0
02038.HK,20260624,22.8,711383.0,16206729.72
02302.HK,20260624,4.45,782000.0,3427320.0
02309.HK,20260624,2.23,3592000.0,8160060.0
02310.HK,20260624,0.144,2000.0,288.0
00001.HK,20260624,67.75,8073366.0,544649862.2
00002.HK,20260624,74.35,3561900.0,263887569.5
00003.HK,20260624,6.72,25814133.0,173401776.62
00004.HK,20260624,18.54,1027840.0,19005516.1
00005.HK,20260624,148.2,10676159.0,1590095199.9
00006.HK,20260624,58.2,3338094.0,193587543.75
00008.HK,20260624,5.43,7673205.0,41555699.63
00010.HK,20260624,12.97,826003.0,10696744.0
00012.HK,20260624,25.32,8002066.0,201371986.48
00014.HK,20260624,16.73,1500010.0,25071181.5
00016.HK,20260624,113.7,6572772.0,743394633.4
00017.HK,20260624,6.8,6416876.0,43870963.91
00018.HK,20260624,0.26,292000.0,75010.0
00019.HK,20260624,81.45,1065429.0,86461209.1
00022.HK,20260624,0.043,14680000.0,627000.0
00023.HK,20260624,12.9,794022.0,10210074.78
00025.HK,20260624,4.18,400.0,1646.0
00027.HK,20260624,30.02,16219366.0,484112220.1
00028.HK,20260624,3.6,20000.0,72530.0
00029.HK,20260624,10.46,92000.0,912220.0
00030.HK,20260624,0.245,5834000.0,1390512.0
00031.HK,20260624,0.64,7502000.0,4848940.0
00032.HK,20260624,7.79,388.0,2968.2
00034.HK,20260624,4.64,83000.0,386440.0
00035.HK,20260624,0.68,118783.0,79691.12
00037.HK,20260624,0.49,156000.0,75680.0
00038.HK,20260624,6.58,6027860.0,39840507.04
00040.HK,20260624,0.72,221000.0,156660.0
00041.HK,20260624,15.06,276673.0,4148935.27
00042.HK,20260624,0.275,18000.0,4950.0
00045.HK,20260624,5.19,83500.0,436240.0
00050.HK,20260624,4.73,92000.0,434980.0
00051.HK,20260624,4.4,11000.0,48310.0
00052.HK,20260624,4.45,173500.0,754655.0
00053.HK,20260624,68.3,8500.0,581800.0
00055.HK,20260624,0.138,530000.0,72680.0
00057.HK,20260624,1.62,102000.0,166180.0
00058.HK,20260624,0.237,263000.0,63584.0
00061.HK,20260624,0.053,5.0,0.2
00062.HK,20260624,9.27,46800.0,433504.0
00064.HK,20260624,3.32,96875.0,314510.0
00066.HK,20260624,31.02,5827248.0,180808811.69
00069.HK,20260624,4.08,282000.0,1140540.0
00071.HK,20260624,9.91,22000.0,217330.0
00076.HK,20260624,0.141,300.0,39.6
00078.HK,20260624,0.425,74000.0,32440.0
00079.HK,20260624,0.099,460000.0,46180.0
00081.HK,20260624,2.25,4346000.0,9802750.0
00082.HK,20260624,0.079,3266000.0,248082.0
00083.HK,20260624,10.56,8254708.0,86619597.32
00084.HK,20260624,0.08,6535000.0,465770.0
00085.HK,20260624,1.06,1125332.0,1206489.24
00086.HK,20260624,4.03,637000.0,2523170.0
00087.HK,20260624,12.81,979000.0,12668285.0
00088.HK,20260624,3.52,235000.0,825620.0
00094.HK,20260624,0.058,160000.0,9440.0
00097.HK,20260624,0.153,311994.0,46806.107
00101.HK,20260624,7.23,5780528.0,41673499.36
00103.HK,20260624,1.99,151000.0,291050.0
00104.HK,20260624,0.233,1345000.0,314755.0
00105.HK,20260624,5.22,6000.0,31320.0
00107.HK,20260624,4.4,1721622.0,7602084.48
00108.HK,20260624,2.11,1920000.0,4007662.0
00111.HK,20260624,0.65,40000.0,25920.0
00113.HK,20260624,6.08,161000.0,976445.0
00114.HK,20260624,0.65,345000.0,211900.0
00115.HK,20260624,6.81,4000.0,27720.0
00116.HK,20260624,9.82,1020230.0,10093748.8
00118.HK,20260624,0.215,310000.0,67122.0
00119.HK,20260624,1.61,13178000.0,21230875.0
00120.HK,20260624,0.055,372000.0,20460.0
00123.HK,20260624,3.47,12397434.0,42992440.82
00124.HK,20260624,0.211,280418.0,59553.858
00127.HK,20260624,1.08,128000.0,139460.0
00128.HK,20260624,0.54,1476000.0,786600.0
00129.HK,20260624,0.173,552150.0,99423.968
00130.HK,20260624,0.19,88000.0,16720.0
00131.HK,20260624,1.37,292000.0,399190.0
00132.HK,20260624,0.182,35000.0,6370.0
00133.HK,20260624,19.0,198000.0,3751380.0
00135.HK,20260624,6.63,13239218.0,88220299.95
00136.HK,20260624,1.41,66459223.0,92437239.97
00139.HK,20260624,0.119,1310684.0,159143.792
00142.HK,20260624,4.9,6673250.0,32525812.0
00144.HK,20260624,12.88,2420942.0,30958160.74
00145.HK,20260624,0.176,384000.0,64096.0
00147.HK,20260624,0.061,4525000.0,277435.0
00148.HK,20260624,126.8,60534685.0,7769532287.9
00149.HK,20260624,0.065,4156120.0,262840.65
00152.HK,20260624,5.74,9463395.0,53414017.91
00156.HK,20260624,0.96,150000.0,141160.0
00157.HK,20260624,0.43,10000.0,4300.0
00159.HK,20260624,0.076,918960.0,62324.4
00160.HK,20260624,0.8,186000.0,151540.0
00162.HK,20260624,0.045,100000.0,4428.0
00165.HK,20260624,5.55,7031428.0,40024531.1
00166.HK,20260624,0.032,1944000.0,60770.0
00168.HK,20260624,45.6,3421239.0,155854422.4
00169.HK,20260624,0.113,157000.0,17985.0
00171.HK,20260624,0.036,526000.0,17990.0
00173.HK,20260624,2.02,1154000.0,2335120.0
00175.HK,20260624,17.56,31067358.0,544307588.82
00177.HK,20260624,9.68,4783000.0,46182160.0
00178.HK,20260624,0.83,2022000.0,1680240.0
00179.HK,20260624,23.02,6209542.0,143467783.66
00180.HK,20260624,0.188,324000.0,58218.0
00182.HK,20260624,0.43,19410000.0,8394350.0
00184.HK,20260624,2.3,20000.0,46880.0
00186.HK,20260624,0.156,90000.0,14040.0
00187.HK,20260624,3.17,8064000.0,26786900.0
00193.HK,20260624,0.202,42000.0,8367.0
00194.HK,20260624,4.27,2000.0,8540.0
02312.HK,20260624,0.375,250000.0,89000.0
02314.HK,20260624,2.94,7058000.0,20524420.0
02317.HK,20260624,0.72,48000.0,34560.0
02318.HK,20260624,52.85,38675933.0,2043403875.69
02319.HK,20260624,16.18,26219522.0,424904941.98
02322.HK,20260624,0.09,3896000.0,341728.0
02324.HK,20260624,0.107,2570000.0,270020.0
02326.HK,20260624,0.01,200000.0,2000.0
02327.HK,20260624,0.25,162000.0,40860.0
02328.HK,20260624,14.58,56974158.0,835995651.48
02330.HK,20260624,0.29,24000.0,7080.0
02331.HK,20260624,14.91,26822861.0,398500147.97
02333.HK,20260624,9.6,16744048.0,159921912.92
02336.HK,20260624,0.165,41000.0,6703.0
02338.HK,20260624,37.8,12241065.0,466706819.03
02339.HK,20260624,6.19,3238000.0,19783480.0
02342.HK,20260624,1.02,14595820.0,14852753.6
02343.HK,20260624,2.89,18706290.0,53842689.6
02348.HK,20260624,1.02,35000.0,35540.0
02355.HK,20260624,3.45,80000.0,273720.0
02356.HK,20260624,12.19,836432.0,10141995.04
02357.HK,20260624,2.87,17175000.0,49281355.0
02358.HK,20260624,0.012,1940000.0,23280.0
02368.HK,20260624,2.75,68000.0,187080.0
02369.HK,20260624,0.75,831740.0,623139.6
02371.HK,20260624,0.197,112000.0,19680.0
02380.HK,20260624,2.83,40274064.0,113714203.84
02383.HK,20260624,0.385,60000.0,22500.0
02388.HK,20260624,46.52,21371928.0,993709847.16
02389.HK,20260624,0.078,744000.0,56544.0
02600.HK,20260624,8.04,66222913.0,531956164.48
02628.HK,20260624,28.32,46680956.0,1325436409.94
02668.HK,20260624,0.35,10160000.0,3528850.0
02678.HK,20260624,5.97,344000.0,2032605.0
02688.HK,20260624,41.98,5366414.0,227070008.92
02866.HK,20260624,0.91,12906000.0,11731220.0
02877.HK,20260624,7.67,804000.0,6184641.0
02878.HK,20260624,0.34,5030000.0,1649420.0
02882.HK,20260624,0.395,17700.0,6887.5
02883.HK,20260624,6.6,9356143.0,61661811.63
02888.HK,20260624,212.4,1231372.0,263737900.1
02899.HK,20260624,29.44,43123592.0,1269241933.5
02008.HK,20260624,1.4,27000.0,37940.0
08003.HK,20260624,0.074,960000.0,72204.0
08005.HK,20260624,0.072,140000.0,9728.0
08006.HK,20260624,0.104,262.0,22.831
08007.HK,20260624,0.47,3408350.0,1571306.5
01079.HK,20260624,0.255,632000.0,158664.0
08021.HK,20260624,0.175,410000.0,72580.0
08028.HK,20260624,0.125,80000.0,9800.0
02886.HK,20260624,1.05,86000.0,90640.0
08041.HK,20260624,0.58,625000.0,359100.0
00827.HK,20260624,0.042,16592000.0,669408.0
08049.HK,20260624,2.42,16000.0,38200.0
08050.HK,20260624,1.39,170000.0,236980.0
00831.HK,20260624,0.34,1344000.0,457070.0
08060.HK,20260624,0.095,744.0,61.752
08066.HK,20260624,0.295,35000.0,9750.0
00436.HK,20260624,0.053,1100000.0,58040.0
01666.HK,20260624,3.19,1382000.0,4505410.0
03633.HK,20260624,2.7,3624000.0,9706660.0
08071.HK,20260624,0.01,1480000.0,14800.0
00550.HK,20260624,0.91,1190000.0,1075640.0
08076.HK,20260624,0.024,35000.0,805.0
08079.HK,20260624,0.8,225000.0,164950.0
08080.HK,20260624,0.485,29600.0,14068.0
08081.HK,20260624,0.013,5439120.0,69781.2
08082.HK,20260624,0.02,9010000.0,184100.0
08095.HK,20260624,0.8,1793000.0,1407090.0
00821.HK,20260624,0.325,1932400.0,610220.0
01385.HK,20260624,28.1,4115000.0,115937620.0
08103.HK,20260624,0.146,82550.0,14582.15
08106.HK,20260624,0.26,10000.0,2600.0
00865.HK,20260624,0.06,24000.0,1464.0
08115.HK,20260624,9.9,32000.0,317760.0
01009.HK,20260624,1.45,70000.0,101900.0
08120.HK,20260624,2.21,157000.0,350520.0
00510.HK,20260624,0.61,109429.0,64452.69
08123.HK,20260624,0.27,16209300.0,4957259.6
08131.HK,20260624,0.131,14400000.0,1849170.0
01083.HK,20260624,3.06,2274000.0,7022540.0
00268.HK,20260624,6.12,38723507.0,243055445.33
00183.HK,20260624,0.14,12000.0,1628.0
08137.HK,20260624,0.56,4096000.0,2221240.0
03886.HK,20260624,0.229,1061500.0,231818.0
00596.HK,20260624,2.41,3562000.0,8758300.0
08143.HK,20260624,0.057,30000.0,1650.0
01061.HK,20260624,2.7,392000.0,1031290.0
08153.HK,20260624,0.72,11575.0,8302.5
01075.HK,20260624,2.1,188000.0,366540.0
08158.HK,20260624,0.32,15500.0,4725.0
08159.HK,20260624,0.039,175000.0,6840.0
01371.HK,20260624,0.142,189500.0,27252.5
08163.HK,20260624,0.039,40000.0,1540.0
08173.HK,20260624,0.109,3.0,0.276
08176.HK,20260624,0.024,30000.0,720.0
08178.HK,20260624,0.178,194000.0,35470.0
01102.HK,20260624,0.067,27252500.0,1909287.5
08186.HK,20260624,0.87,35000.0,30450.0
08189.HK,20260624,0.138,110000.0,14560.0
02488.HK,20260624,7.0,339000.0,2347910.0
08198.HK,20260624,1.08,353200.0,379304.0
01066.HK,20260624,3.15,16497374.0,52113356.38
08200.HK,20260624,0.79,20003.0,15242.13
00954.HK,20260624,0.31,72000.0,23340.0
00354.HK,20260624,3.05,24747137.0,75818227.85
08220.HK,20260624,4.55,232000.0,1017740.0
00950.HK,20260624,1.04,1184000.0,1258595.0
00775.HK,20260624,0.61,2580164.0,1552553.48
08226.HK,20260624,0.099,15000.0,1500.0
08227.HK,20260624,0.31,68000.0,20030.0
00895.HK,20260624,1.91,76089186.0,158500907.26
01349.HK,20260624,2.38,4537000.0,11047775.0
08239.HK,20260624,19.39,7540.0,144428.6
08250.HK,20260624,0.125,10000.0,1250.0
02218.HK,20260624,23.44,1472000.0,35120985.0
00568.HK,20260624,4.21,17022400.0,72233748.0
08271.HK,20260624,0.091,76000.0,7050.0
08279.HK,20260624,0.71,4072000.0,2858920.0
08286.HK,20260624,0.139,5000.0,695.0
01265.HK,20260624,0.156,110000.0,16960.0
08299.HK,20260624,0.28,11760000.0,3242280.0
08317.HK,20260624,0.065,218000.0,12552.0
03300.HK,20260624,0.39,2128000.0,820570.0
01088.HK,20260624,41.9,11563654.0,483126379.55
02018.HK,20260624,46.46,6214536.0,287485888.15
00423.HK,20260624,0.68,170000.0,116000.0
00833.HK,20260624,1.04,2492171.0,2603654.42
02777.HK,20260624,0.227,706800.0,160722.0
02728.HK,20260624,0.02,12000.0,240.0
02727.HK,20260624,3.51,22206000.0,78540830.0
03311.HK,20260624,7.26,7817060.0,55958262.2
02000.HK,20260624,0.29,46000.0,13160.0
01919.HK,20260624,13.28,14464918.0,191782953.25
03328.HK,20260624,7.1,39157326.0,279321970.61
00464.HK,20260624,0.82,364000.0,294160.0
00482.HK,20260624,0.62,10375.0,6413.75
00838.HK,20260624,0.89,3058000.0,2685880.0
02028.HK,20260624,0.97,7070000.0,6309960.0
00426.HK,20260624,0.129,234000.0,30778.0
00471.HK,20260624,0.161,164001.0,25980.148
01068.HK,20260624,0.081,151000.0,13074.0
03389.HK,20260624,0.223,2108000.0,463516.0
00164.HK,20260624,0.5,210000.0,105250.0
00603.HK,20260624,0.137,1194000.0,165720.0
00096.HK,20260624,0.49,32000.0,15680.0
00776.HK,20260624,0.55,2038000.0,1132890.0
03899.HK,20260624,7.66,3429401.0,26021118.92
00496.HK,20260624,0.205,27000.0,5408.0
00197.HK,20260624,0.31,3325424.0,1030785.24
00199.HK,20260624,2.45,10268424.0,24795882.7
00200.HK,20260624,3.24,2933158.0,9455124.12
00201.HK,20260624,0.068,312000.0,20806.0
00202.HK,20260624,0.06,65000.0,3895.0
00204.HK,20260624,0.175,900000.0,161110.0
00205.HK,20260624,0.69,460000.0,309100.0
00209.HK,20260624,0.55,74874000.0,41220200.0
00210.HK,20260624,0.35,678000.0,237510.0
00211.HK,20260624,0.235,40000.0,9500.0
00213.HK,20260624,0.365,54167.0,19763.44
00217.HK,20260624,0.125,740000.0,94068.0
00218.HK,20260624,0.94,880000.0,816700.0
00222.HK,20260624,2.8,44000.0,122060.0
00223.HK,20260624,0.109,460000.0,50140.0
00225.HK,20260624,5.3,10000.0,53000.0
00227.HK,20260624,0.178,280000.0,46400.0
00228.HK,20260624,1.32,30000.0,39600.0
00229.HK,20260624,0.81,80000.0,64700.0
00232.HK,20260624,0.395,33985000.0,13365155.0
00234.HK,20260624,0.03,144000.0,4248.0
00235.HK,20260624,0.021,3825000.0,78600.0
00236.HK,20260624,1.2,14000.0,16680.0
00240.HK,20260624,1.37,800000.0,1106100.0
00241.HK,20260624,3.26,66616327.0,217503178.73
00242.HK,20260624,0.54,1310000.0,698740.0
00243.HK,20260624,0.475,936000.0,469710.0
00244.HK,20260624,0.28,160000.0,44735.0
00245.HK,20260624,1.14,120153.0,132062.18
00247.HK,20260624,19.35,200.0,3620.0
00254.HK,20260624,1.11,85261569.0,94043053.59
00255.HK,20260624,1.41,96000.0,135500.0
00256.HK,20260624,0.064,1464000.0,94266.0
00257.HK,20260624,4.73,8048920.0,38374004.8
00258.HK,20260624,2.01,1238000.0,2510060.0
00259.HK,20260624,4.77,1572000.0,7704920.0
00261.HK,20260624,0.183,508560.0,91684.8
00264.HK,20260624,2.15,6588000.0,14028720.0
00266.HK,20260624,1.88,20000.0,37600.0
00267.HK,20260624,12.05,31420160.0,376764012.3
00270.HK,20260624,7.73,13284693.0,102249135.65
00271.HK,20260624,0.159,12000.0,1871.0
00276.HK,20260624,0.51,25250.0,13265.0
00279.HK,20260624,0.405,2676500.0,1106375.0
00280.HK,20260624,0.48,254000.0,120910.0
00289.HK,20260624,13.11,29000.0,384150.0
00290.HK,20260624,1.92,167472000.0,345137598.5
00291.HK,20260624,21.48,7065222.0,152203150.26
00293.HK,20260624,12.19,19148939.0,233621189.98
00295.HK,20260624,0.016,3700000.0,59000.0
00296.HK,20260624,0.194,100000.0,19035.0
00297.HK,20260624,1.29,51964000.0,66490624.0
00303.HK,20260624,52.55,691125.0,36406922.5
00305.HK,20260624,0.385,1458666.0,554019.76
00306.HK,20260624,2.73,74000.0,201740.0
00308.HK,20260624,1.05,9104047.0,9628547.94
00309.HK,20260624,0.95,10200.0,9291.0
00310.HK,20260624,0.134,390000.0,52770.0
00313.HK,20260624,0.049,3352000.0,159678.0
00315.HK,20260624,4.66,380600.0,1774934.0
00316.HK,20260624,121.1,767521.0,92481927.5
00317.HK,20260624,12.89,1402000.0,18010640.0
00318.HK,20260624,0.89,230000.0,203550.0
00321.HK,20260624,1.13,3676000.0,4110400.0
00322.HK,20260624,9.52,16355663.0,156955850.06
00323.HK,20260624,1.67,3602000.0,6002310.0
00326.HK,20260624,5.63,1316000.0,7449830.0
00328.HK,20260624,0.51,741000.0,376005.0
00329.HK,20260624,0.27,37500.0,9855.0
00330.HK,20260624,0.475,46175.0,21862.7
00332.HK,20260624,0.013,663000.0,8054.0
00336.HK,20260624,3.11,4089830.0,12851097.9
00338.HK,20260624,1.12,20694000.0,23312220.0
00339.HK,20260624,0.7,110000.0,80000.0
00340.HK,20260624,1.8,10128200.0,17926554.561
00341.HK,20260624,5.37,3388000.0,18128180.0
00343.HK,20260624,0.115,1350000.0,155340.0
00345.HK,20260624,6.35,3094000.0,19749980.0
00346.HK,20260624,0.265,95000.0,25175.0
00347.HK,20260624,1.15,4145783.0,4763476.11
00348.HK,20260624,0.069,350000.0,23510.0
00351.HK,20260624,0.36,1630000.0,572950.0
00355.HK,20260624,0.063,897600.0,57100.8
00356.HK,20260624,0.035,450000.0,15750.0
00357.HK,20260624,4.33,436000.0,1917530.0
00358.HK,20260624,34.82,18634155.0,649632293.362
00360.HK,20260624,0.04,1876000.0,75276.0
00361.HK,20260624,0.039,5980000.0,218660.0
00363.HK,20260624,12.48,905000.0,11271310.0
00365.HK,20260624,0.52,2520000.0,1284670.0
00366.HK,20260624,0.8,374000.0,299120.0
00370.HK,20260624,0.355,13026000.0,4526160.0
00371.HK,20260624,2.32,10810000.0,24874460.0
00373.HK,20260624,2.24,522740.0,1179155.4
00375.HK,20260624,1.13,70000.0,75410.0
00376.HK,20260624,1.65,4055000.0,6812630.0
00379.HK,20260624,0.068,2388000.0,153681.0
00381.HK,20260624,0.102,4580000.0,465100.0
00384.HK,20260624,5.74,15259199.0,87803411.48
00385.HK,20260624,0.27,136000.0,38730.0
00386.HK,20260624,4.15,144079852.0,596644914.17
00387.HK,20260624,0.87,64000.0,56560.0
00388.HK,20260624,371.2,6243182.0,2311508315.3
00391.HK,20260624,0.1,2360000.0,241520.0
00392.HK,20260624,27.54,1028380.0,28328591.2
00393.HK,20260624,1.32,100000.0,132080.0
00397.HK,20260624,0.04,287750.0,11492.5
00398.HK,20260624,3.3,602000.0,1982160.0
00408.HK,20260624,2.14,74000.0,160220.0
00412.HK,20260624,0.58,14054000.0,8262730.0
00413.HK,20260624,0.023,3920000.0,88136.0
00417.HK,20260624,0.71,506000.0,365280.0
00418.HK,20260624,0.65,38000.0,24860.0
00419.HK,20260624,0.415,746000.0,307335.0
00420.HK,20260624,0.66,154000.0,101080.0
00428.HK,20260624,0.228,396200.0,89331.0
00432.HK,20260624,0.234,354176.0,81536.449
00433.HK,20260624,0.07,24179000.0,1654241.0
00438.HK,20260624,1.3,19600.0,24854.0
00439.HK,20260624,0.57,66000.0,37040.0
00440.HK,20260624,38.38,168800.0,6447376.0
00451.HK,20260624,0.88,7076122.0,6116780.9
00455.HK,20260624,0.085,246000.0,20912.0
00456.HK,20260624,0.6,2000.0,1200.0
00458.HK,20260624,2.0,21000.0,41760.0
00467.HK,20260624,0.36,24178760.0,8673569.4
00472.HK,20260624,0.244,60000.0,14710.0
00476.HK,20260624,0.47,103800.0,47994.0
00480.HK,20260624,1.04,404248.0,420018.48
00485.HK,20260624,0.395,20000.0,7900.0
00488.HK,20260624,0.72,21600.0,15453.0
00491.HK,20260624,0.023,80000.0,1840.0
00493.HK,20260624,0.011,48330950.0,501633.975
00497.HK,20260624,0.195,20000.0,3900.0
00499.HK,20260624,0.183,10000.0,1824.0
00500.HK,20260624,0.055,142412.0,7763.892
00506.HK,20260624,3.14,2906000.0,9160746.0
00508.HK,20260624,0.39,155000.0,60500.0
00511.HK,20260624,2.32,163800.0,379304.0
00512.HK,20260624,4.73,5247496.0,24885377.3
00513.HK,20260624,0.108,360000.0,42490.0
00517.HK,20260624,5.3,2738000.0,14478170.0
00521.HK,20260624,0.248,2450000.0,600470.0
00522.HK,20260624,200.8,3932363.0,784364032.0
00524.HK,20260624,1.77,200000.0,344000.0
00525.HK,20260624,2.07,7350000.0,15088918.0
00526.HK,20260624,0.14,3714000.0,494604.0
00532.HK,20260624,0.51,1250000.0,642720.0
00533.HK,20260624,0.94,914000.0,824040.0
00535.HK,20260624,0.105,2252000.0,238904.0
00547.HK,20260624,0.217,499000.0,106866.0
00548.HK,20260624,6.46,768000.0,4925940.0
00551.HK,20260624,13.4,4173527.0,56120070.63
00553.HK,20260624,3.46,29355000.0,109350600.0
00554.HK,20260624,0.203,606000.0,121490.0
00560.HK,20260624,0.68,72000.0,48160.0
00563.HK,20260624,0.234,4459200.0,1053762.0
00565.HK,20260624,2.81,11740000.0,31840000.0
00567.HK,20260624,0.247,5320000.0,1347160.0
00570.HK,20260624,1.38,13470830.0,18909721.4
00572.HK,20260624,0.375,4608.0,1706.72
00575.HK,20260624,0.96,398005.0,388404.65
00576.HK,20260624,6.36,7349762.0,46602288.63
00581.HK,20260624,1.16,1624000.0,1883620.0
00582.HK,20260624,0.037,66000.0,2394.0
00585.HK,20260624,6.65,5914600.0,34970932.5
00588.HK,20260624,0.75,5282000.0,4010220.0
00590.HK,20260624,21.18,1505000.0,31848240.0
00595.HK,20260624,0.87,2446000.0,2003860.0
00598.HK,20260624,4.01,5843465.0,23346611.4
00601.HK,20260624,0.063,623750.0,39813.75
00604.HK,20260624,0.66,6248743.0,4119640.66
00605.HK,20260624,0.81,24000.0,19440.0
00607.HK,20260624,0.57,168100.0,96336.0
00610.HK,20260624,0.87,610000.0,528300.0
00611.HK,20260624,0.48,1130000.0,542400.0
00613.HK,20260624,3.02,868000.0,2617700.0
00616.HK,20260624,0.19,285000.0,54425.0
00617.HK,20260624,0.169,156250.0,26628.0
00618.HK,20260624,0.44,1112000.0,477320.0
00620.HK,20260624,0.31,1000400.0,282640.0
00621.HK,20260624,0.53,6620000.0,3523550.0
00622.HK,20260624,2.16,12385085.0,26761049.1
00626.HK,20260624,1.37,184000.0,249500.0
00627.HK,20260624,0.62,20000.0,12400.0
00628.HK,20260624,0.34,43784000.0,14795290.0
00629.HK,20260624,0.27,158000.0,43785.0
00630.HK,20260624,0.216,30000.0,6480.0
00632.HK,20260624,0.26,21694000.0,5643680.0
00635.HK,20260624,0.48,2000.0,960.0
00639.HK,20260624,2.33,11354000.0,26027492.0
00643.HK,20260624,0.185,410000.0,75950.0
00645.HK,20260624,0.173,122000.0,20836.0
00648.HK,20260624,5.85,8983324.0,51529580.05
00650.HK,20260624,0.305,15042000.0,4598480.0
00653.HK,20260624,0.019,14640000.0,266976.0
00655.HK,20260624,0.415,442000.0,183850.0
00657.HK,20260624,0.033,40000.0,1320.0
00659.HK,20260624,7.89,820654.0,6477103.58
00661.HK,20260624,0.098,6508000.0,638200.0
00669.HK,20260624,121.3,3663181.0,445220435.1
00670.HK,20260624,3.32,25510460.0,84757366.6
00674.HK,20260624,0.063,644000.0,39060.0
00675.HK,20260624,0.36,48000.0,16530.0
00677.HK,20260624,0.345,12000.0,4140.0
00679.HK,20260624,13.57,1597200.0,22810001.0
00681.HK,20260624,0.033,766000.0,24518.0
00682.HK,20260624,0.235,55000.0,12870.0
00683.HK,20260624,18.32,1189000.0,21700018.5
00685.HK,20260624,0.19,100000.0,18000.0
00686.HK,20260624,0.82,101800.0,86844.0
00687.HK,20260624,0.32,54000.0,17280.0
00688.HK,20260624,12.76,16260224.0,208414302.66
00689.HK,20260624,0.192,1218200.0,226940.8
00690.HK,20260624,0.082,920000.0,74900.0
00693.HK,20260624,1.65,69000.0,113220.0
00694.HK,20260624,1.52,4392200.0,6604378.0
00696.HK,20260624,8.39,4622150.0,38326666.5
00697.HK,20260624,1.62,37660000.0,60981520.0
00698.HK,20260624,2.0,59000.0,119884.0
00700.HK,20260624,428.8,39958288.0,17002715524.97
00701.HK,20260624,0.113,94000.0,10478.0
00709.HK,20260624,1.4,643835.0,898893.95
00710.HK,20260624,4.01,1844000.0,7486930.0
00711.HK,20260624,0.395,884000.0,339820.0
00716.HK,20260624,0.45,924000.0,416440.0
00718.HK,20260624,0.034,600000.0,20245.0
00719.HK,20260624,5.77,18646600.0,116367078.0
00720.HK,20260624,0.33,391570.0,125388.15
00721.HK,20260624,0.152,440000.0,68680.0
00725.HK,20260624,1.01,4000.0,4000.0
00727.HK,20260624,0.58,110000.0,59500.0
00728.HK,20260624,4.31,108204947.0,467181105.82
00730.HK,20260624,0.123,1392000.0,179419.0
00731.HK,20260624,0.41,380000.0,152700.0
00732.HK,20260624,0.89,1262000.0,1127240.0
00733.HK,20260624,0.195,6882.0,1315.17
00736.HK,20260624,0.227,255166.0,54307.374
00737.HK,20260624,1.89,36600.0,69170.0
00738.HK,20260624,0.249,1199000.0,315409.0
00745.HK,20260624,4.3,215460.0,861294.0
00746.HK,20260624,4.44,106000.0,474480.0
00747.HK,20260624,0.066,20000.0,1340.0
00751.HK,20260624,4.5,827681.0,3722534.02
00752.HK,20260624,2.24,342813.0,779277.38
00753.HK,20260624,4.33,33346830.0,145169700.2
00759.HK,20260624,0.234,292000.0,67218.0
00760.HK,20260624,0.155,152250.0,23606.25
00762.HK,20260624,6.57,38316416.0,252997374.6
00763.HK,20260624,23.96,17015753.0,407537210.32
00764.HK,20260624,0.295,1127.0,298.655
00767.HK,20260624,0.52,2640267.0,1304921.485
00768.HK,20260624,0.036,400000.0,14058.0
00770.HK,20260624,0.197,130000.0,25610.0
00771.HK,20260624,0.76,24000.0,18240.0
00809.HK,20260624,0.041,4026000.0,166522.0
00810.HK,20260624,0.076,162050.0,12561.15
00818.HK,20260624,0.42,444000.0,186000.0
00828.HK,20260624,0.199,176000.0,33740.0
00836.HK,20260624,18.3,32093095.0,586728679.9
00851.HK,20260624,0.175,20.0,3.0
00855.HK,20260624,4.5,2232000.0,10246420.0
00856.HK,20260624,9.05,5750200.0,51720472.0
00857.HK,20260624,8.95,64851702.0,579896163.86
00858.HK,20260624,0.059,2750000.0,170030.0
00859.HK,20260624,0.095,4000.0,354.0
00860.HK,20260624,0.6,69400.0,42188.0
00861.HK,20260624,1.88,232126.0,438000.58
00862.HK,20260624,1.67,1627000.0,3046450.0
00868.HK,20260624,8.59,16908200.0,144597079.9
00874.HK,20260624,14.54,596000.0,8744720.0
00875.HK,20260624,0.54,578500.0,309550.0
00876.HK,20260624,2.4,33200.0,80782.0
00878.HK,20260624,6.44,2000.0,12900.0
00882.HK,20260624,2.1,150000.0,316300.0
00883.HK,20260624,21.82,42066412.0,919706209.66
00889.HK,20260624,0.66,4210000.0,2806340.0
00894.HK,20260624,3.7,14035200.0,50605513.0
00896.HK,20260624,0.25,108354.0,26574.96
00897.HK,20260624,0.29,41302.0,11958.05
00898.HK,20260624,0.97,2000.0,1940.0
00899.HK,20260624,0.233,1217200.0,278680.0
00900.HK,20260624,8.19,100000.0,822080.0
00902.HK,20260624,5.75,78402341.0,453241800.22
00905.HK,20260624,0.167,96000.0,16032.0
00912.HK,20260624,1.05,156000.0,162280.0
00913.HK,20260624,0.138,682000.0,95652.5
00914.HK,20260624,17.04,5896331.0,100470682.86
00915.HK,20260624,0.049,494000.0,22739.0
00918.HK,20260624,1.08,4406570.0,4513302.9
00921.HK,20260624,24.64,1035000.0,25553110.0
00922.HK,20260624,0.112,580000.0,64710.0
00927.HK,20260624,0.5,4000.0,2040.0
